timestamp,timestamp_sample,device_id,x,y,z,temperature,error_count
3050899948,3050899020,396825,0.087878786,-0.028787877,0.52272725,nan,0
3051903082,3051902120,396825,0.093939394,-0.038636364,0.5477272,nan,0
3052905554,3052904602,396825,0.07954545,-0.045454543,0.5363636,nan,0
3053908170,3053907250,396825,0.074999996,-0.041666664,0.5121212,nan,0
3054910965,3054909982,396825,0.08484848,-0.034090906,0.5151515,nan,0
3055913350,3055912431,396825,0.09166666,-0.03333333,0.5340909,nan,0
3056894577,3056893658,396825,0.07727273,-0.029545454,0.5037879,nan,0
3057896845,3057895925,396825,0.09318182,-0.034090906,0.53484845,nan,0
3058899532,3058898612,396825,0.08863636,-0.040151514,0.5492424,nan,0
3059902484,3059901566,396825,0.074999996,-0.04090909,0.525,nan,0
3060905311,3060904384,396825,0.07575757,-0.04242424,0.5113636,nan,0
3061908457,3061907538,396825,0.086363636,-0.038636364,0.5325757,nan,0
3062910895,3062909948,396825,0.09015151,-0.03030303,0.5280303,nan,0
3063913549,3063912629,396825,0.09015151,-0.04090909,0.5507576,nan,0
3064895052,3064894120,396825,0.087878786,-0.029545454,0.5310606,nan,0
3065896922,3065896003,396825,0.08863636,-0.03333333,0.5568182,nan,0
3066899789,3066898837,396825,0.08560606,-0.046969697,0.5477272,nan,0
3067902782,3067901858,396825,0.07424242,-0.044696968,0.51969695,nan,0
3068905278,3068904358,396825,0.08030303,-0.03939394,0.5234848,nan,0
3069908071,3069907148,396825,0.092424236,-0.034090906,0.5265151,nan,0
3070910706,3070909787,396825,0.092424236,-0.041666664,0.5492424,nan,0
3071913409,3071912480,396825,0.0840909,-0.046969697,0.5363636,nan,0
3072916226,3072915307,396825,0.06666666,-0.048484847,0.5234848,nan,0
3073897304,3073896377,396825,0.087878786,-0.041666664,0.5492424,nan,0
3074899600,3074898681,396825,0.08333333,-0.04242424,0.5492424,nan,0
3075902302,3075901383,396825,0.07575757,-0.046212118,0.52272725,nan,0
3076904429,3076903509,396825,0.07727273,-0.03712121,0.51666665,nan,0
3077907456,3077906537,396825,0.090909086,-0.03712121,0.54090905,nan,0
3078909639,3078908717,396825,0.086363636,-0.034848485,0.5325757,nan,0
3079912040,3079911120,396825,0.08484848,-0.047727272,0.54393935,nan,0
3080893781,3080892862,396825,0.086363636,-0.031060604,0.54393935,nan,0
3081896387,3081895467,396825,0.08712121,-0.041666664,0.54393935,nan,0
3082899039,3082898120,396825,0.08863636,-0.044696968,0.5454545,nan,0
3083901910,3083900991,396825,0.08257575,-0.048484847,0.5507576,nan,0
3084904619,3084903700,396825,0.07424242,-0.046212118,0.5393939,nan,0
3085907535,3085906543,396825,0.07878788,-0.046212118,0.5325757,nan,0
3086909809,3086908890,396825,0.07878788,-0.043939393,0.525,nan,0
3087912275,3087911355,396825,0.070454545,-0.04090909,0.5310606,nan,0
3088914856,3088913937,396825,0.076515146,-0.043939393,0.5181818,nan,0
3089896347,3089895422,396825,0.08181818,-0.046969697,0.5363636,nan,0
3090898775,3090897856,396825,0.07575757,-0.053787876,0.5454545,nan,0
3091902181,3091901261,396825,0.074999996,-0.057575755,0.5477272,nan,0
3092904646,3092903683,396825,0.07424242,-0.045454543,0.51969695,nan,0
3093907657,3093906735,396825,0.068939395,-0.048484847,0.5234848,nan,0
3094910055,3094909128,396825,0.07272727,-0.043181818,0.5037879,nan,0
3095912494,3095911575,396825,0.073484845,-0.03560606,0.49545452,nan,0
3096915566,3096914648,396825,0.0810606,-0.034090906,0.5113636,nan,0
3097896858,3097895939,396825,0.073484845,-0.041666664,0.51969695,nan,0
3098899132,3098898212,396825,0.07575757,-0.044696968,0.5295454,nan,0
3099901847,3099900895,396825,0.07272727,-0.038636364,0.5121212,nan,0
3100904209,3100903289,396825,0.07424242,-0.038636364,0.5121212,nan,0
3101907577,3101906658,396825,0.089393936,-0.04242424,0.5507576,nan,0
3102909589,3102908669,396825,0.071969695,-0.043939393,0.5121212,nan,0
3103912302,3103911383,396825,0.08484848,-0.03712121,0.5083333,nan,0
3104915276,3104914357,396825,0.089393936,-0.04090909,0.56060606,nan,0
3105896683,3105895766,396825,0.08863636,-0.02651515,0.5325757,nan,0
3106899060,3106898138,396825,0.09469697,-0.038636364,0.55227274,nan,0
3107901896,3107900978,396825,0.09015151,-0.043939393,0.5462121,nan,0
3108904481,3108903562,396825,0.07272727,-0.04242424,0.5265151,nan,0
3109907832,3109906912,396825,0.076515146,-0.044696968,0.5234848,nan,0
3110910305,3110909370,396825,0.0810606,-0.037878785,0.51969695,nan,0
3111912706,3111911786,396825,0.087878786,-0.034090906,0.5265151,nan,0
3112894195,3112893276,396825,0.07424242,-0.040151514,0.5007576,nan,0
3113895735,3113894812,396825,0.07121212,-0.037878785,0.5280303,nan,0
3114897845,3114896921,396825,0.089393936,-0.029545454,0.51363635,nan,0
3115900885,3115899966,396825,0.09621212,-0.034848485,0.54090905,nan,0
3116903318,3116902400,396825,0.08712121,-0.041666664,0.54090905,nan,0
3117905524,3117904602,396825,0.07727273,-0.043939393,0.5234848,nan,0
3118907492,3118906573,396825,0.076515146,-0.04242424,0.5234848,nan,0
3119910115,3119909160,396825,0.087878786,-0.034090906,0.5212121,nan,0
3120913141,3120912222,396825,0.08181818,-0.03939394,0.5265151,nan,0
3121916045,3121915127,396825,0.08257575,-0.043939393,0.5325757,nan,0
3122897429,3122896510,396825,0.090909086,-0.037878785,0.5507576,nan,0
3123900380,3123899461,396825,0.0780303,-0.04090909,0.5181818,nan,0
3124901908,3124900989,396825,0.09318182,-0.03939394,0.5424242,nan,0
3125904610,3125903691,396825,0.09015151,-0.043181818,0.53787875,nan,0
3126907202,3126906284,396825,0.07272727,-0.046969697,0.52272725,nan,0
3127909488,3127908566,396825,0.07424242,-0.037878785,0.5068182,nan,0
3128912301,3128911382,396825,0.089393936,-0.03030303,0.5151515,nan,0
3129914801,3129913875,396825,0.09166666,-0.037878785,0.5462121,nan,0
3130896143,3130895224,396825,0.090909086,-0.041666664,0.5537879,nan,0
3131898841,3131897922,396825,0.0810606,-0.045454543,0.5424242,nan,0
3132901070,3132900148,396825,0.06969697,-0.043181818,0.5068182,nan,0
3133904174,3133903255,396825,0.087878786,-0.03181818,0.5212121,nan,0
3134907064,3134906143,396825,0.090909086,-0.038636364,0.5492424,nan,0
3135909903,3135908984,396825,0.076515146,-0.050757576,0.53787875,nan,0
3136912573,3136911654,396825,0.0810606,-0.029545454,0.5098485,nan,0
3137893809,3137892889,396825,0.07727273,-0.034090906,0.5068182,nan,0
3138896205,3138895285,396825,0.087878786,-0.031060604,0.5454545,nan,0
3139899036,3139898117,396825,0.07954545,-0.04242424,0.5310606,nan,0
3140901306,3140900380,396825,0.07954545,-0.041666664,0.5212121,nan,0
3141904402,3141903482,396825,0.09469697,-0.032575756,0.5340909,nan,0
3142906954,3142906035,396825,0.07121212,-0.04242424,0.5325757,nan,0
3143908563,3143907614,396825,0.07272727,-0.041666664,0.51363635,nan,0
3144911037,3144910118,396825,0.092424236,-0.029545454,0.5310606,nan,0
3145913728,3145912809,396825,0.08560606,-0.03939394,0.53484845,nan,0
3146916828,3146915909,396825,0.07878788,-0.038636364,0.51363635,nan,0
3147897730,3147896812,396825,0.06666666,-0.041666664,0.51363635,nan,0
3148900298,3148899378,396825,0.08863636,-0.03030303,0.5265151,nan,0
3149903320,3149902399,396825,0.089393936,-0.04090909,0.53787875,nan,0
3150906131,3150905196,396825,0.07727273,-0.043939393,0.5098485,nan,0
3151908513,3151907594,396825,0.0840909,-0.031060604,0.5280303,nan,0
3152911292,3152910341,396825,0.086363636,-0.045454543,0.5537879,nan,0
3153913641,3153912722,396825,0.070454545,-0.045454543,0.5113636,nan,0
3154894763,3154893844,396825,0.068939395,-0.04090909,0.49848482,nan,0
3155897984,3155897066,396825,0.087878786,-0.03333333,0.5310606,nan,0
3156900512,3156899582,396825,0.08560606,-0.04242424,0.5424242,nan,0
3157903597,3157902647,396825,0.071969695,-0.041666664,0.5068182,nan,0
3158905814,3158904896,396825,0.08863636,-0.032575756,0.5340909,nan,0
3159908514,3159907568,396825,0.086363636,-0.037878785,0.53787875,nan,0
3160911705,3160910787,396825,0.07727273,-0.046212118,0.5310606,nan,0
3161913869,3161912940,396825,0.090909086,-0.036363635,0.54393935,nan,0
3162895384,3162894299,396825,0.090909086,-0.031060604,0.5265151,nan,0
3163898236,3163897119,396825,0.086363636,-0.041666664,0.5492424,nan,0
3164900931,3164900012,396825,0.0810606,-0.03560606,0.5068182,nan,0
3165904081,3165903099,396825,0.09015151,-0.043939393,0.55757576,nan,0
3166906711,3166905790,396825,0.073484845,-0.046969697,0.52272725,nan,0
3167909553,3167908634,396825,0.08712121,-0.032575756,0.5234848,nan,0
3168912471,3168911553,396825,0.087878786,-0.043181818,0.54393935,nan,0
3169914745,3169913827,396825,0.07954545,-0.041666664,0.5121212,nan,0
3170896062,3170895119,396825,0.073484845,-0.041666664,0.5121212,nan,0
3171898806,3171897882,396825,0.092424236,-0.034090906,0.5454545,nan,0
3172901137,3172900188,396825,0.07121212,-0.03939394,0.51363635,nan,0
3173903907,3173902987,396825,0.09772727,-0.052272726,0.5689394,nan,0
3174906597,3174905610,396825,0.08030303,-0.04090909,0.5121212,nan,0
3175909145,3175908226,396825,0.09166666,-0.025757575,0.5037879,nan,0
3176911399,3176910460,396825,0.06818181,-0.04242424,0.5507576,nan,0
3177913847,3177912919,396825,0.0780303,-0.04090909,0.55530304,nan,0
3178894722,3178893804,396825,0.08030303,-0.05530303,0.5719697,nan,0
3179896909,3179895991,396825,0.068939395,-0.05530303,0.56363636,nan,0
3180898596,3180897678,396825,0.074999996,-0.06363636,0.5681818,nan,0
3181901730,3181900812,396825,0.07121212,-0.05909091,0.580303,nan,0
3182904298,3182903379,396825,0.06363636,-0.038636364,0.5280303,nan,0
3183907119,3183906195,396825,0.07575757,-0.0530303,0.57348484,nan,0
3184910301,3184909376,396825,0.07424242,-0.045454543,0.54393935,nan,0
3185912784,3185911805,396825,0.07575757,-0.05530303,0.575,nan,0
3186915437,3186914519,396825,0.06212121,-0.043939393,0.5295454,nan,0
3187896110,3187895192,396825,0.07727273,-0.056060605,0.5651515,nan,0
3188898868,3188897950,396825,0.06515151,-0.057575755,0.57954544,nan,0
3189901928,3189901008,396825,0.0840909,-0.040151514,0.5537879,nan,0
3190904601,3190903682,396825,0.06439394,-0.057575755,0.5651515,nan,0
3191907495,3191906576,396825,0.08560606,-0.06212121,0.60075754,nan,0
3192910381,3192909463,396825,0.08181818,-0.053787876,0.57954544,nan,0
3193912263,3193911343,396825,0.0780303,-0.05833333,0.58181816,nan,0
3194893427,3194892508,396825,0.08257575,-0.048484847,0.5863636,nan,0
3195896623,3195895704,396825,0.08712121,-0.061363634,0.5931818,nan,0
3196899115,3196898196,396825,0.06212121,-0.05681818,0.5363636,nan,0
3197901466,3197900546,396825,0.07878788,-0.049999997,0.5833333,nan,0
3198903829,3198902910,396825,0.06515151,-0.05681818,0.55227274,nan,0
3199906134,3199905177,396825,0.07954545,-0.046212118,0.56060606,nan,0
3200908876,3200907958,396825,0.06363636,-0.05909091,0.5537879,nan,0
3201911384,3201910459,396825,0.0810606,-0.038636364,0.5568182,nan,0
3202914514,3202913561,396825,0.06666666,-0.05833333,0.5537879,nan,0
3203895682,3203894712,396825,0.0780303,-0.043939393,0.57045454,nan,0
3204898190,3204897266,396825,0.08560606,-0.04090909,0.5590909,nan,0
3205900692,3205899774,396825,0.0780303,-0.04090909,0.5568182,nan,0
3206902958,3206902039,396825,0.06969697,-0.043939393,0.5310606,nan,0
3207905153,3207904225,396825,0.068939395,-0.048484847,0.5363636,nan,0
3208907480,3208906490,396825,0.06212121,-0.05530303,0.54090905,nan,0
3209909757,3209908838,396825,0.07121212,-0.0530303,0.5507576,nan,0
3210912887,3210911912,396825,0.076515146,-0.05530303,0.58181816,nan,0
3211915099,3211914180,396825,0.08484848,-0.049999997,0.58787876,nan,0
3212917570,3212916651,396825,0.07575757,-0.04090909,0.54090905,nan,0
3213898917,3213897998,396825,0.07954545,-0.052272726,0.56060606,nan,0
3214901678,3214900579,396825,0.07878788,-0.049242422,0.56363636,nan,0
3215904518,3215903572,396825,0.0810606,-0.040151514,0.5537879,nan,0
3216907391,3216906471,396825,0.07272727,-0.043181818,0.5424242,nan,0
3217909523,3217908598,396825,0.057575755,-0.054545455,0.5310606,nan,0
3218912598,3218911679,396825,0.07727273,-0.0530303,0.57045454,nan,0
3219914222,3219913295,396825,0.076515146,-0.049242422,0.580303,nan,0
3220894957,3220894039,396825,0.073484845,-0.06515151,0.5780303,nan,0
3221898046,3221897126,396825,0.071969695,-0.073484845,0.60606056,nan,0
3222900613,3222899665,396825,0.0780303,-0.06212121,0.56666666,nan,0
3223903036,3223902118,396825,0.076515146,-0.06969697,0.60303026,nan,0
3224906109,3224905012,396825,0.08712121,-0.06515151,0.60606056,nan,0
3225908656,3225907734,396825,0.0810606,-0.061363634,0.5780303,nan,0
3226910931,3226910012,396825,0.1060606,-0.050757576,0.59090906,nan,0
3227913402,3227912400,396825,0.045454543,-0.10378788,0.610606,nan,0
3228894601,3228893683,396825,0.10378788,-0.02121212,0.5568182,nan,0
3229897081,3229896162,396825,0.022727272,0.06212121,0.59090906,nan,0
3230898968,3230898050,396825,0.017424243,0.029545454,0.5689394,nan,0
3231901054,3231900135,396825,-0.020454545,0.036363635,0.60606056,nan,0
3232903851,3232902914,396825,0.00075757573,0.032575756,0.5833333,nan,0
3233906491,3233905572,396825,0.05833333,-0.011363636,0.56666666,nan,0
3234909523,3234908603,396825,0.05530303,-0.00530303,0.60909086,nan,0
3235911830,3235910912,396825,0.070454545,0.0037878787,0.5863636,nan,0
3236914293,3236913374,396825,0.050757576,-0.0045454544,0.5863636,nan,0
3237895348,3237894430,396825,0.061363634,0.061363634,0.5833333,nan,0
3238897807,3238896881,396825,0.10227273,-0.031060604,0.59166664,nan,0
3239900037,3239899118,396825,0.09924242,0.008333333,0.57045454,nan,0
3240903130,3240902186,396825,0.1030303,0.052272726,0.5507576,nan,0
3241905307,3241904383,396825,0.036363635,0.10227273,0.5507576,nan,0
3242908484,3242907523,396825,0.12575758,-0.040151514,0.5325757,nan,0
3243910907,3243909987,396825,0.111363634,-0.16666666,0.55227274,nan,0
3244913948,3244912960,396825,-0.087878786,-0.26060605,0.6022727,nan,0
3245894675,3245893756,396825,-0.14318182,-0.25833333,0.630303,nan,0
3246896960,3246896042,396825,-0.10227273,-0.2651515,0.6075757,nan,0
3247899442,3247898524,396825,0.003030303,-0.24090908,0.580303,nan,0
3248902261,3248901342,396825,0.046212118,-0.19999999,0.5962121,nan,0
3249904553,3249903602,396825,0.044696968,-0.20378788,0.5893939,nan,0
3250907347,3250906429,396825,-0.08333333,-0.25227273,0.6401515,nan,0
3251910110,3251909189,396825,-0.12272727,-0.25378788,0.6462121,nan,0
3252911899,3252910979,396825,-0.11893939,-0.24242423,0.6045454,nan,0
3253914164,3253913244,396825,-0.14469697,-0.2560606,0.64469695,nan,0
3254916261,3254915342,396825,-0.14772727,-0.24318181,0.630303,nan,0
3255897039,3255896119,396825,-0.12348484,-0.25227273,0.6371212,nan,0
3256900153,3256899235,396825,-0.14469697,-0.25454545,0.6272727,nan,0
3257902685,3257901766,396825,-0.13030303,-0.24166666,0.59772724,nan,0
3258905378,3258904460,396825,-0.14393939,-0.24999999,0.60075754,nan,0
3259907037,3259906119,396825,-0.086363636,-0.25454545,0.6159091,nan,0
3260909458,3260908540,396825,-0.01060606,-0.22424242,0.625,nan,0
3261912619,3261911701,396825,0.03181818,-0.18030302,0.62045455,nan,0
3262893341,3262892423,396825,0.03181818,-0.1590909,0.60075754,nan,0
3263895221,3263894147,396825,0.052272726,-0.1060606,0.58181816,nan,0
3264897604,3264896588,396825,0.05681818,-0.07575757,0.57954544,nan,0
3265900179,3265899260,396825,0.07878788,-0.04090909,0.56060606,nan,0
3266903348,3266902430,396825,0.06060606,0.01969697,0.5325757,nan,0
3267906110,3267905188,396825,0.07272727,0.018181818,0.53787875,nan,0
3268908587,3268907669,396825,-0.006060606,0.018181818,0.56060606,nan,0
3269911373,3269910450,396825,0.03712121,0.00530303,0.59469694,nan,0
3270913334,3270912416,396825,0.1280303,0.00530303,0.5537879,nan,0
3271894841,3271893920,396825,0.13030303,-0.08257575,0.5621212,nan,0
3272897793,3272896869,396825,0.099999994,-0.15227272,0.5992424,nan,0
3273900177,3273899259,396825,0.031060604,-0.14393939,0.6257576,nan,0
3274902592,3274901672,396825,-0.008333333,-0.11742424,0.5931818,nan,0
3275904534,3275903616,396825,0.046969697,-0.15984848,0.6136363,nan,0
3276907038,3276906119,396825,0.10681818,-0.15681818,0.5590909,nan,0
3277909663,3277908744,396825,0.06363636,-0.14924242,0.59090906,nan,0
3278912397,3278911477,396825,0.052272726,-0.14393939,0.60075754,nan,0
3279915462,3279914543,396825,0.049999997,-0.11742424,0.59166664,nan,0
3280895800,3280894880,396825,0.046212118,-0.109848484,0.58181816,nan,0
3281898550,3281897632,396825,0.08030303,-0.11212121,0.5681818,nan,0
3282901730,3282900811,396825,0.07272727,-0.12575758,0.5992424,nan,0
3283903646,3283902728,396825,0.071969695,-0.036363635,0.6075757,nan,0
3284905730,3284904811,396825,0.015151515,0.093939394,0.5363636,nan,0
3285908045,3285907126,396825,-0.0045454544,0.12878788,0.51363635,nan,0
3286910148,3286909229,396825,-0.053787876,0.10151515,0.56363636,nan,0
3287912783,3287911864,396825,-0.093939394,0.07954545,0.58181816,nan,0
3288914846,3288913928,396825,-0.06212121,0.08030303,0.5780303,nan,0
3289895144,3289894226,396825,-0.043939393,0.07954545,0.58787876,nan,0
3290898041,3290897123,396825,-0.043939393,0.096969694,0.5568182,nan,0
3291900397,3291899478,396825,-0.20833333,0.07424242,0.575,nan,0
3292903046,3292902126,396825,-0.25530303,0.041666664,0.58181816,nan,0
3293905957,3293905012,396825,-0.22651514,0.052272726,0.58484846,nan,0
3294908354,3294907436,396825,-0.23787878,0.048484847,0.60075754,nan,0
3295911436,3295910519,396825,-0.23787878,0.03939394,0.59469694,nan,0
3296913566,3296912648,396825,-0.22045454,0.052272726,0.580303,nan,0
3297894591,3297893673,396825,-0.18333332,0.07954545,0.5780303,nan,0
3298897365,3298896447,396825,-0.14924242,0.12499999,0.5621212,nan,0
3299900220,3299899263,396825,-0.061363634,0.11363636,0.580303,nan,0
3300903074,3300902149,396825,-0.070454545,0.099999994,0.58484846,nan,0
3301906041,3301905122,396825,0.020454545,0.05833333,0.59090906,nan,0
3302908570,3302907652,396825,0.05833333,0.0075757573,0.5621212,nan,0
3303911566,3303910647,396825,0.09469697,-0.112878785,0.5719697,nan,0
3304892759,3304891835,396825,0.008333333,-0.11212121,0.6219697,nan,0
3305895104,3305894185,396825,0.006818182,-0.09166666,0.6272727,nan,0
3306897038,3306896119,396825,0.045454543,-0.092424236,0.5992424,nan,0
3307898883,3307897962,396825,0.09469697,-0.098484844,0.58181816,nan,0
3308901651,3308900732,396825,0.08712121,-0.096969694,0.5537879,nan,0
3309904497,3309903555,396825,0.057575755,-0.114393935,0.580303,nan,0
3310906550,3310905631,396825,0.06969697,-0.12272727,0.61439395,nan,0
3311909322,3311908403,396825,0.090909086,-0.11969697,0.58484846,nan,0
3312911349,3312910409,396825,0.08030303,-0.13181818,0.5568182,nan,0
3313913732,3313912812,396825,0.052272726,-0.2151515,0.5833333,nan,0
3314916809,3314915694,396825,-0.037878785,-0.2590909,0.6287879,nan,0
3315898047,3315897128,396825,-0.11969697,-0.26742423,0.5962121,nan,0
3316900455,3316899517,396825,-0.14545454,-0.26666665,0.59469694,nan,0
3317903142,3317902223,396825,-0.20151514,-0.2681818,0.5863636,nan,0
3318905853,3318904934,396825,-0.19015151,-0.25227273,0.630303,nan,0
3319908891,3319907972,396825,-0.13030303,-0.25984848,0.6484848,nan,0
3320910452,3320909505,396825,-0.12954545,-0.24242423,0.6159091,nan,0
3321912615,3321911674,396825,-0.14242424,-0.23863636,0.610606,nan,0
3322894308,3322893383,396825,-0.10075757,-0.2590909,0.6333333,nan,0
3323896206,3323895287,396825,-0.08712121,-0.27045453,0.62045455,nan,0
3324898624,3324897703,396825,-0.07272727,-0.26742423,0.6045454,nan,0
3325901493,3325900560,396825,-0.096969694,-0.25454545,0.60303026,nan,0
3326903484,3326902565,396825,-0.14696969,-0.25757575,0.630303,nan,0
3327906106,3327905187,396825,-0.13636363,-0.24469696,0.6189394,nan,0
3328908154,3328907234,396825,-0.07575757,-0.24621211,0.64166665,nan,0
3329910854,3329909936,396825,-0.068939395,-0.24848484,0.6318182,nan,0
3330913383,3330912464,396825,-0.17575757,-0.23181817,0.64166665,nan,0
3331916073,3331915152,396825,-0.25833333,-0.13030303,0.6371212,nan,0
3332897437,3332896518,396825,-0.24924241,0.018181818,0.5537879,nan,0
3333900361,3333899403,396825,-0.1560606,0.090909086,0.59469694,nan,0
3334901925,3334901005,396825,-0.10075757,0.10454545,0.5681818,nan,0
3335905092,3335904172,396825,-0.19696969,0.086363636,0.5477272,nan,0
3336907874,3336906955,396825,-0.27196968,0.0045454544,0.60909086,nan,0
3337910154,3337909236,396825,-0.28787878,-0.10530303,0.58181816,nan,0
3338912739,3338911759,396825,-0.24393938,-0.14090909,0.6401515,nan,0
3339893729,3339892810,396825,-0.2590909,-0.12651515,0.5719697,nan,0
3340896207,3340895288,396825,-0.28636363,-0.05833333,0.6136363,nan,0
3341899302,3341898378,396825,-0.3151515,-0.043939393,0.5681818,nan,0
3342901510,3342900591,396825,-0.22348484,-0.046212118,0.59166664,nan,0
3343904828,3343903909,396825,-0.26060605,-0.006818182,0.5962121,nan,0
3344907249,3344906330,396825,-0.14696969,0.08257575,0.59166664,nan,0
3345909158,3345908239,396825,-0.111363634,0.076515146,0.57954544,nan,0
3346911911,3346910992,396825,-0.0840909,0.092424236,0.53787875,nan,0
3347914405,3347913486,396825,-0.18787879,0.076515146,0.575,nan,0
3348895718,3348894795,396825,-0.29166666,-0.00530303,0.5719697,nan,0
3349897839,3349896919,396825,-0.3212121,-0.070454545,0.6075757,nan,0
3350899712,3350898792,396825,-0.30151513,-0.041666664,0.5962121,nan,0
3351902780,3351901862,396825,-0.26287878,-0.034848485,0.57954544,nan,0
3352905287,3352904343,396825,-0.20984848,-0.03333333,0.5992424,nan,0
3353907135,3353906216,396825,-0.14090909,0.056060605,0.59090906,nan,0
3354909925,3354909006,396825,-0.098484844,0.07575757,0.58787876,nan,0
3355912444,3355911493,396825,-0.086363636,0.07121212,0.54393935,nan,0
3356914735,3356913816,396825,-0.1030303,0.10757575,0.53484845,nan,0
3357895754,3357894836,396825,-0.16893938,0.09469697,0.5651515,nan,0
3358898455,3358897536,396825,-0.14166667,0.109848484,0.5280303,nan,0
3359901431,3359900513,396825,-0.06060606,0.09924242,0.5931818,nan,0
3360904218,3360903268,396825,-0.112878785,0.076515146,0.55227274,nan,0
3361906346,3361905426,396825,-0.16136363,0.12727273,0.575,nan,0
3362909297,3362908378,396825,-0.2219697,-0.076515146,0.6045454,nan,0
3363911618,3363910699,396825,-0.13939394,-0.20984848,0.6401515,nan,0
3364913966,3364913047,396825,-0.087878786,-0.23560606,0.6257576,nan,0
3365894613,3365893694,396825,-0.095454544,-0.24772726,0.6287879,nan,0
3366897127,3366896209,396825,-0.18939394,-0.24924241,0.6333333,nan,0
3367899691,3367898772,396825,-0.31439394,-0.14924242,0.5931818,nan,0
3368901731,3368900812,396825,-0.30606058,-0.1719697,0.57348484,nan,0
3369904442,3369903523,396825,-0.30833334,-0.15681818,0.6045454,nan,0
3370907567,3370906647,396825,-0.26363635,-0.10833333,0.59772724,nan,0
3371909987,3371909066,396825,-0.11363636,-0.17272727,0.6045454,nan,0
3372912667,3372911747,396825,-0.16439393,-0.2712121,0.5962121,nan,0
3373893854,3373892934,396825,-0.18181817,-0.26439393,0.6287879,nan,0
3374896634,3374895713,396825,-0.17348485,-0.2530303,0.6431818,nan,0
3375898939,3375898020,396825,-0.17348485,-0.24545453,0.61439395,nan,0
3376901310,3376900392,396825,-0.16060606,-0.24621211,0.59772724,nan,0
3377903811,3377902885,396825,-0.15454546,-0.24090908,0.6348485,nan,0
3378906799,3378905880,396825,-0.17424242,-0.23863636,0.61439395,nan,0
3379909561,3379908642,396825,-0.15454546,-0.24545453,0.610606,nan,0
3380912604,3380911632,396825,-0.17575757,-0.25227273,0.6363636,nan,0
3381893540,3381892622,396825,-0.15075757,-0.24166666,0.625,nan,0
3382895958,3382895039,396825,-0.16742423,-0.25075758,0.6318182,nan,0
3383899038,3383898119,396825,-0.1681818,-0.24545453,0.59469694,nan,0
3384901749,3384900830,396825,-0.15757576,-0.24242423,0.63863635,nan,0
3385903663,3385902744,396825,-0.16742423,-0.24999999,0.610606,nan,0
3386906405,3386905486,396825,-0.1719697,-0.25681818,0.6333333,nan,0
3387908679,3387907760,396825,-0.15833333,-0.24696968,0.64469695,nan,0
3388911863,3388910943,396825,-0.1621212,-0.24621211,0.64166665,nan,0
3389914304,3389913385,396825,-0.15833333,-0.24772726,0.64772725,nan,0
3390895343,3390894424,396825,-0.1621212,-0.22651514,0.60075754,nan,0
3391898396,3391897476,396825,-0.16666666,-0.2310606,0.5689394,nan,0
3392900936,3392900017,396825,-0.16893938,-0.2340909,0.59166664,nan,0
3393903503,3393902583,396825,-0.17121212,-0.23636363,0.5931818,nan,0
3394906481,3394905563,396825,-0.17954545,-0.24318181,0.575,nan,0
3395908776,3395907857,396825,-0.17954545,-0.24696968,0.58484846,nan,0
3396911727,3396910807,396825,-0.18181817,-0.23181817,0.57045454,nan,0
3397913960,3397913042,396825,-0.18636364,-0.23863636,0.56666666,nan,0
3398916427,3398915507,396825,-0.175,-0.23636363,0.580303,nan,0
3399898496,3399897577,396825,-0.18560605,-0.2310606,0.5507576,nan,0
3400900854,3400899935,396825,-0.17121212,-0.23181817,0.60303026,nan,0
3401902753,3401901833,396825,-0.18181817,-0.23560606,0.5621212,nan,0
3402905496,3402904576,396825,-0.16439393,-0.22727272,0.58787876,nan,0
3403907910,3403906968,396825,-0.1810606,-0.24545453,0.57954544,nan,0
3404910686,3404909768,396825,-0.14469697,-0.16893938,0.60909086,nan,0
3405912927,3405911999,396825,0.021969697,-0.12348484,0.5492424,nan,0
3406894051,3406893131,396825,-0.1060606,0.05530303,0.5681818,nan,0
3407896890,3407895972,396825,-0.19242424,0.049999997,0.54393935,nan,0
3408899556,3408898637,396825,-0.14393939,0.06439394,0.5280303,nan,0
3409901942,3409901022,396825,-0.043939393,0.17045455,0.47121212,nan,0
3410905036,3410904118,396825,-0.0022727272,0.12651515,0.5265151,nan,0
3411907276,3411906357,396825,0.031060604,0.053787876,0.5621212,nan,0
3412910225,3412909305,396825,0.022727272,0.054545455,0.5310606,nan,0
3413912835,3413911916,396825,0.025757575,0.0530303,0.5325757,nan,0
3414915120,3414914201,396825,0.045454543,0.07575757,0.49696967,nan,0
3415896770,3415895851,396825,0.03712121,0.07121212,0.49393937,nan,0
3416899096,3416898176,396825,0.049242422,0.06515151,0.53484845,nan,0
3417901040,3417900118,396825,0.06363636,0.07121212,0.5295454,nan,0
3418904043,3418903123,396825,0.05530303,0.06590909,0.55530304,nan,0
3419906948,3419905995,396825,0.053787876,0.076515146,0.5212121,nan,0
3420909173,3420908240,396825,0.05909091,0.071969695,0.53787875,nan,0
3421911624,3421910704,396825,0.056060605,0.076515146,0.5280303,nan,0
3422913672,3422912724,396825,0.050757576,0.08333333,0.49999997,nan,0
3423895396,3423894477,396825,0.040151514,0.06818181,0.5083333,nan,0
3424897436,3424896516,396825,0.04242424,0.073484845,0.5181818,nan,0
3425899498,3425898550,396825,0.056060605,0.06666666,0.55530304,nan,0
3426902631,3426901695,396825,0.05909091,0.07121212,0.5363636,nan,0
3427904859,3427903922,396825,0.045454543,0.07575757,0.5098485,nan,0
3428907828,3428906909,396825,0.046212118,0.068939395,0.505303,nan,0
3429910282,3429909362,396825,0.034848485,0.061363634,0.5083333,nan,0
3430913038,3430912118,396825,0.03712121,0.0530303,0.5310606,nan,0
3431894689,3431893700,396825,0.047727272,0.07954545,0.5007576,nan,0
3432896555,3432895635,396825,0.036363635,0.070454545,0.49545452,nan,0
3433898803,3433897883,396825,0.03333333,0.06590909,0.51666665,nan,0
3434901865,3434900946,396825,0.054545455,0.06060606,0.53787875,nan,0
3435904376,3435903428,396825,0.05681818,0.070454545,0.5234848,nan,0
3436907108,3436906188,396825,0.045454543,0.06287879,0.5113636,nan,0
3437909706,3437908701,396825,0.047727272,0.05833333,0.53484845,nan,0
3438912198,3438911279,396825,0.05909091,0.068939395,0.5393939,nan,0
3439915349,3439914429,396825,0.047727272,0.0780303,0.48863634,nan,0
3440918114,3440917119,396825,0.029545454,0.061363634,0.5121212,nan,0
