timestamp,imbalanced_prop_metric,motor_failure_mask,fd_roll,fd_pitch,fd_alt,fd_ext,fd_arm_escs,fd_battery,fd_imbalanced_prop,fd_motor
3049931290,0.0023487264,0,0,0,0,0,0,0,0,0
3050431527,0.0028643077,0,0,0,0,0,0,0,0,0
3050941291,0.0032016058,0,0,0,0,0,0,0,0,0
3051451351,0.003336216,0,0,0,0,0,0,0,0,0
3051963286,0.006287305,0,0,0,0,0,0,0,0,0
3052473879,0.0067459154,0,0,0,0,0,0,0,0,0
3052974441,0.006487014,0,0,0,0,0,0,0,0,0
3053484392,0.005980178,0,0,0,0,0,0,0,0,0
3053995811,0.007805355,0,0,0,0,0,0,0,0,0
3054505604,0.0065203514,0,0,0,0,0,0,0,0,0
3055016545,0.0063844174,0,0,0,0,0,0,0,0,0
3055526543,0.00639227,0,0,0,0,0,0,0,0,0
3056037359,0.006370217,0,0,0,0,0,0,0,0,0
3056547287,0.0061341417,0,0,0,0,0,0,0,0,0
3057060026,0.007503637,0,0,0,0,0,0,0,0,0
3057569330,0.0070706955,0,0,0,0,0,0,0,0,0
3058080367,0.0075868857,0,0,0,0,0,0,0,0,0
3058591397,0.007222783,0,0,0,0,0,0,0,0,0
3059101328,0.0068315472,0,0,0,0,0,0,0,0,0
3059611361,0.008843222,0,0,0,0,0,0,0,0,0
3060122287,0.008367338,0,0,0,0,0,0,0,0,0
3060632287,0.00800254,0,0,0,0,0,0,0,0,0
3061132433,0.007616251,0,0,0,0,0,0,0,0,0
3061644510,0.0074512223,0,0,0,0,0,0,0,0,0
3062154646,0.008315986,0,0,0,0,0,0,0,0,0
3062664314,0.008998759,0,0,0,0,0,0,0,0,0
3063175837,0.00938936,0,0,0,0,0,0,0,0,0
3063684396,0.009754216,0,0,0,0,0,0,0,0,0
3064184314,0.010388041,0,0,0,0,0,0,0,0,0
3064694290,0.00999045,0,0,0,0,0,0,0,0,0
3065194352,0.00864023,0,0,0,0,0,0,0,0,0
3065694646,0.008353113,0,0,0,0,0,0,0,0,0
3066204438,0.008229744,0,0,0,0,0,0,0,0,0
3066715492,0.008368711,0,0,0,0,0,0,0,0,0
3067225529,0.007969175,0,0,0,0,0,0,0,0,0
3067728157,0.006351882,0,0,0,0,0,0,0,0,0
3068238740,0.0063714385,0,0,0,0,0,0,0,0,0
3068749290,0.006235821,0,0,0,0,0,0,0,0,0
3069259288,0.006645791,0,0,0,0,0,0,0,0,0
3069759377,0.007614219,0,0,0,0,0,0,0,0,0
3070261288,0.0076520354,0,0,0,0,0,0,0,0,0
3070771293,0.0068042786,0,0,0,0,0,0,0,0,0
3071281718,0.0068851295,0,0,0,0,0,0,0,0,0
3071792291,0.0071861693,0,0,0,0,0,0,0,0,0
3072302288,0.007137508,0,0,0,0,0,0,0,0,0
3072803649,0.007341003,0,0,0,0,0,0,0,0,0
3073313784,0.0070303767,0,0,0,0,0,0,0,0,0
3073815401,0.008861756,0,0,0,0,0,0,0,0,0
3074326288,0.008993126,0,0,0,0,0,0,0,0,0
3074837290,0.0087365825,0,0,0,0,0,0,0,0,0
3075348035,0.008364871,0,0,0,0,0,0,0,0,0
3075858293,0.008463556,0,0,0,0,0,0,0,0,0
3076368287,0.008131331,0,0,0,0,0,0,0,0,0
3076880431,0.0078198565,0,0,0,0,0,0,0,0,0
3077390929,0.007879254,0,0,0,0,0,0,0,0,0
3077901289,0.007516329,0,0,0,0,0,0,0,0,0
3078411330,0.0063026273,0,0,0,0,0,0,0,0,0
3078912291,0.0065569477,0,0,0,0,0,0,0,0,0
3079412346,0.006861475,0,0,0,0,0,0,0,0,0
3079923361,0.006854557,0,0,0,0,0,0,0,0,0
3080434287,0.0069303415,0,0,0,0,0,0,0,0,0
3080944287,0.006644948,0,0,0,0,0,0,0,0,0
3081444911,0.0077811135,0,0,0,0,0,0,0,0,0
3081955635,0.0073959036,0,0,0,0,0,0,0,0,0
3082456329,0.0072882394,0,0,0,0,0,0,0,0,0
3082956440,0.0074361474,0,0,0,0,0,0,0,0,0
3083467561,0.0074825617,0,0,0,0,0,0,0,0,0
3083977414,0.0075839106,0,0,0,0,0,0,0,0,0
3084479289,0.007191001,0,0,0,0,0,0,0,0,0
3084979497,0.0071356506,0,0,0,0,0,0,0,0,0
3085489853,0.007067898,0,0,0,0,0,0,0,0,0
3085990627,0.0069022058,0,0,0,0,0,0,0,0,0
3086501815,0.005631768,0,0,0,0,0,0,0,0,0
3087011300,0.007253155,0,0,0,0,0,0,0,0,0
3087522325,0.006966306,0,0,0,0,0,0,0,0,0
3088032288,0.0065784412,0,0,0,0,0,0,0,0,0
3088532628,0.006565251,0,0,0,0,0,0,0,0,0
3089042600,0.0064455373,0,0,0,0,0,0,0,0,0
3089553290,0.006120074,0,0,0,0,0,0,0,0,0
3090053454,0.005955196,0,0,0,0,0,0,0,0,0
3090563288,0.0066407034,0,0,0,0,0,0,0,0,0
3091073882,0.0067034476,0,0,0,0,0,0,0,0,0
3091585745,0.0068427287,0,0,0,0,0,0,0,0,0
3092096651,0.007934669,0,0,0,0,0,0,0,0,0
3092597308,0.009574347,0,0,0,0,0,0,0,0,0
3093107327,0.009900226,0,0,0,0,0,0,0,0,0
3093607831,0.010921079,0,0,0,0,0,0,0,0,0
3094117406,0.009663551,0,0,0,0,0,0,0,0,0
3094628653,0.009073063,0,0,0,0,0,0,0,0,0
3095128691,0.008797846,0,0,0,0,0,0,0,0,0
3095639409,0.008523845,0,0,0,0,0,0,0,0,0
3096141945,0.008091479,0,0,0,0,0,0,0,0,0
3096652421,0.008292117,0,0,0,0,0,0,0,0,0
3097162319,0.007935667,0,0,0,0,0,0,0,0,0
3097662475,0.0068862108,0,0,0,0,0,0,0,0,0
3098172545,0.0076378295,0,0,0,0,0,0,0,0,0
3098683359,0.0072433185,0,0,0,0,0,0,0,0,0
3099194312,0.0071874,0,0,0,0,0,0,0,0,0
3099704467,0.0072362865,0,0,0,0,0,0,0,0,0
3100214318,0.0072432323,0,0,0,0,0,0,0,0,0
3100714490,0.0087432,0,0,0,0,0,0,0,0,0
3101226171,0.009244408,0,0,0,0,0,0,0,0,0
3101737284,0.010781531,0,0,0,0,0,0,0,0,0
3102238288,0.01108891,0,0,0,0,0,0,0,0,0
3102748289,0.011639199,0,0,0,0,0,0,0,0,0
3103248690,0.011190303,0,0,0,0,0,0,0,0,0
3103758289,0.011351584,0,0,0,0,0,0,0,0,0
3104269290,0.01167069,0,0,0,0,0,0,0,0,0
3104779366,0.011023412,0,0,0,0,0,0,0,0,0
3105280337,0.010357888,0,0,0,0,0,0,0,0,0
3105791532,0.008927893,0,0,0,0,0,0,0,0,0
3106302287,0.008563059,0,0,0,0,0,0,0,0,0
3106812428,0.008684428,0,0,0,0,0,0,0,0,0
3107323363,0.011713397,0,0,0,0,0,0,0,0,0
3107833427,0.011489016,0,0,0,0,0,0,0,0,0
3108334199,0.011395147,0,0,0,0,0,0,0,0,0
3108834404,0.011498348,0,0,0,0,0,0,0,0,0
3109345499,0.011143748,0,0,0,0,0,0,0,0,0
3109855447,0.011138989,0,0,0,0,0,0,0,0,0
3110355482,0.010887383,0,0,0,0,0,0,0,0,0
3110866810,0.0108522065,0,0,0,0,0,0,0,0,0
3111377681,0.010165686,0,0,0,0,0,0,0,0,0
3111887287,0.009845857,0,0,0,0,0,0,0,0,0
3112398289,0.00919263,0,0,0,0,0,0,0,0,0
3112908745,0.009627987,0,0,0,0,0,0,0,0,0
3113419289,0.009018229,0,0,0,0,0,0,0,0,0
3113919380,0.008466154,0,0,0,0,0,0,0,0,0
3114429318,0.008183693,0,0,0,0,0,0,0,0,0
3114940032,0.0077903373,0,0,0,0,0,0,0,0,0
3115440413,0.0065756836,0,0,0,0,0,0,0,0,0
3115951913,0.007525738,0,0,0,0,0,0,0,0,0
3116462658,0.007245327,0,0,0,0,0,0,0,0,0
3116965641,0.0066913655,0,0,0,0,0,0,0,0,0
3117476328,0.0065103155,0,0,0,0,0,0,0,0,0
3117986324,0.0064667934,0,0,0,0,0,0,0,0,0
3118497464,0.006570365,0,0,0,0,0,0,0,0,0
3119007611,0.006783045,0,0,0,0,0,0,0,0,0
3119519591,0.0054618516,0,0,0,0,0,0,0,0,0
3120030367,0.004965357,0,0,0,0,0,0,0,0,0
3120540535,0.006038427,0,0,0,0,0,0,0,0,0
3121050289,0.006460941,0,0,0,0,0,0,0,0,0
3121561600,0.006323276,0,0,0,0,0,0,0,0,0
3122072291,0.0065267025,0,0,0,0,0,0,0,0,0
3122582568,0.006283611,0,0,0,0,0,0,0,0,0
3123085762,0.0059678163,0,0,0,0,0,0,0,0,0
3123596004,0.0032591051,0,0,0,0,0,0,0,0,0
3124106329,0.003291194,0,0,0,0,0,0,0,0,0
3124616313,-0.005759494,0,0,0,0,0,0,0,0,0
3125127804,-0.004554382,0,0,0,0,0,0,0,0,0
3125637380,-0.0036973082,0,0,0,0,0,0,0,0,0
3126148410,-0.0023526559,0,0,0,0,0,0,0,0,0
3126648854,-0.00044111288,0,0,0,0,0,0,0,0,0
3127159320,0.00036245922,0,0,0,0,0,0,0,0,0
3127669329,-0.0008832868,0,0,0,0,0,0,0,0,0
3128181453,-0.001541814,0,0,0,0,0,0,0,0,0
3128691302,-0.010580717,0,0,0,0,0,0,0,0,0
3129191393,-0.021961201,0,0,0,0,0,0,0,0,0
3129702287,-0.017687209,0,0,0,0,0,0,0,0,0
3130213218,-0.015019932,0,0,0,0,0,0,0,0,0
3130722366,-0.013610666,0,0,0,0,0,0,0,0,0
3131233289,-0.010992903,0,0,0,0,0,0,0,0,0
3131743345,-0.009442717,0,0,0,0,0,0,0,0,0
3132254730,-0.0073647443,0,0,0,0,0,0,0,0,0
3132765968,-0.0061374754,0,0,0,0,0,0,0,0,0
3133276694,-0.009290306,0,0,0,0,0,0,0,0,0
3133787348,-0.008177153,0,0,0,0,0,0,0,0,0
3134297458,-0.005965303,0,0,0,0,0,0,0,0,0
3134798505,-0.00456197,0,0,0,0,0,0,0,0,0
3135309318,-0.00337671,0,0,0,0,0,0,0,0,0
3135820286,-0.0037320375,0,0,0,0,0,0,0,0,0
3136330551,-0.002200369,0,0,0,0,0,0,0,0,0
3136832043,-0.0016857666,0,0,0,0,0,0,0,0,0
3137342774,-0.0016469741,0,0,0,0,0,0,0,0,0
3137853288,-0.00042282965,0,0,0,0,0,0,0,0,0
3138363331,-0.00096763053,0,0,0,0,0,0,0,0,0
3138874715,-0.0013070061,0,0,0,0,0,0,0,0,0
3139384290,-0.0009047157,0,0,0,0,0,0,0,0,0
3139895401,-0.00048317134,0,0,0,0,0,0,0,0,0
3140405949,0.00029482515,0,0,0,0,0,0,0,0,0
3140916333,0.000572771,0,0,0,0,0,0,0,0,0
3141426289,0.0019475349,0,0,0,0,0,0,0,0,0
3141938472,0.0023194235,0,0,0,0,0,0,0,0,0
3142438562,0.002442602,0,0,0,0,0,0,0,0,0
3142948287,0.0030015805,0,0,0,0,0,0,0,0,0
3143458572,0.0032940207,0,0,0,0,0,0,0,0,0
3143969329,0.0021438776,0,0,0,0,0,0,0,0,0
3144469586,0.0045845034,0,0,0,0,0,0,0,0,0
3144979288,0.0045539862,0,0,0,0,0,0,0,0,0
3145480889,0.0034056448,0,0,0,0,0,0,0,0,0
3145991431,0.004823441,0,0,0,0,0,0,0,0,0
3146501394,0.004828173,0,0,0,0,0,0,0,0,0
3147013584,0.005322748,0,0,0,0,0,0,0,0,0
3147514288,0.0051345727,0,0,0,0,0,0,0,0,0
3148024486,0.0050069536,0,0,0,0,0,0,0,0,0
3148534289,0.0046421587,0,0,0,0,0,0,0,0,0
3149045403,0.0044317874,0,0,0,0,0,0,0,0,0
3149555566,0.0055304384,0,0,0,0,0,0,0,0,0
3150066334,0.0054314034,0,0,0,0,0,0,0,0,0
3150577369,0.005077389,0,0,0,0,0,0,0,0,0
3151087329,0.0060318047,0,0,0,0,0,0,0,0,0
3151588169,0.0057525607,0,0,0,0,0,0,0,0,0
3152098876,0.004239693,0,0,0,0,0,0,0,0,0
3152609329,0.007773725,0,0,0,0,0,0,0,0,0
3153119310,0.0074198362,0,0,0,0,0,0,0,0,0
3153621389,0.0071969354,0,0,0,0,0,0,0,0,0
3154131460,0.007512614,0,0,0,0,0,0,0,0,0
3154642413,0.0072518233,0,0,0,0,0,0,0,0,0
3155152329,0.008904676,0,0,0,0,0,0,0,0,0
3155652485,0.008240251,0,0,0,0,0,0,0,0,0
3156162286,0.0077380836,0,0,0,0,0,0,0,0,0
3156663399,0.007461837,0,0,0,0,0,0,0,0,0
3157165429,0.0070952033,0,0,0,0,0,0,0,0,0
3157675519,0.005942527,0,0,0,0,0,0,0,0,0
3158186517,0.0059145684,0,0,0,0,0,0,0,0,0
3158697338,0.005761122,0,0,0,0,0,0,0,0,0
3159208289,0.004907455,0,0,0,0,0,0,0,0,0
3159708451,0.006089169,0,0,0,0,0,0,0,0,0
3160218301,0.005628588,0,0,0,0,0,0,0,0,0
3160729630,0.0068852515,0,0,0,0,0,0,0,0,0
3161240139,0.006629835,0,0,0,0,0,0,0,0,0
3161750398,0.00634177,0,0,0,0,0,0,0,0,0
3162260584,0.005918826,0,0,0,0,0,0,0,0,0
3162761290,0.005721809,0,0,0,0,0,0,0,0,0
3163271688,0.0064696628,0,0,0,0,0,0,0,0,0
3163781333,0.005842902,0,0,0,0,0,0,0,0,0
3164281972,0.0058231545,0,0,0,0,0,0,0,0,0
3164791289,0.0063788136,0,0,0,0,0,0,0,0,0
3165293391,0.0061280965,0,0,0,0,0,0,0,0,0
3165803288,0.004477853,0,0,0,0,0,0,0,0,0
3166304820,0.0062659844,0,0,0,0,0,0,0,0,0
3166814825,0.005943798,0,0,0,0,0,0,0,0,0
3167325424,0.004523422,0,0,0,0,0,0,0,0,0
3167835713,0.005496964,0,0,0,0,0,0,0,0,0
3168346291,0.0043088654,0,0,0,0,0,0,0,0,0
3168846571,0.0057466747,0,0,0,0,0,0,0,0,0
3169357287,0.0050380114,0,0,0,0,0,0,0,0,0
3169867389,0.0062890714,0,0,0,0,0,0,0,0,0
3170367433,0.0064456295,0,0,0,0,0,0,0,0,0
3170877564,0.009547355,0,0,0,0,0,0,0,0,0
3171377539,0.016097717,0,0,0,0,0,0,0,0,0
3171889135,0.023182277,0,0,0,0,0,0,0,0,0
3172399725,0.020903926,0,0,0,0,0,0,0,0,0
3172910289,0.02023151,0,0,0,0,0,0,0,0,0
3173420292,0.023387477,0,0,0,0,0,0,0,0,0
3173930288,0.020132259,0,0,0,0,0,0,0,0,0
3174441542,0.026376361,0,0,0,0,0,0,0,0,0
3174952330,0.045270517,0,0,0,0,0,0,0,0,0
3175452388,0.043023463,0,0,0,0,0,0,0,0,0
3175962290,0.040147517,0,0,0,0,0,0,0,0,0
3176473288,0.0364468,0,0,0,0,0,0,0,0,0
3176984240,0.032812547,0,0,0,0,0,0,0,0,0
3177494835,0.030765662,0,0,0,0,0,0,0,0,0
3178005401,0.042920638,0,0,0,0,0,0,0,0,0
3178516003,0.04294603,0,0,0,0,0,0,0,0,0
3179027207,0.042883232,0,0,0,0,0,0,0,0,0
3179528562,0.048875287,0,0,0,0,0,0,0,0,0
3180029323,0.051882803,0,0,0,0,0,0,0,0,0
3180538366,0.052537575,0,0,0,0,0,0,0,0,0
3181049340,0.054567583,0,0,0,0,0,0,0,0,0
3181549974,0.05668948,0,0,0,0,0,0,0,0,0
3182060490,0.062911384,0,0,0,0,0,0,0,0,0
3182570322,0.06295281,0,0,0,0,0,0,0,0,0
3183070402,0.062014792,0,0,0,0,0,0,0,0,0
3183581354,0.0704286,0,0,0,0,0,0,0,0,0
3184091430,0.07015258,0,0,0,0,0,0,0,0,0
3184591574,0.06409825,0,0,0,0,0,0,0,0,0
3185101288,0.059949987,0,0,0,0,0,0,0,0,0
3185601339,0.048996013,0,0,0,0,0,0,0,0,0
3186102424,0.047185034,0,0,0,0,0,0,0,0,0
3186613470,0.044837814,0,0,0,0,0,0,0,0,0
3187123739,0.04112592,0,0,0,0,0,0,0,0,0
3187624243,0.03826826,0,0,0,0,0,0,0,0,0
3188125756,0.03647837,0,0,0,0,0,0,0,0,0
3188636351,0.033433292,0,0,0,0,0,0,0,0,0
3189146332,0.03092779,0,0,0,0,0,0,0,0,0
3189657329,0.028782623,0,0,0,0,0,0,0,0,0
3190160287,0.026804475,0,0,0,0,0,0,0,0,0
3190671604,0.02353802,0,0,0,0,0,0,0,0,0
3191181972,0.021562248,0,0,0,0,0,0,0,0,0
3191692330,0.01986868,0,0,0,0,0,0,0,0,0
3192203330,0.018733997,0,0,0,0,0,0,0,0,0
3192713313,0.017529901,0,0,0,0,0,0,0,0,0
3193213454,0.017618395,0,0,0,0,0,0,0,0,0
3193724289,0.017690802,0,0,0,0,0,0,0,0,0
3194233929,0.018343974,0,0,0,0,0,0,0,0,0
3194744487,0.016907288,0,0,0,0,0,0,0,0,0
3195255480,0.016448917,0,0,0,0,0,0,0,0,0
3195765402,0.014791223,0,0,0,0,0,0,0,0,0
3196266177,0.014201965,0,0,0,0,0,0,0,0,0
3196777485,0.013275063,0,0,0,0,0,0,0,0,0
3197287329,0.012578777,0,0,0,0,0,0,0,0,0
3197797422,0.011970656,0,0,0,0,0,0,0,0,0
3198309208,0.010605449,0,0,0,0,0,0,0,0,0
3198809289,0.009819893,0,0,0,0,0,0,0,0,0
3199309405,0.009221138,0,0,0,0,0,0,0,0,0
3199819549,0.008832328,0,0,0,0,0,0,0,0,0
3200330749,0.008549847,0,0,0,0,0,0,0,0,0
3200840288,0.008087766,0,0,0,0,0,0,0,0,0
3201350287,0.008187131,0,0,0,0,0,0,0,0,0
3201862123,0.00558606,0,0,0,0,0,0,0,0,0
3202372332,0.005444853,0,0,0,0,0,0,0,0,0
3202883288,0.0054532844,0,0,0,0,0,0,0,0,0
3203393369,0.005290517,0,0,0,0,0,0,0,0,0
3203893559,0.004341412,0,0,0,0,0,0,0,0,0
3204403289,0.0044986987,0,0,0,0,0,0,0,0,0
3204913498,0.0045330264,0,0,0,0,0,0,0,0,0
3205424350,0.004527452,0,0,0,0,0,0,0,0,0
3205935436,0.004719804,0,0,0,0,0,0,0,0,0
3206445397,0.0046496196,0,0,0,0,0,0,0,0,0
3206946851,0.004904527,0,0,0,0,0,0,0,0,0
3207456906,0.0040928246,0,0,0,0,0,0,0,0,0
3207967290,0.00407168,0,0,0,0,0,0,0,0,0
3208477311,0.004219885,0,0,0,0,0,0,0,0,0
3208979404,0.0040866905,0,0,0,0,0,0,0,0,0
3209489784,0.0051247906,0,0,0,0,0,0,0,0,0
3210000316,0.0052119712,0,0,0,0,0,0,0,0,0
3210511290,0.0049962196,0,0,0,0,0,0,0,0,0
3211021342,0.0049121426,0,0,0,0,0,0,0,0,0
3211530326,0.0046243398,0,0,0,0,0,0,0,0,0
3212042664,0.0044054883,0,0,0,0,0,0,0,0,0
3212552330,0.0060614473,0,0,0,0,0,0,0,0,0
3213063385,0.0060675736,0,0,0,0,0,0,0,0,0
3213574492,0.0058070035,0,0,0,0,0,0,0,0,0
3214084622,0.005636457,0,0,0,0,0,0,0,0,0
3214595420,0.005605506,0,0,0,0,0,0,0,0,0
3215105556,0.00627912,0,0,0,0,0,0,0,0,0
3215616324,0.0059035458,0,0,0,0,0,0,0,0,0
3216127598,0.005780846,0,0,0,0,0,0,0,0,0
3216638238,0.005570571,0,0,0,0,0,0,0,0,0
3217148462,0.0052058515,0,0,0,0,0,0,0,0,0
3217659320,0.0058420077,0,0,0,0,0,0,0,0,0
3218169289,0.0063939523,0,0,0,0,0,0,0,0,0
3218680295,0.00711759,0,0,0,0,0,0,0,0,0
3219191486,0.0069591063,0,0,0,0,0,0,0,0,0
3219701367,0.0067387046,0,0,0,0,0,0,0,0,0
3220211555,0.006112412,0,0,0,0,0,0,0,0,0
3220723291,0.010015166,0,0,0,0,0,0,0,0,0
3221234024,0.009235815,0,0,0,0,0,0,0,0,0
3221744391,0.008668162,0,0,0,0,0,0,0,0,0
3222253288,0.008481577,0,0,0,0,0,0,0,0,0
3222753476,0.0084863445,0,0,0,0,0,0,0,0,0
3223263699,0.010066773,0,0,0,0,0,0,0,0,0
3223775006,0.011731816,0,0,0,0,0,0,0,0,0
3224284598,0.011916972,0,0,0,0,0,0,0,0,0
3224785406,0.012023734,0,0,0,0,0,0,0,0,0
3225294801,0.012118388,0,0,0,0,0,0,0,0,0
3225805637,0.010987511,0,0,0,0,0,0,0,0,0
3226316315,0.013512387,0,0,0,0,0,0,0,0,0
3226826380,0.017940361,0,0,0,0,0,0,0,0,0
3227327239,0.025455792,0,0,0,0,0,0,0,0,0
3227838448,0.03188217,0,0,0,0,0,0,0,0,0
3228339396,0.035684343,0,0,0,0,0,0,0,0,0
3228849288,0.03323624,0,0,0,0,0,0,0,0,0
3229349693,0.037507433,0,0,0,0,0,0,0,0,0
3229859430,0.034740876,0,0,0,0,0,0,0,0,0
3230370587,0.043765485,0,0,0,0,0,0,0,0,0
3230881328,0.04515094,0,0,0,0,0,0,0,0,0
3231391343,0.046520613,0,0,0,0,0,0,0,0,0
3231894001,0.03945708,0,0,0,0,0,0,0,0,0
3232404291,0.03801428,0,0,0,0,0,0,0,0,0
3232904329,0.03560893,0,0,0,0,0,0,0,0,0
3233404524,0.013536784,0,0,0,0,0,0,0,0,0
3233915655,0.0153359575,0,0,0,0,0,0,0,0,0
3234425400,-0.010373213,0,0,0,0,0,0,0,0,0
3234925935,-0.0020640958,0,0,0,0,0,0,0,0,0
3235435460,0.0020473758,0,0,0,0,0,0,0,0,0
3235946290,0.018495478,0,0,0,0,0,0,0,0,0
3236456339,0.037822638,0,0,0,0,0,0,0,0,0
3236968364,0.036724035,0,0,0,0,0,0,0,0,0
3237479106,0.027550103,0,0,0,0,0,0,0,0,0
3237989354,0.021113718,0,0,0,0,0,0,0,0,0
3238499365,0.027474772,0,0,0,0,0,0,0,0,0
3239001290,0.03935839,0,0,0,0,0,0,0,0,0
3239511326,0.02951258,0,0,0,0,0,0,0,0,0
3240013307,0.022965709,0,0,0,0,0,0,0,0,0
3240524885,-0.0021470066,0,0,0,0,0,0,0,0,0
3241035767,-0.025030848,0,0,0,0,0,0,0,0,0
3241545600,-0.03135389,0,0,0,0,0,0,0,0,0
3242056889,-0.025491139,0,0,0,0,0,0,0,0,0
3242566324,-0.037381347,0,0,0,0,0,0,0,0,0
3243077435,-0.04464866,0,0,0,0,0,0,0,0,0
3243587496,-0.045421742,0,0,0,0,0,0,0,0,0
3244097364,-0.05112085,0,0,0,0,0,0,0,0,0
3244607331,-0.06095539,0,0,0,0,0,0,0,0,0
3245108289,-0.067593455,0,0,0,0,0,0,0,0,0
3245618290,-0.0576517,0,0,0,0,0,0,0,0,0
3246128289,-0.051218834,0,0,0,0,0,0,0,0,0
3246629609,-0.046336286,0,0,0,0,0,0,0,0,0
3247139686,-0.040426027,0,0,0,0,0,0,0,0,0
3247650320,-0.03568702,0,0,0,0,0,0,0,0,0
3248160355,-0.028646156,0,0,0,0,0,0,0,0,0
3248660388,-0.023739181,0,0,0,0,0,0,0,0,0
3249170412,-0.01971312,0,0,0,0,0,0,0,0,0
3249671289,-0.015358231,0,0,0,0,0,0,0,0,0
3250171473,-0.011890419,0,0,0,0,0,0,0,0,0
3250682834,-0.007939882,0,0,0,0,0,0,0,0,0
3251193374,-0.00375957,0,0,0,0,0,0,0,0,0
3251693450,-0.002328855,0,0,0,0,0,0,0,0,0
3252204025,-0.0011269872,0,0,0,0,0,0,0,0,0
3252714584,-0.0011674191,0,0,0,0,0,0,0,0,0
3253225432,0.003023267,0,0,0,0,0,0,0,0,0
3253735579,0.0036108068,0,0,0,0,0,0,0,0,0
3254245595,0.0025767272,0,0,0,0,0,0,0,0,0
3254756037,-0.0017092689,0,0,0,0,0,0,0,0,0
3255255935,-0.0070096334,0,0,0,0,0,0,0,0,0
3255765493,-0.007954394,0,0,0,0,0,0,0,0,0
3256276320,-0.008483622,0,0,0,0,0,0,0,0,0
3256786487,-0.010475379,0,0,0,0,0,0,0,0,0
3257297808,-0.010523863,0,0,0,0,0,0,0,0,0
3257808932,-0.016543563,0,0,0,0,0,0,0,0,0
3258319462,-0.025026187,0,0,0,0,0,0,0,0,0
3258829292,-0.025773602,0,0,0,0,0,0,0,0,0
3259329330,-0.031653833,0,0,0,0,0,0,0,0,0
3259839363,-0.032919288,0,0,0,0,0,0,0,0,0
3260339436,-0.031703964,0,0,0,0,0,0,0,0,0
3260850400,-0.029536922,0,0,0,0,0,0,0,0,0
3261360290,-0.028680282,0,0,0,0,0,0,0,0,0
3261860407,-0.029939195,0,0,0,0,0,0,0,0,0
3262370355,-0.0246251,0,0,0,0,0,0,0,0,0
3262881386,-0.0254089,0,0,0,0,0,0,0,0,0
3263391529,-0.02008742,0,0,0,0,0,0,0,0,0
3263903063,-0.019200305,0,0,0,0,0,0,0,0,0
3264414045,-0.016983373,0,0,0,0,0,0,0,0,0
3264923365,-0.01183741,0,0,0,0,0,0,0,0,0
3265433414,-0.014152146,0,0,0,0,0,0,0,0,0
3265944425,-0.012392003,0,0,0,0,0,0,0,0,0
3266454330,-0.0114609655,0,0,0,0,0,0,0,0,0
3266954762,-0.016089924,0,0,0,0,0,0,0,0,0
3267464394,-0.017983288,0,0,0,0,0,0,0,0,0
3267975441,-0.014412358,0,0,0,0,0,0,0,0,0
3268485940,-0.029406099,0,0,0,0,0,0,0,0,0
3268996373,-0.038666073,0,0,0,0,0,0,0,0,0
3269508054,-0.04111383,0,0,0,0,0,0,0,0,0
3270018612,-0.043125678,0,0,0,0,0,0,0,0,0
3270529331,-0.03499257,0,0,0,0,0,0,0,0,0
3271030363,-0.028927488,0,0,0,0,0,0,0,0,0
3271530478,-0.024722144,0,0,0,0,0,0,0,0,0
3272040289,-0.02143512,0,0,0,0,0,0,0,0,0
3272551321,-0.02386465,0,0,0,0,0,0,0,0,0
3273061438,-0.036629133,0,0,0,0,0,0,0,0,0
3273572690,-0.024667421,0,0,0,0,0,0,0,0,0
3274082288,-0.01578002,0,0,0,0,0,0,0,0,0
3274583205,-0.022051066,0,0,0,0,0,0,0,0,0
3275093807,-0.033395078,0,0,0,0,0,0,0,0,0
3275604585,-0.034519546,0,0,0,0,0,0,0,0,0
3276115472,-0.030792424,0,0,0,0,0,0,0,0,0
3276615932,-0.02539546,0,0,0,0,0,0,0,0,0
3277125460,-0.02168831,0,0,0,0,0,0,0,0,0
3277625975,-0.023809388,0,0,0,0,0,0,0,0,0
3278135557,-0.02647209,0,0,0,0,0,0,0,0,0
3278646356,-0.030592224,0,0,0,0,0,0,0,0,0
3279156332,-0.043270864,0,0,0,0,0,0,0,0,0
3279656430,-0.041063108,0,0,0,0,0,0,0,0,0
3280167858,-0.04241712,0,0,0,0,0,0,0,0,0
3280678600,-0.043527927,0,0,0,0,0,0,0,0,0
3281189074,-0.04456688,0,0,0,0,0,0,0,0,0
3281699508,-0.04723123,0,0,0,0,0,0,0,0,0
3282210633,-0.049517255,0,0,0,0,0,0,0,0,0
3282721370,-0.06262692,0,0,0,0,0,0,0,0,0
3283222323,-0.056968585,0,0,0,0,0,0,0,0,0
3283732469,-0.059540745,0,0,0,0,0,0,0,0,0
3284242287,-0.065783754,0,0,0,0,0,0,0,0,0
3284755070,-0.064372584,0,0,0,0,0,0,0,0,0
3285256362,-0.049000915,0,0,0,0,0,0,0,0,0
3285766289,-0.048085194,0,0,0,0,0,0,0,0,0
3286266661,-0.041966815,0,0,0,0,0,0,0,0,0
3286777394,-0.034988612,0,0,0,0,0,0,0,0,0
3287288586,-0.033638716,0,0,0,0,0,0,0,0,0
3287798408,-0.033683952,0,0,0,0,0,0,0,0,0
3288310251,-0.0358455,0,0,0,0,0,0,0,0,0
3288820990,-0.03192368,0,0,0,0,0,0,0,0,0
3289331288,-0.039995305,0,0,0,0,0,0,0,0,0
3289841290,-0.04301906,0,0,0,0,0,0,0,0,0
3290341357,-0.05334558,0,0,0,0,0,0,0,0,0
3290851291,-0.063037984,0,0,0,0,0,0,0,0,0
3291351369,-0.057395812,0,0,0,0,0,0,0,0,0
3291851616,-0.056167196,0,0,0,0,0,0,0,0,0
3292361937,-0.054134473,0,0,0,0,0,0,0,0,0
3292872355,-0.045190237,0,0,0,0,0,0,0,0,0
3293382579,-0.04095364,0,0,0,0,0,0,0,0,0
3293885112,-0.033706337,0,0,0,0,0,0,0,0,0
3294395814,-0.030187251,0,0,0,0,0,0,0,0,0
3294906545,-0.04204762,0,0,0,0,0,0,0,0,0
3295416289,-0.047171876,0,0,0,0,0,0,0,0,0
3295916383,-0.05327849,0,0,0,0,0,0,0,0,0
3296426636,-0.053605136,0,0,0,0,0,0,0,0,0
3296927329,-0.048905082,0,0,0,0,0,0,0,0,0
3297437370,-0.047677636,0,0,0,0,0,0,0,0,0
3297938287,-0.050846346,0,0,0,0,0,0,0,0,0
3298438351,-0.059117306,0,0,0,0,0,0,0,0,0
3298950661,-0.057041775,0,0,0,0,0,0,0,0,0
3299460744,-0.057365738,0,0,0,0,0,0,0,0,0
3299971289,-0.0500953,0,0,0,0,0,0,0,0,0
3300481289,-0.058114056,0,0,0,0,0,0,0,0,0
3300981342,-0.06609234,0,0,0,0,0,0,0,0,0
3301481391,-0.069421135,0,0,0,0,0,0,0,0,0
3301991332,-0.073136665,0,0,0,0,0,0,0,0,0
3302501485,-0.081104256,0,0,0,0,0,0,0,0,0
3303012327,-0.08627456,0,0,0,0,0,0,0,0,0
3303523289,-0.0882994,0,0,0,0,0,0,0,0,0
3304033438,-0.08499141,0,0,0,0,0,0,0,0,0
3304545032,-0.083217315,0,0,0,0,0,0,0,0,0
3305055745,-0.08595869,0,0,0,0,0,0,0,0,0
3305555960,-0.08034626,0,0,0,0,0,0,0,0,0
3306065466,-0.08142346,0,0,0,0,0,0,0,0,0
3306575399,-0.09736435,0,0,0,0,0,0,0,0,0
3307075542,-0.082186304,0,0,0,0,0,0,0,0,0
3307587025,-0.067091174,0,0,0,0,0,0,0,0,0
3308097393,-0.05782003,0,0,0,0,0,0,0,0,0
3308608290,-0.050927665,0,0,0,0,0,0,0,0,0
3309118541,-0.043378014,0,0,0,0,0,0,0,0,0
3309630201,-0.04469369,0,0,0,0,0,0,0,0,0
3310141089,-0.04788837,0,0,0,0,0,0,0,0,0
3310651423,-0.048206985,0,0,0,0,0,0,0,0,0
3311161356,-0.06677002,0,0,0,0,0,0,0,0,0
3311672736,-0.075040035,0,0,0,0,0,0,0,0,0
3312182329,-0.10056756,0,0,0,0,0,0,0,0,0
3312693293,-0.10692009,0,0,0,0,0,0,0,0,0
3313203478,-0.10991168,0,0,0,0,0,0,0,0,0
3313714290,-0.10343279,0,0,0,0,0,0,0,0,0
3314225933,-0.10361571,0,0,0,0,0,0,0,0,0
3314736374,-0.09211457,0,0,0,0,0,0,0,0,0
3315246497,-0.091614015,0,0,0,0,0,0,0,0,0
3315757293,-0.09345745,0,0,0,0,0,0,0,0,0
3316267362,-0.0860723,0,0,0,0,0,0,0,0,0
3316778334,-0.09965066,0,0,0,0,0,0,0,0,0
3317288570,-0.09814073,0,0,0,0,0,0,0,0,0
3317799335,-0.093587175,0,0,0,0,0,0,0,0,0
3318302873,-0.09000913,0,0,0,0,0,0,0,0,0
3318813421,-0.08918586,0,0,0,0,0,0,0,0,0
3319323795,-0.09013391,0,0,0,0,0,0,0,0,0
3319834329,-0.08115358,0,0,0,0,0,0,0,0,0
3320344492,-0.08887027,0,0,0,0,0,0,0,0,0
3320855434,-0.079387166,0,0,0,0,0,0,0,0,0
3321365674,-0.07355374,0,0,0,0,0,0,0,0,0
3321876451,-0.06747688,0,0,0,0,0,0,0,0,0
3322388023,-0.06176874,0,0,0,0,0,0,0,0,0
3322898616,-0.054303106,0,0,0,0,0,0,0,0,0
3323408313,-0.05324454,0,0,0,0,0,0,0,0,0
3323919429,-0.05552738,0,0,0,0,0,0,0,0,0
3324430583,-0.048214804,0,0,0,0,0,0,0,0,0
3324940288,-0.06303808,0,0,0,0,0,0,0,0,0
3325440432,-0.080669194,0,0,0,0,0,0,0,0,0
3325951333,-0.07953078,0,0,0,0,0,0,0,0,0
3326461291,-0.08241679,0,0,0,0,0,0,0,0,0
3326971435,-0.08024386,0,0,0,0,0,0,0,0,0
3327474225,-0.083548695,0,0,0,0,0,0,0,0,0
3327984500,-0.09354166,0,0,0,0,0,0,0,0,0
3328485402,-0.09000685,0,0,0,0,0,0,0,0,0
3328996364,-0.08543966,0,0,0,0,0,0,0,0,0
3329506483,-0.08743798,0,0,0,0,0,0,0,0,0
3330016289,-0.085753225,0,0,0,0,0,0,0,0,0
3330526288,-0.08966407,0,0,0,0,0,0,0,0,0
3331026840,-0.08136306,0,0,0,0,0,0,0,0,0
3331537332,-0.08272316,0,0,0,0,0,0,0,0,0
3332047290,-0.071033254,0,0,0,0,0,0,0,0,0
3332559453,-0.06233241,0,0,0,0,0,0,0,0,0
3333069452,-0.057380203,0,0,0,0,0,0,0,0,0
3333580330,-0.05326258,0,0,0,0,0,0,0,0,0
3334090290,-0.045443386,0,0,0,0,0,0,0,0,0
3334590734,-0.043269128,0,0,0,0,0,0,0,0,0
3335100400,-0.03561403,0,0,0,0,0,0,0,0,0
3335602332,-0.030866425,0,0,0,0,0,0,0,0,0
3336112292,-0.026742471,0,0,0,0,0,0,0,0,0
3336624217,-0.023320086,0,0,0,0,0,0,0,0,0
3337135212,-0.017558403,0,0,0,0,0,0,0,0,0
3337645500,-0.015154226,0,0,0,0,0,0,0,0,0
3338146291,-0.011774934,0,0,0,0,0,0,0,0,0
3338657168,-0.018819373,0,0,0,0,0,0,0,0,0
3339166514,-0.027024629,0,0,0,0,0,0,0,0,0
3339677291,-0.023880232,0,0,0,0,0,0,0,0,0
3340187540,-0.04082185,0,0,0,0,0,0,0,0,0
3340698333,-0.039702345,0,0,0,0,0,0,0,0,0
3341209971,-0.048746426,0,0,0,0,0,0,0,0,0
3341720391,-0.050452203,0,0,0,0,0,0,0,0,0
3342230545,-0.05201022,0,0,0,0,0,0,0,0,0
3342741346,-0.049476974,0,0,0,0,0,0,0,0,0
3343251288,-0.048759144,0,0,0,0,0,0,0,0,0
3343762289,-0.039592583,0,0,0,0,0,0,0,0,0
3344272428,-0.03791298,0,0,0,0,0,0,0,0,0
3344783413,-0.039055098,0,0,0,0,0,0,0,0,0
3345286026,-0.05383001,0,0,0,0,0,0,0,0,0
3345796494,-0.051505428,0,0,0,0,0,0,0,0,0
3346306806,-0.063959286,0,0,0,0,0,0,0,0,0
3346817325,-0.063311666,0,0,0,0,0,0,0,0,0
3347327290,-0.052027747,0,0,0,0,0,0,0,0,0
3347838304,-0.0450967,0,0,0,0,0,0,0,0,0
3348348336,-0.042798452,0,0,0,0,0,0,0,0,0
3348859467,-0.038149923,0,0,0,0,0,0,0,0,0
3349369010,-0.038798228,0,0,0,0,0,0,0,0,0
3349879402,-0.045455277,0,0,0,0,0,0,0,0,0
3350389287,-0.045236807,0,0,0,0,0,0,0,0,0
3350890334,-0.0441139,0,0,0,0,0,0,0,0,0
3351401138,-0.04175647,0,0,0,0,0,0,0,0,0
3351911474,-0.036132056,0,0,0,0,0,0,0,0,0
3352421294,-0.0346915,0,0,0,0,0,0,0,0,0
3352921431,-0.032531764,0,0,0,0,0,0,0,0,0
3353431331,-0.031575564,0,0,0,0,0,0,0,0,0
3353942329,-0.033219453,0,0,0,0,0,0,0,0,0
3354442440,-0.03368492,0,0,0,0,0,0,0,0,0
3354952291,-0.03612079,0,0,0,0,0,0,0,0,0
3355452856,-0.028538166,0,0,0,0,0,0,0,0,0
3355962469,-0.033492353,0,0,0,0,0,0,0,0,0
3356473288,-0.044077132,0,0,0,0,0,0,0,0,0
3356983312,-0.08062453,0,0,0,0,0,0,0,0,0
3357484079,-0.08356987,0,0,0,0,0,0,0,0,0
3357994529,-0.09687893,0,0,0,0,0,0,0,0,0
3358505623,-0.11301456,0,0,0,0,0,0,0,0,0
3359015560,-0.119762816,0,0,0,0,0,0,0,0,0
3359524574,-0.13678166,0,0,0,0,0,0,0,0,0
3360035935,-0.16028985,0,0,0,0,0,0,0,0,0
3360546429,-0.18060304,0,0,0,0,0,0,0,0,0
3361056290,-0.2010586,0,0,0,0,0,0,0,0,0
3361566789,-0.2053398,0,0,0,0,0,0,0,0,0
3362077493,-0.21362837,0,0,0,0,0,0,0,0,0
3362587290,-0.20156434,0,0,0,0,0,0,0,0,0
3363099598,-0.1952747,0,0,0,0,0,0,0,0,0
3363610319,-0.17223671,0,0,0,0,0,0,0,0,0
3364120306,-0.16032551,0,0,0,0,0,0,0,0,0
3364631499,-0.14570306,0,0,0,0,0,0,0,0,0
3365141287,-0.1384785,0,0,0,0,0,0,0,0,0
3365652323,-0.13366608,0,0,0,0,0,0,0,0,0
3366162640,-0.12588282,0,0,0,0,0,0,0,0,0
3366673291,-0.12557863,0,0,0,0,0,0,0,0,0
3367183389,-0.1030026,0,0,0,0,0,0,0,0,0
3367694954,-0.09275504,0,0,0,0,0,0,0,0,0
3368205538,-0.088376,0,0,0,0,0,0,0,0,0
3368715403,-0.08308312,0,0,0,0,0,0,0,0,0
3369215521,-0.081801765,0,0,0,0,0,0,0,0,0
3369724288,-0.09853424,0,0,0,0,0,0,0,0,0
3370235534,-0.1344729,0,0,0,0,0,0,0,0,0
3370735629,-0.15275833,0,0,0,0,0,0,0,0,0
3371245401,-0.15138344,0,0,0,0,0,0,0,0,0
3371755878,-0.13871431,0,0,0,0,0,0,0,0,0
3372266365,-0.13596623,0,0,0,0,0,0,0,0,0
3372777333,-0.11501839,0,0,0,0,0,0,0,0,0
3373287435,-0.12120455,0,0,0,0,0,0,0,0,0
3373798977,-0.10643001,0,0,0,0,0,0,0,0,0
3374309474,-0.11067327,0,0,0,0,0,0,0,0,0
3374819972,-0.06781764,0,0,0,0,0,0,0,0,0
3375330309,-0.048418395,0,0,0,0,0,0,0,0,0
3375830529,-0.043425895,0,0,0,0,0,0,0,0,0
3376340289,-0.03524358,0,0,0,0,0,0,0,0,0
3376842310,-0.030367117,0,0,0,0,0,0,0,0,0
3377352849,-0.025872175,0,0,0,0,0,0,0,0,0
3377863894,-0.020219676,0,0,0,0,0,0,0,0,0
3378374662,-0.017905902,0,0,0,0,0,0,0,0,0
3378884390,-0.013085621,0,0,0,0,0,0,0,0,0
3379384467,-0.01233975,0,0,0,0,0,0,0,0,0
3379885695,-0.009566646,0,0,0,0,0,0,0,0,0
3380396032,-0.007609043,0,0,0,0,0,0,0,0,0
3380895603,-0.0043275757,0,0,0,0,0,0,0,0,0
3381405427,-0.003404201,0,0,0,0,0,0,0,0,0
3381907291,0.00022176323,0,0,0,0,0,0,0,0,0
3382417385,0.0015877633,0,0,0,0,0,0,0,0,0
3382929044,0.0029324195,0,0,0,0,0,0,0,0,0
3383439411,0.0052081626,0,0,0,0,0,0,0,0,0
3383949311,0.004693137,0,0,0,0,0,0,0,0,0
3384460370,0.0075325547,0,0,0,0,0,0,0,0,0
3384971497,0.007993495,0,0,0,0,0,0,0,0,0
3385481410,0.008657584,0,0,0,0,0,0,0,0,0
3385981360,0.01061528,0,0,0,0,0,0,0,0,0
3386491289,0.010090244,0,0,0,0,0,0,0,0,0
3387001291,0.011975477,0,0,0,0,0,0,0,0,0
3387501348,0.011788308,0,0,0,0,0,0,0,0,0
3388012545,0.012035008,0,0,0,0,0,0,0,0,0
3388522289,0.012271031,0,0,0,0,0,0,0,0,0
3389022857,0.013722707,0,0,0,0,0,0,0,0,0
3389533469,0.012634712,0,0,0,0,0,0,0,0,0
3390043064,0.015200135,0,0,0,0,0,0,0,0,0
3390553417,0.014791098,0,0,0,0,0,0,0,0,0
3391063985,0.014574947,0,0,0,0,0,0,0,0,0
3391574901,0.014690771,0,0,0,0,0,0,0,0,0
3392084531,0.012638672,0,0,0,0,0,0,0,0,0
3392595442,0.014638879,0,0,0,0,0,0,0,0,0
3393105610,0.013792781,0,0,0,0,0,0,0,0,0
3393616288,0.013034876,0,0,0,0,0,0,0,0,0
3394127867,0.013189354,0,0,0,0,0,0,0,0,0
3394638358,0.011348192,0,0,0,0,0,0,0,0,0
3395139288,0.010961349,0,0,0,0,0,0,0,0,0
3395639377,0.011440548,0,0,0,0,0,0,0,0,0
3396150362,0.010739418,0,0,0,0,0,0,0,0,0
3396660856,0.01005634,0,0,0,0,0,0,0,0,0
3397171413,0.0103720585,0,0,0,0,0,0,0,0,0
3397682384,0.008600394,0,0,0,0,0,0,0,0,0
3398195582,0.010438292,0,0,0,0,0,0,0,0,0
3398705460,0.009934603,0,0,0,0,0,0,0,0,0
3399215770,0.009290945,0,0,0,0,0,0,0,0,0
3399727350,0.009772206,0,0,0,0,0,0,0,0,0
3400237462,0.007804114,0,0,0,0,0,0,0,0,0
3400748288,0.009705094,0,0,0,0,0,0,0,0,0
3401258352,0.0110259075,0,0,0,0,0,0,0,0,0
3401758394,0.010432654,0,0,0,0,0,0,0,0,0
3402268446,0.01075099,0,0,0,0,0,0,0,0,0
3402769685,0.009088616,0,0,0,0,0,0,0,0,0
3403280292,0.008698188,0,0,0,0,0,0,0,0,0
3403790359,0.008681132,0,0,0,0,0,0,0,0,0
3404300315,0.0051879827,0,0,0,0,0,0,0,0,0
3404811288,0.009792109,0,0,0,0,0,0,0,0,0
3405311317,0.00064815336,0,0,0,0,0,0,0,0,0
3405821312,0.004574871,0,0,0,0,0,0,0,0,0
3406322609,0.004929179,0,0,0,0,0,0,0,0,0
3406823289,-0.0061086374,0,0,0,0,0,0,0,0,0
3407335920,-0.011739764,0,0,0,0,0,0,0,0,0
3407846289,-0.015269697,0,0,0,0,0,0,0,0,0
3408356720,-0.015211516,0,0,0,0,0,0,0,0,0
3408867898,-0.014407881,0,0,0,0,0,0,0,0,0
3409377288,-0.07355178,0,0,0,0,0,0,0,0,0
3409878293,-0.0775615,0,0,0,0,0,0,0,0,0
3410388458,-0.09363079,0,0,0,0,0,0,0,0,0
3410899292,-0.06520383,0,0,0,0,0,0,0,0,0
3411409368,-0.08102619,0,0,0,0,0,0,0,0,0
3411912289,-0.13612352,0,0,0,0,0,0,0,0,0
3412422306,-0.11356605,0,0,0,0,0,0,0,0,0
3412934039,-0.098062254,0,0,0,0,0,0,0,0,0
3413443335,-0.08672049,0,0,0,0,0,0,0,0,0
3413954322,-0.0790097,0,0,0,0,0,0,0,0,0
3414464402,-0.08067211,0,0,0,0,0,0,0,0,0
3414965463,-0.06221603,0,0,0,0,0,0,0,0,0
3415477775,-0.057883635,0,0,0,0,0,0,0,0,0
3415979656,-0.04515801,0,0,0,0,0,0,0,0,0
3416489329,-0.027690759,0,0,0,0,0,0,0,0,0
3416989643,-0.005173483,0,0,0,0,0,0,0,0,0
3417500316,-0.0021162091,0,0,0,0,0,0,0,0,0
3418010288,-0.00041530054,0,0,0,0,0,0,0,0,0
3418510374,-0.0043744394,0,0,0,0,0,0,0,0,0
3419020403,-0.0074414075,0,0,0,0,0,0,0,0,0
3419530512,-0.006976513,0,0,0,0,0,0,0,0,0
3420032481,-0.003160737,0,0,0,0,0,0,0,0,0
3420542599,-0.0021473123,0,0,0,0,0,0,0,0,0
3421053331,-0.002883715,0,0,0,0,0,0,0,0,0
3421563476,-0.00026886232,0,0,0,0,0,0,0,0,0
3422065550,0.002523249,0,0,0,0,0,0,0,0,0
3422575658,0.005377608,0,0,0,0,0,0,0,0,0
3423086319,0.005185579,0,0,0,0,0,0,0,0,0
3423596512,0.0152255725,0,0,0,0,0,0,0,0,0
3424106331,0.027472889,0,0,0,0,0,0,0,0,0
3424606379,0.024533428,0,0,0,0,0,0,0,0,0
3425106985,0.031990826,0,0,0,0,0,0,0,0,0
3425617610,0.030504901,0,0,0,0,0,0,0,0,0
3426128287,0.028403018,0,0,0,0,0,0,0,0,0
3426638865,0.025829213,0,0,0,0,0,0,0,0,0
3427149724,0.024687683,0,0,0,0,0,0,0,0,0
3427659288,0.020922251,0,0,0,0,0,0,0,0,0
3428159437,0.020427655,0,0,0,0,0,0,0,0,0
3428669290,0.016721271,0,0,0,0,0,0,0,0,0
3429179785,0.015422077,0,0,0,0,0,0,0,0,0
3429690418,0.015624383,0,0,0,0,0,0,0,0,0
3430203007,0.01234558,0,0,0,0,0,0,0,0,0
3430713289,0.011978842,0,0,0,0,0,0,0,0,0
3431223570,0.009202046,0,0,0,0,0,0,0,0,0
3431734319,0.008475558,0,0,0,0,0,0,0,0,0
3432244442,0.008159822,0,0,0,0,0,0,0,0,0
3432755401,0.00767771,0,0,0,0,0,0,0,0,0
3433265449,0.006110439,0,0,0,0,0,0,0,0,0
3433776604,0.0054475446,0,0,0,0,0,0,0,0,0
3434287889,0.0060907877,0,0,0,0,0,0,0,0,0
3434798436,0.005800772,0,0,0,0,0,0,0,0,0
3435308289,0.0023289532,0,0,0,0,0,0,0,0,0
3435808350,0.0004955856,0,0,0,0,0,0,0,0,0
3436318332,0.003703171,0,0,0,0,0,0,0,0,0
3436819287,0.004472113,0,0,0,0,0,0,0,0,0
3437328332,0.0052161366,0,0,0,0,0,0,0,0,0
3437831289,0.007588294,0,0,0,0,0,0,0,0,0
3438342290,0.005952988,0,0,0,0,0,0,0,0,0
3438854614,0.006539965,0,0,0,0,0,0,0,0,0
3439364318,0.0060295756,0,0,0,0,0,0,0,0,0
3439875401,0.0069879466,0,0,0,0,0,0,0,0,0
3440377340,0.0068567507,0,0,0,0,0,0,0,0,0
3440888323,0.00854471,0,0,0,0,0,0,0,0,0
3441398727,0.007304008,0,0,0,0,0,0,0,0,0
