timestamp,rollspeed_integ,pitchspeed_integ,yawspeed_integ,wheel_rate_integ
3050105369,0.0,0.0,0.0,0.0
3050106619,0.0,0.0,0.0,0.0
3050306543,0.0,0.0,0.0,0.0
3050506230,0.0,0.0,0.0,0.0
3050706035,0.0,0.0,0.0,0.0
3050905849,0.0,0.0,0.0,0.0
3051108314,0.0,0.0,0.0,0.0
3051307952,0.0,0.0,0.0,0.0
3051507758,0.0,0.0,0.0,0.0
3051706314,0.0,0.0,0.0,0.0
3051906124,0.0,0.0,0.0,0.0
3052105928,0.0,0.0,0.0,0.0
3052305732,0.0,0.0,0.0,0.0
3052508042,0.0,0.0,0.0,0.0
3052707854,0.0,0.0,0.0,0.0
3052907656,0.0,0.0,0.0,0.0
3053106211,0.0,0.0,0.0,0.0
3053306024,0.0,0.0,0.0,0.0
3053505828,0.0,0.0,0.0,0.0
3053705634,0.0,0.0,0.0,0.0
3053907939,0.0,0.0,0.0,0.0
3054107785,0.0,0.0,0.0,0.0
3054307552,0.0,0.0,0.0,0.0
3054507363,0.0,0.0,0.0,0.0
3054705924,0.0,0.0,0.0,0.0
3054905823,0.0,0.0,0.0,0.0
3055105541,0.0,0.0,0.0,0.0
3055307839,0.0,0.0,0.0,0.0
3055507650,0.0,0.0,0.0,0.0
3055707601,0.0,0.0,0.0,0.0
3055907266,0.0,0.0,0.0,0.0
3056105818,0.0,0.0,0.0,0.0
3056305625,0.0,0.0,0.0,0.0
3056505440,0.0,0.0,0.0,0.0
3056707738,0.0,0.0,0.0,0.0
3056907543,0.0,0.0,0.0,0.0
3057107353,0.0,0.0,0.0,0.0
3057307162,0.0,0.0,0.0,0.0
3057505720,0.0,0.0,0.0,0.0
3057705532,0.0,0.0,0.0,0.0
3057905329,0.0,0.0,0.0,0.0
3058108887,0.0,0.0,0.0,0.0
3058307449,0.0,0.0,0.0,0.0
3058507260,0.0,0.0,0.0,0.0
3058707100,0.0,0.0,0.0,0.0
3058906876,0.0,0.0,0.0,0.0
3059105424,0.0,0.0,0.0,0.0
3059305242,0.0,0.0,0.0,0.0
3059505115,0.0,0.0,0.0,0.0
3059707350,0.0,0.0,0.0,0.0
3059907154,0.0,0.0,0.0,0.0
3060106958,0.0,0.0,0.0,0.0
3060306894,0.0,0.0,0.0,0.0
3060505329,0.0,0.0,0.0,0.0
3060705143,0.0,0.0,0.0,0.0
3060908688,0.0,0.0,0.0,0.0
3061107426,0.0,0.0,0.0,0.0
3061307048,0.0,0.0,0.0,0.0
3061506858,0.0,0.0,0.0,0.0
3061706667,0.0,0.0,0.0,0.0
3061905235,0.0,0.0,0.0,0.0
3062105036,0.0,0.0,0.0,0.0
3062308589,0.0,0.0,0.0,0.0
3062508398,0.0,0.0,0.0,0.0
3062706958,0.0,0.0,0.0,0.0
3062906760,0.0,0.0,0.0,0.0
3063106571,0.0,0.0,0.0,0.0
3063306389,0.0,0.0,0.0,0.0
3063504933,0.0,0.0,0.0,0.0
3063708498,0.0,0.0,0.0,0.0
3063908310,0.0,0.0,0.0,0.0
3064106917,0.0,0.0,0.0,0.0
3064306669,0.0,0.0,0.0,0.0
3064506477,0.0,0.0,0.0,0.0
3064706284,0.0,0.0,0.0,0.0
3064904938,0.0,0.0,0.0,0.0
3065108398,0.0,0.0,0.0,0.0
3065308209,0.0,0.0,0.0,0.0
3065506761,0.0,0.0,0.0,0.0
3065706734,0.0,0.0,0.0,0.0
3065906372,0.0,0.0,0.0,0.0
3066106180,0.0,0.0,0.0,0.0
3066304742,0.0,0.0,0.0,0.0
3066508306,0.0,0.0,0.0,0.0
3066709354,0.0,0.0,0.0,0.0
3066907912,0.0,0.0,0.0,0.0
3067106471,0.0,0.0,0.0,0.0
3067306280,0.0,0.0,0.0,0.0
3067506093,0.0,0.0,0.0,0.0
3067705899,0.0,0.0,0.0,0.0
3067908199,0.0,0.0,0.0,0.0
3068108018,0.0,0.0,0.0,0.0
3068307830,0.0,0.0,0.0,0.0
3068506372,0.0,0.0,0.0,0.0
3068706214,0.0,0.0,0.0,0.0
3068905990,0.0,0.0,0.0,0.0
3069105804,0.0,0.0,0.0,0.0
3069308104,0.0,0.0,0.0,0.0
3069507996,0.0,0.0,0.0,0.0
3069707719,0.0,0.0,0.0,0.0
3069906284,0.0,0.0,0.0,0.0
3070106092,0.0,0.0,0.0,0.0
3070306034,0.0,0.0,0.0,0.0
3070505708,0.0,0.0,0.0,0.0
3070708007,0.0,0.0,0.0,0.0
3070907815,0.0,0.0,0.0,0.0
3071107829,0.0,0.0,0.0,0.0
3071307432,0.0,0.0,0.0,0.0
3071505988,0.0,0.0,0.0,0.0
3071705797,0.0,0.0,0.0,0.0
3071905605,0.0,0.0,0.0,0.0
3072107920,0.0,0.0,0.0,0.0
3072307715,0.0,0.0,0.0,0.0
3072507524,0.0,0.0,0.0,0.0
3072707345,0.0,0.0,0.0,0.0
3072905892,0.0,0.0,0.0,0.0
3073105698,0.0,0.0,0.0,0.0
3073305529,0.0,0.0,0.0,0.0
3073507816,0.0,0.0,0.0,0.0
3073707625,0.0,0.0,0.0,0.0
3073907433,0.0,0.0,0.0,0.0
3074107332,0.0,0.0,0.0,0.0
3074305805,0.0,0.0,0.0,0.0
3074505609,0.0,0.0,0.0,0.0
3074705415,0.0,0.0,0.0,0.0
3074905351,0.0,0.0,0.0,0.0
3075107526,0.0,0.0,0.0,0.0
3075307335,0.0,0.0,0.0,0.0
3075507142,0.0,0.0,0.0,0.0
3075705885,0.0,0.0,0.0,0.0
3075905518,0.0,0.0,0.0,0.0
3076105328,0.0,0.0,0.0,0.0
3076308877,0.0,0.0,0.0,0.0
3076507440,0.0,0.0,0.0,0.0
3076707248,0.0,0.0,0.0,0.0
3076907053,0.0,0.0,0.0,0.0
3077106869,0.0,0.0,0.0,0.0
3077305420,0.0,0.0,0.0,0.0
3077505237,0.0,0.0,0.0,0.0
3077708790,0.0,0.0,0.0,0.0
3077907349,0.0,0.0,0.0,0.0
3078107148,0.0,0.0,0.0,0.0
3078306955,0.0,0.0,0.0,0.0
3078506761,0.0,0.0,0.0,0.0
3078705383,0.0,0.0,0.0,0.0
3078905135,0.0,0.0,0.0,0.0
3079108688,0.0,0.0,0.0,0.0
3079307254,0.0,0.0,0.0,0.0
3079507171,0.0,0.0,0.0,0.0
3079706875,0.0,0.0,0.0,0.0
3079906679,0.0,0.0,0.0,0.0
3080106488,0.0,0.0,0.0,0.0
3080306461,0.0,0.0,0.0,0.0
3080506111,0.0,0.0,0.0,0.0
3080705911,0.0,0.0,0.0,0.0
3080906965,0.0,0.0,0.0,0.0
3081106780,0.0,0.0,0.0,0.0
3081306585,0.0,0.0,0.0,0.0
3081506391,0.0,0.0,0.0,0.0
3081704954,0.0,0.0,0.0,0.0
3081908512,0.0,0.0,0.0,0.0
3082108325,0.0,0.0,0.0,0.0
3082306876,0.0,0.0,0.0,0.0
3082506682,0.0,0.0,0.0,0.0
3082706494,0.0,0.0,0.0,0.0
3082906310,0.0,0.0,0.0,0.0
3083104857,0.0,0.0,0.0,0.0
3083308454,0.0,0.0,0.0,0.0
3083508223,0.0,0.0,0.0,0.0
3083706786,0.0,0.0,0.0,0.0
3083906592,0.0,0.0,0.0,0.0
3084106487,0.0,0.0,0.0,0.0
3084306206,0.0,0.0,0.0,0.0
3084504771,0.0,0.0,0.0,0.0
3084708319,0.0,0.0,0.0,0.0
3084908266,0.0,0.0,0.0,0.0
3085107937,0.0,0.0,0.0,0.0
3085306505,0.0,0.0,0.0,0.0
3085506314,0.0,0.0,0.0,0.0
3085706320,0.0,0.0,0.0,0.0
3085905929,0.0,0.0,0.0,0.0
3086108232,0.0,0.0,0.0,0.0
3086308042,0.0,0.0,0.0,0.0
3086507859,0.0,0.0,0.0,0.0
3086706410,0.0,0.0,0.0,0.0
3086906217,0.0,0.0,0.0,0.0
3087106027,0.0,0.0,0.0,0.0
3087305839,0.0,0.0,0.0,0.0
3087508142,0.0,0.0,0.0,0.0
3087707950,0.0,0.0,0.0,0.0
3087907779,0.0,0.0,0.0,0.0
3088106320,0.0,0.0,0.0,0.0
3088306130,0.0,0.0,0.0,0.0
3088505937,0.0,0.0,0.0,0.0
3088705816,0.0,0.0,0.0,0.0
3088908061,0.0,0.0,0.0,0.0
3089107863,0.0,0.0,0.0,0.0
3089307670,0.0,0.0,0.0,0.0
3089507598,0.0,0.0,0.0,0.0
3089706036,0.0,0.0,0.0,0.0
3089905845,0.0,0.0,0.0,0.0
3090105653,0.0,0.0,0.0,0.0
3090308142,0.0,0.0,0.0,0.0
3090507769,0.0,0.0,0.0,0.0
3090707578,0.0,0.0,0.0,0.0
3090907387,0.0,0.0,0.0,0.0
3091105949,0.0,0.0,0.0,0.0
3091305760,0.0,0.0,0.0,0.0
3091505571,0.0,0.0,0.0,0.0
3091709127,0.0,0.0,0.0,0.0
3091907684,0.0,0.0,0.0,0.0
3092107487,0.0,0.0,0.0,0.0
3092307312,0.0,0.0,0.0,0.0
3092505853,0.0,0.0,0.0,0.0
3092705666,0.0,0.0,0.0,0.0
3092905484,0.0,0.0,0.0,0.0
3093107789,0.0,0.0,0.0,0.0
3093307643,0.0,0.0,0.0,0.0
3093507399,0.0,0.0,0.0,0.0
3093707210,0.0,0.0,0.0,0.0
3093905768,0.0,0.0,0.0,0.0
3094105676,0.0,0.0,0.0,0.0
3094305389,0.0,0.0,0.0,0.0
3094508948,0.0,0.0,0.0,0.0
3094707506,0.0,0.0,0.0,0.0
3094907473,0.0,0.0,0.0,0.0
3095107129,0.0,0.0,0.0,0.0
3095306937,0.0,0.0,0.0,0.0
3095505491,0.0,0.0,0.0,0.0
3095705506,0.0,0.0,0.0,0.0
3095908866,0.0,0.0,0.0,0.0
3096107415,0.0,0.0,0.0,0.0
3096307228,0.0,0.0,0.0,0.0
3096507029,0.0,0.0,0.0,0.0
3096706849,0.0,0.0,0.0,0.0
3096905408,0.0,0.0,0.0,0.0
3097105214,0.0,0.0,0.0,0.0
3097308777,0.0,0.0,0.0,0.0
3097507327,0.0,0.0,0.0,0.0
3097707142,0.0,0.0,0.0,0.0
3097906972,0.0,0.0,0.0,0.0
3098106757,0.0,0.0,0.0,0.0
3098305316,0.0,0.0,0.0,0.0
3098505125,0.0,0.0,0.0,0.0
3098708771,0.0,0.0,0.0,0.0
3098907242,0.0,0.0,0.0,0.0
3099107045,0.0,0.0,0.0,0.0
3099306857,0.0,0.0,0.0,0.0
3099506801,0.0,0.0,0.0,0.0
3099705248,0.0,0.0,0.0,0.0
3099905048,0.0,0.0,0.0,0.0
3100108591,0.0,0.0,0.0,0.0
3100307345,0.0,0.0,0.0,0.0
3100506970,0.0,0.0,0.0,0.0
3100706780,0.0,0.0,0.0,0.0
3100906595,0.0,0.0,0.0,0.0
3101106393,0.0,0.0,0.0,0.0
3101304950,0.0,0.0,0.0,0.0
3101506014,0.0,0.0,0.0,0.0
3101705823,0.0,0.0,0.0,0.0
3101906890,0.0,0.0,0.0,0.0
3102106691,0.0,0.0,0.0,0.0
3102306497,0.0,0.0,0.0,0.0
3102506329,0.0,0.0,0.0,0.0
3102704869,0.0,0.0,0.0,0.0
3102908421,0.0,0.0,0.0,0.0
3103108230,0.0,0.0,0.0,0.0
3103306848,0.0,0.0,0.0,0.0
3103506602,0.0,0.0,0.0,0.0
3103706412,0.0,0.0,0.0,0.0
3103906222,0.0,0.0,0.0,0.0
3104104882,0.0,0.0,0.0,0.0
3104308340,0.0,0.0,0.0,0.0
3104508146,0.0,0.0,0.0,0.0
3104706707,0.0,0.0,0.0,0.0
3104906671,0.0,0.0,0.0,0.0
3105106327,0.0,0.0,0.0,0.0
3105306133,0.0,0.0,0.0,0.0
3105504693,0.0,0.0,0.0,0.0
3105708253,0.0,0.0,0.0,0.0
3105908061,0.0,0.0,0.0,0.0
3106107867,0.0,0.0,0.0,0.0
3106306432,0.0,0.0,0.0,0.0
3106506246,0.0,0.0,0.0,0.0
3106706054,0.0,0.0,0.0,0.0
3106905867,0.0,0.0,0.0,0.0
3107108162,0.0,0.0,0.0,0.0
3107307976,0.0,0.0,0.0,0.0
3107507786,0.0,0.0,0.0,0.0
3107706345,0.0,0.0,0.0,0.0
3107906186,0.0,0.0,0.0,0.0
3108105967,0.0,0.0,0.0,0.0
3108305779,0.0,0.0,0.0,0.0
3108508084,0.0,0.0,0.0,0.0
3108707975,0.0,0.0,0.0,0.0
3108907701,0.0,0.0,0.0,0.0
3109106264,0.0,0.0,0.0,0.0
3109306078,0.0,0.0,0.0,0.0
3109506021,0.0,0.0,0.0,0.0
3109705696,0.0,0.0,0.0,0.0
3109908005,0.0,0.0,0.0,0.0
3110107812,0.0,0.0,0.0,0.0
3110307822,0.0,0.0,0.0,0.0
3110507432,0.0,0.0,0.0,0.0
3110705987,0.0,0.0,0.0,0.0
3110905795,0.0,0.0,0.0,0.0
3111105605,0.0,0.0,0.0,0.0
3111305415,0.0,0.0,0.0,0.0
3111507725,0.0,0.0,0.0,0.0
3111707539,0.0,0.0,0.0,0.0
3111907361,0.0,0.0,0.0,0.0
3112105906,0.0,0.0,0.0,0.0
3112305715,0.0,0.0,0.0,0.0
3112505540,0.0,0.0,0.0,0.0
3112707828,0.0,0.0,0.0,0.0
3112907638,0.0,0.0,0.0,0.0
3113107451,0.0,0.0,0.0,0.0
3113307333,0.0,0.0,0.0,0.0
3113505823,0.0,0.0,0.0,0.0
3113705631,0.0,0.0,0.0,0.0
3113905439,0.0,0.0,0.0,0.0
3114109130,0.0,0.0,0.0,0.0
3114307563,0.0,0.0,0.0,0.0
3114507369,0.0,0.0,0.0,0.0
3114707175,0.0,0.0,0.0,0.0
3114905893,0.0,0.0,0.0,0.0
3115105548,0.0,0.0,0.0,0.0
3115305357,0.0,0.0,0.0,0.0
3115508914,0.0,0.0,0.0,0.0
3115707482,0.0,0.0,0.0,0.0
3115907286,0.0,0.0,0.0,0.0
3116107101,0.0,0.0,0.0,0.0
3116306907,0.0,0.0,0.0,0.0
3116505474,0.0,0.0,0.0,0.0
3116705282,0.0,0.0,0.0,0.0
3116908839,0.0,0.0,0.0,0.0
3117107387,0.0,0.0,0.0,0.0
3117307203,0.0,0.0,0.0,0.0
3117507012,0.0,0.0,0.0,0.0
3117706827,0.0,0.0,0.0,0.0
3117905428,0.0,0.0,0.0,0.0
3118105195,0.0,0.0,0.0,0.0
3118310005,0.0,0.0,0.0,0.0
3118507312,0.0,0.0,0.0,0.0
3118707218,0.0,0.0,0.0,0.0
3118906936,0.0,0.0,0.0,0.0
3119106742,0.0,0.0,0.0,0.0
3119305304,0.0,0.0,0.0,0.0
3119505258,0.0,0.0,0.0,0.0
3119708674,0.0,0.0,0.0,0.0
3119907232,0.0,0.0,0.0,0.0
3120107040,0.0,0.0,0.0,0.0
3120307042,0.0,0.0,0.0,0.0
3120506666,0.0,0.0,0.0,0.0
3120705230,0.0,0.0,0.0,0.0
3120905029,0.0,0.0,0.0,0.0
3121108584,0.0,0.0,0.0,0.0
3121308402,0.0,0.0,0.0,0.0
3121506965,0.0,0.0,0.0,0.0
3121707206,0.0,0.0,0.0,0.0
3121906593,0.0,0.0,0.0,0.0
3122106391,0.0,0.0,0.0,0.0
3122306203,0.0,0.0,0.0,0.0
3122506034,0.0,0.0,0.0,0.0
3122705821,0.0,0.0,0.0,0.0
3122906879,0.0,0.0,0.0,0.0
3123106686,0.0,0.0,0.0,0.0
3123306569,0.0,0.0,0.0,0.0
3123506328,0.0,0.0,0.0,0.0
3123704875,0.0,0.0,0.0,0.0
3123908427,0.0,0.0,0.0,0.0
3124108362,0.0,0.0,0.0,0.0
3124306803,0.0,0.0,0.0,0.0
3124506607,0.0,0.0,0.0,0.0
3124706416,0.0,0.0,0.0,0.0
3124906407,0.0,0.0,0.0,0.0
3125104797,0.0,0.0,0.0,0.0
3125308350,0.0,0.0,0.0,0.0
3125508159,0.0,0.0,0.0,0.0
3125706720,0.0,0.0,0.0,0.0
3125906531,0.0,0.0,0.0,0.0
3126106337,0.0,0.0,0.0,0.0
3126306148,0.0,0.0,0.0,0.0
3126504712,0.0,0.0,0.0,0.0
3126708271,0.0,0.0,0.0,0.0
3126908084,0.0,0.0,0.0,0.0
3127107895,0.0,0.0,0.0,0.0
3127306460,0.0,0.0,0.0,0.0
3127506265,0.0,0.0,0.0,0.0
3127706078,0.0,0.0,0.0,0.0
3127905931,0.0,0.0,0.0,0.0
3128108190,0.0,0.0,0.0,0.0
3128308005,0.0,0.0,0.0,0.0
3128507823,0.0,0.0,0.0,0.0
3128706466,0.0,0.0,0.0,0.0
3128906180,0.0,0.0,0.0,0.0
3129105986,0.0,0.0,0.0,0.0
3129305808,0.0,0.0,0.0,0.0
3129509522,0.0,0.0,0.0,0.0
3129707919,0.0,0.0,0.0,0.0
3129907731,0.0,0.0,0.0,0.0
3130106295,0.0,0.0,0.0,0.0
3130306116,0.0,0.0,0.0,0.0
3130505911,0.0,0.0,0.0,0.0
3130705727,0.0,0.0,0.0,0.0
3130908035,0.0,0.0,0.0,0.0
3131107847,0.0,0.0,0.0,0.0
3131307655,0.0,0.0,0.0,0.0
3131506212,0.0,0.0,0.0,0.0
3131706028,0.0,0.0,0.0,0.0
3131907092,0.0,0.0,0.0,0.0
3132105647,0.0,0.0,0.0,0.0
3132307949,0.0,0.0,0.0,0.0
3132507792,0.0,0.0,0.0,0.0
3132707574,0.0,0.0,0.0,0.0
3132907388,0.0,0.0,0.0,0.0
3133105953,0.0,0.0,0.0,0.0
3133305836,0.0,0.0,0.0,0.0
3133505574,0.0,0.0,0.0,0.0
3133707874,0.0,0.0,0.0,0.0
3133907687,0.0,0.0,0.0,0.0
3134107624,0.0,0.0,0.0,0.0
3134307323,0.0,0.0,0.0,0.0
3134505868,0.0,0.0,0.0,0.0
3134705678,0.0,0.0,0.0,0.0
3134901918,0.0,0.0,0.0,0.0
3135107800,0.0,0.0,0.0,0.0
3135307610,0.0,0.0,0.0,0.0
3135507418,0.0,0.0,0.0,0.0
3135707235,0.0,0.0,0.0,0.0
3135905788,0.0,0.0,0.0,0.0
3136105598,0.0,0.0,0.0,0.0
3136305410,0.0,0.0,0.0,0.0
3136507721,0.0,0.0,0.0,0.0
3136707530,0.0,0.0,0.0,0.0
3136907342,0.0,0.0,0.0,0.0
3137107160,0.0,0.0,0.0,0.0
3137305714,0.0,0.0,0.0,0.0
3137505526,0.0,0.0,0.0,0.0
3137705334,0.0,0.0,0.0,0.0
3137908953,0.0,0.0,0.0,0.0
3138107459,0.0,0.0,0.0,0.0
3138307265,0.0,0.0,0.0,0.0
3138507081,0.0,0.0,0.0,0.0
3138705750,0.0,0.0,0.0,0.0
3138905459,0.0,0.0,0.0,0.0
3139105270,0.0,0.0,0.0,0.0
3139308824,0.0,0.0,0.0,0.0
3139507542,0.0,0.0,0.0,0.0
3139707194,0.0,0.0,0.0,0.0
3139907007,0.0,0.0,0.0,0.0
3140106822,0.0,0.0,0.0,0.0
3140305374,0.0,0.0,0.0,0.0
3140505180,0.0,0.0,0.0,0.0
3140708756,0.0,0.0,0.0,0.0
3140907307,0.0,0.0,0.0,0.0
3141107117,0.0,0.0,0.0,0.0
3141306926,0.0,0.0,0.0,0.0
3141506731,0.0,0.0,0.0,0.0
3141705301,0.0,0.0,0.0,0.0
3141905115,0.0,0.0,0.0,0.0
3142108665,0.0,0.0,0.0,0.0
3142307235,0.0,0.0,0.0,0.0
3142507078,0.0,0.0,0.0,0.0
3142706851,0.0,0.0,0.0,0.0
3142906670,0.0,0.0,0.0,0.0
3143105232,0.0,0.0,0.0,0.0
3143305115,0.0,0.0,0.0,0.0
3143504847,0.0,0.0,0.0,0.0
3143705905,0.0,0.0,0.0,0.0
3143906962,0.0,0.0,0.0,0.0
3144106907,0.0,0.0,0.0,0.0
3144306590,0.0,0.0,0.0,0.0
3144506398,0.0,0.0,0.0,0.0
3144704959,0.0,0.0,0.0,0.0
3144908715,0.0,0.0,0.0,0.0
3145108338,0.0,0.0,0.0,0.0
3145306887,0.0,0.0,0.0,0.0
3145506697,0.0,0.0,0.0,0.0
3145706510,0.0,0.0,0.0,0.0
3145906335,0.0,0.0,0.0,0.0
3146104882,0.0,0.0,0.0,0.0
3146308440,0.0,0.0,0.0,0.0
3146508258,0.0,0.0,0.0,0.0
3146706823,0.0,0.0,0.0,0.0
3146906626,0.0,0.0,0.0,0.0
3147106459,0.0,0.0,0.0,0.0
3147306254,0.0,0.0,0.0,0.0
3147504822,0.0,0.0,0.0,0.0
3147708364,0.0,0.0,0.0,0.0
3147908245,0.0,0.0,0.0,0.0
3148106747,0.0,0.0,0.0,0.0
3148306556,0.0,0.0,0.0,0.0
3148506366,0.0,0.0,0.0,0.0
3148706283,0.0,0.0,0.0,0.0
3148904735,0.0,0.0,0.0,0.0
3149108303,0.0,0.0,0.0,0.0
3149308117,0.0,0.0,0.0,0.0
3149508107,0.0,0.0,0.0,0.0
3149706475,0.0,0.0,0.0,0.0
3149906292,0.0,0.0,0.0,0.0
3150102353,0.0,0.0,0.0,0.0
3150305909,0.0,0.0,0.0,0.0
3150508227,0.0,0.0,0.0,0.0
3150708034,0.0,0.0,0.0,0.0
3150907851,0.0,0.0,0.0,0.0
3151106405,0.0,0.0,0.0,0.0
3151306221,0.0,0.0,0.0,0.0
3151506032,0.0,0.0,0.0,0.0
3151705850,0.0,0.0,0.0,0.0
3151908154,0.0,0.0,0.0,0.0
3152107962,0.0,0.0,0.0,0.0
3152307776,0.0,0.0,0.0,0.0
3152506368,0.0,0.0,0.0,0.0
3152706143,0.0,0.0,0.0,0.0
3152905955,0.0,0.0,0.0,0.0
3153105766,0.0,0.0,0.0,0.0
3153308164,0.0,0.0,0.0,0.0
3153507890,0.0,0.0,0.0,0.0
3153707698,0.0,0.0,0.0,0.0
3153906269,0.0,0.0,0.0,0.0
3154106233,0.0,0.0,0.0,0.0
3154305885,0.0,0.0,0.0,0.0
3154505697,0.0,0.0,0.0,0.0
3154708000,0.0,0.0,0.0,0.0
3154908008,0.0,0.0,0.0,0.0
3155107625,0.0,0.0,0.0,0.0
3155307438,0.0,0.0,0.0,0.0
3155505997,0.0,0.0,0.0,0.0
3155705812,0.0,0.0,0.0,0.0
3155905623,0.0,0.0,0.0,0.0
3156107937,0.0,0.0,0.0,0.0
3156307745,0.0,0.0,0.0,0.0
3156507561,0.0,0.0,0.0,0.0
3156707370,0.0,0.0,0.0,0.0
3156905929,0.0,0.0,0.0,0.0
3157105756,0.0,0.0,0.0,0.0
3157305550,0.0,0.0,0.0,0.0
3157507862,0.0,0.0,0.0,0.0
3157707676,0.0,0.0,0.0,0.0
3157907563,0.0,0.0,0.0,0.0
3158107318,0.0,0.0,0.0,0.0
3158305868,0.0,0.0,0.0,0.0
3158505667,0.0,0.0,0.0,0.0
3158705595,0.0,0.0,0.0,0.0
3158905307,0.0,0.0,0.0,0.0
3159107599,0.0,0.0,0.0,0.0
3159307413,0.0,0.0,0.0,0.0
3159507400,0.0,0.0,0.0,0.0
3159705792,0.0,0.0,0.0,0.0
3159905602,0.0,0.0,0.0,0.0
3160105414,0.0,0.0,0.0,0.0
3160307722,0.0,0.0,0.0,0.0
3160507535,0.0,0.0,0.0,0.0
3160707354,0.0,0.0,0.0,0.0
3160907159,0.0,0.0,0.0,0.0
3161105715,0.0,0.0,0.0,0.0
3161305527,0.0,0.0,0.0,0.0
3161505338,0.0,0.0,0.0,0.0
3161708910,0.0,0.0,0.0,0.0
3161907467,0.0,0.0,0.0,0.0
3162107277,0.0,0.0,0.0,0.0
3162307089,0.0,0.0,0.0,0.0
3162506950,0.0,0.0,0.0,0.0
3162705469,0.0,0.0,0.0,0.0
3162905282,0.0,0.0,0.0,0.0
3163108839,0.0,0.0,0.0,0.0
3163307941,0.0,0.0,0.0,0.0
3163507210,0.0,0.0,0.0,0.0
3163707018,0.0,0.0,0.0,0.0
3163906838,0.0,0.0,0.0,0.0
3164105532,0.0,0.0,0.0,0.0
3164305200,0.0,0.0,0.0,0.0
3164505012,0.0,0.0,0.0,0.0
3164704830,0.0,0.0,0.0,0.0
3164907141,0.0,0.0,0.0,0.0
3165106949,0.0,0.0,0.0,0.0
3165306761,0.0,0.0,0.0,0.0
3165505322,0.0,0.0,0.0,0.0
3165705136,0.0,0.0,0.0,0.0
3165908694,0.0,0.0,0.0,0.0
3166107253,0.0,0.0,0.0,0.0
3166307066,0.0,0.0,0.0,0.0
3166506877,0.0,0.0,0.0,0.0
3166706687,0.0,0.0,0.0,0.0
3166905262,0.0,0.0,0.0,0.0
3167105098,0.0,0.0,0.0,0.0
3167308622,0.0,0.0,0.0,0.0
3167508439,0.0,0.0,0.0,0.0
3167706999,0.0,0.0,0.0,0.0
3167906892,0.0,0.0,0.0,0.0
3168106627,0.0,0.0,0.0,0.0
3168306435,0.0,0.0,0.0,0.0
3168505002,0.0,0.0,0.0,0.0
3168708675,0.0,0.0,0.0,0.0
3168908364,0.0,0.0,0.0,0.0
3169106936,0.0,0.0,0.0,0.0
3169306744,0.0,0.0,0.0,0.0
3169506738,0.0,0.0,0.0,0.0
3169706367,0.0,0.0,0.0,0.0
3169904929,0.0,0.0,0.0,0.0
3170108497,0.0,0.0,0.0,0.0
3170308317,0.0,0.0,0.0,0.0
3170506858,0.0,0.0,0.0,0.0
3170706671,0.0,0.0,0.0,0.0
3170906485,0.0,0.0,0.0,0.0
3171106309,0.0,0.0,0.0,0.0
3171304864,0.0,0.0,0.0,0.0
3171508420,0.0,0.0,0.0,0.0
3171708242,0.0,0.0,0.0,0.0
3171906803,0.0,0.0,0.0,0.0
3172106613,0.0,0.0,0.0,0.0
3172306419,0.0,0.0,0.0,0.0
3172506306,0.0,0.0,0.0,0.0
3172704802,0.0,0.0,0.0,0.0
3172908358,0.0,0.0,0.0,0.0
3173108168,0.0,0.0,0.0,0.0
3173306844,0.0,0.0,0.0,0.0
3173506543,0.0,0.0,0.0,0.0
3173706357,0.0,0.0,0.0,0.0
3173906164,0.0,0.0,0.0,0.0
3174104893,0.0,0.0,0.0,0.0
3174308282,0.0,0.0,0.0,0.0
3174508100,0.0,0.0,0.0,0.0
3174707909,0.0,0.0,0.0,0.0
3174906484,0.0,0.0,0.0,0.0
3175106300,0.0,0.0,0.0,0.0
3175306107,0.0,0.0,0.0,0.0
3175505913,0.0,0.0,0.0,0.0
3175708223,0.0,0.0,0.0,0.0
3175908035,0.0,0.0,0.0,0.0
3176107855,0.0,0.0,0.0,0.0
3176306410,0.0,0.0,0.0,0.0
3176506225,0.0,0.0,0.0,0.0
3176706034,0.0,0.0,0.0,0.0
3176905858,0.0,0.0,0.0,0.0
3177108186,0.0,0.0,0.0,0.0
3177307968,0.0,0.0,0.0,0.0
3177507783,0.0,0.0,0.0,0.0
3177706342,0.0,0.0,0.0,0.0
3177906233,0.0,0.0,0.0,0.0
3178105976,0.0,0.0,0.0,0.0
3178305776,0.0,0.0,0.0,0.0
3178508095,0.0,0.0,0.0,0.0
3178708036,0.0,0.0,0.0,0.0
3178907717,0.0,0.0,0.0,0.0
3179106284,0.0,0.0,0.0,0.0
3179306091,0.0,0.0,0.0,0.0
3179506083,0.0,0.0,0.0,0.0
3179705716,0.0,0.0,0.0,0.0
3179908021,0.0,0.0,0.0,0.0
3180107838,0.0,0.0,0.0,0.0
3180307644,0.0,0.0,0.0,0.0
3180506222,0.0,0.0,0.0,0.0
3180706033,0.0,0.0,0.0,0.0
3180905839,0.0,0.0,0.0,0.0
3181105655,0.0,0.0,0.0,0.0
3181307962,0.0,0.0,0.0,0.0
3181507776,0.0,0.0,0.0,0.0
3181707596,0.0,0.0,0.0,0.0
3181907401,0.0,0.0,0.0,0.0
3182105960,0.0,0.0,0.0,0.0
3182305774,0.0,0.0,0.0,0.0
3182505643,0.0,0.0,0.0,0.0
3182707894,0.0,0.0,0.0,0.0
3182907706,0.0,0.0,0.0,0.0
3183107516,0.0,0.0,0.0,0.0
3183307435,0.0,0.0,0.0,0.0
3183505902,0.0,0.0,0.0,0.0
3183705708,0.0,0.0,0.0,0.0
3183905527,0.0,0.0,0.0,0.0
3184107998,0.0,0.0,0.0,0.0
3184307646,0.0,0.0,0.0,0.0
3184507464,0.0,0.0,0.0,0.0
3184707274,0.0,0.0,0.0,0.0
3184905834,0.0,0.0,0.0,0.0
3185105644,0.0,0.0,0.0,0.0
3185305464,0.0,0.0,0.0,0.0
3185505280,0.0,0.0,0.0,0.0
3185707582,0.0,0.0,0.0,0.0
3185907396,0.0,0.0,0.0,0.0
3186107207,0.0,0.0,0.0,0.0
3186305771,0.0,0.0,0.0,0.0
3186505585,0.0,0.0,0.0,0.0
3186705397,0.0,0.0,0.0,0.0
3186907704,0.0,0.0,0.0,0.0
3187107562,0.0,0.0,0.0,0.0
3187307327,0.0,0.0,0.0,0.0
3187507141,0.0,0.0,0.0,0.0
3187705706,0.0,0.0,0.0,0.0
3187905600,0.0,0.0,0.0,0.0
3188105335,0.0,0.0,0.0,0.0
3188308892,0.0,0.0,0.0,0.0
3188507458,0.0,0.0,0.0,0.0
3188707405,0.0,0.0,0.0,0.0
3188907088,0.0,0.0,0.0,0.0
3189106898,0.0,0.0,0.0,0.0
3189305467,0.0,0.0,0.0,0.0
3189505469,0.0,0.0,0.0,0.0
3189708837,0.0,0.0,0.0,0.0
3189907396,0.0,0.0,0.0,0.0
3190107205,0.0,0.0,0.0,0.0
3190307019,0.0,0.0,0.0,0.0
3190506841,0.0,0.0,0.0,0.0
3190705394,0.0,0.0,0.0,0.0
3190905210,0.0,0.0,0.0,0.0
3191108777,0.0,0.0,0.0,0.0
3191307335,0.0,0.0,0.0,0.0
3191507142,0.0,0.0,0.0,0.0
3191706971,0.0,0.0,0.0,0.0
3191906770,0.0,0.0,0.0,0.0
3192105335,0.0,0.0,0.0,0.0
3192305146,0.0,0.0,0.0,0.0
3192508779,0.0,0.0,0.0,0.0
3192707276,0.0,0.0,0.0,0.0
3192907090,0.0,0.0,0.0,0.0
3193106898,0.0,0.0,0.0,0.0
3193306825,0.0,0.0,0.0,0.0
3193505284,0.0,0.0,0.0,0.0
3193705086,0.0,0.0,0.0,0.0
3193908646,0.0,0.0,0.0,0.0
3194107364,0.0,0.0,0.0,0.0
3194307016,0.0,0.0,0.0,0.0
3194506831,0.0,0.0,0.0,0.0
3194706648,0.0,0.0,0.0,0.0
3194905214,0.0,0.0,0.0,0.0
3195105027,0.0,0.0,0.0,0.0
3195308580,0.0,0.0,0.0,0.0
3195508396,0.0,0.0,0.0,0.0
3195706967,0.0,0.0,0.0,0.0
3195906778,0.0,0.0,0.0,0.0
3196106589,0.0,0.0,0.0,0.0
3196306401,0.0,0.0,0.0,0.0
3196504960,0.0,0.0,0.0,0.0
3196704781,0.0,0.0,0.0,0.0
3196908339,0.0,0.0,0.0,0.0
3197106935,0.0,0.0,0.0,0.0
3197306715,0.0,0.0,0.0,0.0
3197506529,0.0,0.0,0.0,0.0
3197706346,0.0,0.0,0.0,0.0
3197905003,0.0,0.0,0.0,0.0
3198108479,0.0,0.0,0.0,0.0
3198308280,0.0,0.0,0.0,0.0
3198506840,0.0,0.0,0.0,0.0
3198706790,0.0,0.0,0.0,0.0
3198906463,0.0,0.0,0.0,0.0
3199106281,0.0,0.0,0.0,0.0
3199304838,0.0,0.0,0.0,0.0
3199508599,0.0,0.0,0.0,0.0
3199708219,0.0,0.0,0.0,0.0
3199906783,0.0,0.0,0.0,0.0
3200106595,0.0,0.0,0.0,0.0
3200306404,0.0,0.0,0.0,0.0
3200506222,0.0,0.0,0.0,0.0
3200704788,0.0,0.0,0.0,0.0
3200908348,0.0,0.0,0.0,0.0
3201108154,0.0,0.0,0.0,0.0
3201306724,0.0,0.0,0.0,0.0
3201506538,0.0,0.0,0.0,0.0
3201706368,0.0,0.0,0.0,0.0
3201906160,0.0,0.0,0.0,0.0
3202104721,0.0,0.0,0.0,0.0
3202308281,0.0,0.0,0.0,0.0
3202508172,0.0,0.0,0.0,0.0
3202707915,0.0,0.0,0.0,0.0
3202906477,0.0,0.0,0.0,0.0
3203106286,0.0,0.0,0.0,0.0
3203306209,0.0,0.0,0.0,0.0
3203505917,0.0,0.0,0.0,0.0
3203708226,0.0,0.0,0.0,0.0
3203908033,0.0,0.0,0.0,0.0
3204106771,0.0,0.0,0.0,0.0
3204306418,0.0,0.0,0.0,0.0
3204506234,0.0,0.0,0.0,0.0
3204706044,0.0,0.0,0.0,0.0
3204905864,0.0,0.0,0.0,0.0
3205108172,0.0,0.0,0.0,0.0
3205307981,0.0,0.0,0.0,0.0
3205507805,0.0,0.0,0.0,0.0
3205706356,0.0,0.0,0.0,0.0
3205906168,0.0,0.0,0.0,0.0
3206105983,0.0,0.0,0.0,0.0
3206305801,0.0,0.0,0.0,0.0
3206508116,0.0,0.0,0.0,0.0
3206707920,0.0,0.0,0.0,0.0
3206907732,0.0,0.0,0.0,0.0
3207107596,0.0,0.0,0.0,0.0
3207306119,0.0,0.0,0.0,0.0
3207505932,0.0,0.0,0.0,0.0
3207705743,0.0,0.0,0.0,0.0
3207908146,0.0,0.0,0.0,0.0
3208107862,0.0,0.0,0.0,0.0
3208307671,0.0,0.0,0.0,0.0
3208506244,0.0,0.0,0.0,0.0
3208706194,0.0,0.0,0.0,0.0
3208905865,0.0,0.0,0.0,0.0
3209105683,0.0,0.0,0.0,0.0
3209307990,0.0,0.0,0.0,0.0
3209508008,0.0,0.0,0.0,0.0
3209707620,0.0,0.0,0.0,0.0
3209907432,0.0,0.0,0.0,0.0
3210105993,0.0,0.0,0.0,0.0
3210305810,0.0,0.0,0.0,0.0
3210505623,0.0,0.0,0.0,0.0
3210707934,0.0,0.0,0.0,0.0
3210907747,0.0,0.0,0.0,0.0
3211103821,0.0,0.0,0.0,0.0
3211307383,0.0,0.0,0.0,0.0
3211505942,0.0,0.0,0.0,0.0
3211705778,0.0,0.0,0.0,0.0
3211905566,0.0,0.0,0.0,0.0
3212105377,0.0,0.0,0.0,0.0
3212307687,0.0,0.0,0.0,0.0
3212507572,0.0,0.0,0.0,0.0
3212707329,0.0,0.0,0.0,0.0
3212905888,0.0,0.0,0.0,0.0
3213105697,0.0,0.0,0.0,0.0
3213305627,0.0,0.0,0.0,0.0
3213507828,0.0,0.0,0.0,0.0
3213707634,0.0,0.0,0.0,0.0
3213907448,0.0,0.0,0.0,0.0
3214107444,0.0,0.0,0.0,0.0
3214305824,0.0,0.0,0.0,0.0
3214505637,0.0,0.0,0.0,0.0
3214705463,0.0,0.0,0.0,0.0
3214907766,0.0,0.0,0.0,0.0
3215107580,0.0,0.0,0.0,0.0
3215307393,0.0,0.0,0.0,0.0
3215507209,0.0,0.0,0.0,0.0
3215705774,0.0,0.0,0.0,0.0
3215905587,0.0,0.0,0.0,0.0
3216105398,0.0,0.0,0.0,0.0
3216308964,0.0,0.0,0.0,0.0
3216507531,0.0,0.0,0.0,0.0
3216707340,0.0,0.0,0.0,0.0
3216907156,0.0,0.0,0.0,0.0
3217105756,0.0,0.0,0.0,0.0
3217305527,0.0,0.0,0.0,0.0
3217505344,0.0,0.0,0.0,0.0
3217705160,0.0,0.0,0.0,0.0
3217907565,0.0,0.0,0.0,0.0
3218107288,0.0,0.0,0.0,0.0
3218307100,0.0,0.0,0.0,0.0
3218506911,0.0,0.0,0.0,0.0
3218705623,0.0,0.0,0.0,0.0
3218905295,0.0,0.0,0.0,0.0
3219108856,0.0,0.0,0.0,0.0
3219307408,0.0,0.0,0.0,0.0
3219507230,0.0,0.0,0.0,0.0
3219707041,0.0,0.0,0.0,0.0
3219906860,0.0,0.0,0.0,0.0
3220105420,0.0,0.0,0.0,0.0
3220305245,0.0,0.0,0.0,0.0
3220508812,0.0,0.0,0.0,0.0
3220707357,0.0,0.0,0.0,0.0
3220907172,0.0,0.0,0.0,0.0
3221106987,0.0,0.0,0.0,0.0
3221306808,0.0,0.0,0.0,0.0
3221505369,0.0,0.0,0.0,0.0
3221705208,0.0,0.0,0.0,0.0
3221908735,0.0,0.0,0.0,0.0
3222107316,0.0,0.0,0.0,0.0
3222307123,0.0,0.0,0.0,0.0
3222507003,0.0,0.0,0.0,0.0
3222706751,0.0,0.0,0.0,0.0
3222905310,0.0,0.0,0.0,0.0
3223105126,0.0,0.0,0.0,0.0
3223308827,0.0,0.0,0.0,0.0
3223507257,0.0,0.0,0.0,0.0
3223707068,0.0,0.0,0.0,0.0
3223906876,0.0,0.0,0.0,0.0
3224106869,0.0,0.0,0.0,0.0
3224305267,0.0,0.0,0.0,0.0
3224505079,0.0,0.0,0.0,0.0
3224709883,0.0,0.0,0.0,0.0
3224907198,0.0,0.0,0.0,0.0
3225107014,0.0,0.0,0.0,0.0
3225306826,0.0,0.0,0.0,0.0
3225506643,0.0,0.0,0.0,0.0
3225705201,0.0,0.0,0.0,0.0
3225905018,0.0,0.0,0.0,0.0
3226108579,0.0,0.0,0.0,0.0
3226308396,0.0,0.0,0.0,0.0
3226506955,0.0,0.0,0.0,0.0
3226706772,0.0,0.0,0.0,0.0
3226906584,0.0,0.0,0.0,0.0
3227106446,0.0,0.0,0.0,0.0
3227304965,0.0,0.0,0.0,0.0
3227508532,0.0,0.0,0.0,0.0
3227708341,0.0,0.0,0.0,0.0
3227907009,0.0,0.0,0.0,0.0
3228106725,0.0,0.0,0.0,0.0
3228306540,0.0,0.0,0.0,0.0
3228506359,0.0,0.0,0.0,0.0
3228705061,0.0,0.0,0.0,0.0
3228908478,0.0,0.0,0.0,0.0
3229108285,0.0,0.0,0.0,0.0
3229306846,0.0,0.0,0.0,0.0
3229506671,0.0,0.0,0.0,0.0
3229706480,0.0,0.0,0.0,0.0
3229906302,0.0,0.0,0.0,0.0
3230104862,0.0,0.0,0.0,0.0
3230308419,0.0,0.0,0.0,0.0
3230508239,0.0,0.0,0.0,0.0
3230706804,0.0,0.0,0.0,0.0
3230906614,0.0,0.0,0.0,0.0
3231106429,0.0,0.0,0.0,0.0
3231306241,0.0,0.0,0.0,0.0
3231504814,0.0,0.0,0.0,0.0
3231708395,0.0,0.0,0.0,0.0
3231908181,0.0,0.0,0.0,0.0
3232106750,0.0,0.0,0.0,0.0
3232306561,0.0,0.0,0.0,0.0
3232506445,0.0,0.0,0.0,0.0
3232706193,0.0,0.0,0.0,0.0
3232904765,0.0,0.0,0.0,0.0
3233108311,0.0,0.0,0.0,0.0
3233308252,0.0,0.0,0.0,0.0
3233506702,0.0,0.0,0.0,0.0
3233706513,0.0,0.0,0.0,0.0
3233906331,0.0,0.0,0.0,0.0
3234106335,0.0,0.0,0.0,0.0
3234304704,0.0,0.0,0.0,0.0
3234508269,0.0,0.0,0.0,0.0
3234708082,0.0,0.0,0.0,0.0
3234907894,0.0,0.0,0.0,0.0
3235106455,0.0,0.0,0.0,0.0
3235306273,0.0,0.0,0.0,0.0
3235506090,0.0,0.0,0.0,0.0
3235705900,0.0,0.0,0.0,0.0
3235908209,0.0,0.0,0.0,0.0
3236108024,0.0,0.0,0.0,0.0
3236307854,0.0,0.0,0.0,0.0
3236506408,0.0,0.0,0.0,0.0
3236706225,0.0,0.0,0.0,0.0
3236906034,0.0,0.0,0.0,0.0
3237105896,0.0,0.0,0.0,0.0
3237308161,0.0,0.0,0.0,0.0
3237507975,0.0,0.0,0.0,0.0
3237707803,0.0,0.0,0.0,0.0
3237906443,0.0,0.0,0.0,0.0
3238106167,0.0,0.0,0.0,0.0
3238305979,0.0,0.0,0.0,0.0
3238505803,0.0,0.0,0.0,0.0
3238708257,0.0,0.0,0.0,0.0
3238907918,0.0,0.0,0.0,0.0
3239107734,0.0,0.0,0.0,0.0
3239306303,0.0,0.0,0.0,0.0
3239506128,0.0,0.0,0.0,0.0
3239705934,0.0,0.0,0.0,0.0
3239905748,0.0,0.0,0.0,0.0
3240108053,0.0,0.0,0.0,0.0
3240307871,0.0,0.0,0.0,0.0
3240507680,0.0,0.0,0.0,0.0
3240706249,0.0,0.0,0.0,0.0
3240906069,0.0,0.0,0.0,0.0
3241105880,0.0,0.0,0.0,0.0
3241305692,0.0,0.0,0.0,0.0
3241508011,0.0,0.0,0.0,0.0
3241707843,0.0,0.0,0.0,0.0
3241907634,0.0,0.0,0.0,0.0
3242106202,0.0,0.0,0.0,0.0
3242306014,0.0,0.0,0.0,0.0
3242505897,0.0,0.0,0.0,0.0
3242705646,0.0,0.0,0.0,0.0
3242907957,0.0,0.0,0.0,0.0
3243107768,0.0,0.0,0.0,0.0
3243307709,0.0,0.0,0.0,0.0
3243507404,0.0,0.0,0.0,0.0
3243705965,0.0,0.0,0.0,0.0
3243905776,0.0,0.0,0.0,0.0
3244105764,0.0,0.0,0.0,0.0
3244305402,0.0,0.0,0.0,0.0
3244507717,0.0,0.0,0.0,0.0
3244707532,0.0,0.0,0.0,0.0
3244907352,0.0,0.0,0.0,0.0
3245105916,0.0,0.0,0.0,0.0
3245305723,0.0,0.0,0.0,0.0
3245505541,0.0,0.0,0.0,0.0
3245707853,0.0,0.0,0.0,0.0
3245907669,0.0,0.0,0.0,0.0
3246107480,0.0,0.0,0.0,0.0
3246307307,0.0,0.0,0.0,0.0
3246505858,0.0,0.0,0.0,0.0
3246705670,0.0,0.0,0.0,0.0
3246905486,0.0,0.0,0.0,0.0
3247107847,0.0,0.0,0.0,0.0
3247307616,0.0,0.0,0.0,0.0
3247507423,0.0,0.0,0.0,0.0
3247707242,0.0,0.0,0.0,0.0
3247905902,0.0,0.0,0.0,0.0
3248105622,0.0,0.0,0.0,0.0
3248305432,0.0,0.0,0.0,0.0
3248507753,0.0,0.0,0.0,0.0
3248707713,0.0,0.0,0.0,0.0
3248907377,0.0,0.0,0.0,0.0
3249107193,0.0,0.0,0.0,0.0
3249305750,0.0,0.0,0.0,0.0
3249505572,0.0,0.0,0.0,0.0
3249705380,0.0,0.0,0.0,0.0
3249905191,0.0,0.0,0.0,0.0
3250107507,0.0,0.0,0.0,0.0
3250307318,0.0,0.0,0.0,0.0
3250507138,0.0,0.0,0.0,0.0
3250706952,0.0,0.0,0.0,0.0
3250905513,0.0,0.0,0.0,0.0
3251105330,0.0,0.0,0.0,0.0
3251308888,0.0,0.0,0.0,0.0
3251507450,0.0,0.0,0.0,0.0
3251706041,0.0,0.0,0.0,0.0
3251907086,0.0,0.0,0.0,0.0
3252106899,0.0,0.0,0.0,0.0
3252305466,0.0,0.0,0.0,0.0
3252505342,0.0,0.0,0.0,0.0
3252708849,0.0,0.0,0.0,0.0
3252907397,0.0,0.0,0.0,0.0
3253107211,0.0,0.0,0.0,0.0
3253307147,0.0,0.0,0.0,0.0
3253506855,0.0,0.0,0.0,0.0
3253705406,0.0,0.0,0.0,0.0
3253905221,0.0,0.0,0.0,0.0
3254107705,0.0,0.0,0.0,0.0
3254307349,0.0,0.0,0.0,0.0
3254507162,0.0,0.0,0.0,0.0
3254706972,0.0,0.0,0.0,0.0
3254906798,0.0,0.0,0.0,0.0
3255105351,0.0,0.0,0.0,0.0
3255305163,0.0,0.0,0.0,0.0
3255508728,0.0,0.0,0.0,0.0
3255707296,0.0,0.0,0.0,0.0
3255907109,0.0,0.0,0.0,0.0
3256106919,0.0,0.0,0.0,0.0
3256306732,0.0,0.0,0.0,0.0
3256505308,0.0,0.0,0.0,0.0
3256705120,0.0,0.0,0.0,0.0
3256908671,0.0,0.0,0.0,0.0
3257107296,0.0,0.0,0.0,0.0
3257307051,0.0,0.0,0.0,0.0
3257506870,0.0,0.0,0.0,0.0
3257706683,0.0,0.0,0.0,0.0
3257905334,0.0,0.0,0.0,0.0
3258105065,0.0,0.0,0.0,0.0
3258308630,0.0,0.0,0.0,0.0
3258508439,0.0,0.0,0.0,0.0
3258707139,0.0,0.0,0.0,0.0
3258906811,0.0,0.0,0.0,0.0
3259106628,0.0,0.0,0.0,0.0
3259306437,0.0,0.0,0.0,0.0
3259505203,0.0,0.0,0.0,0.0
3259708562,0.0,0.0,0.0,0.0
3259908381,0.0,0.0,0.0,0.0
3260106945,0.0,0.0,0.0,0.0
3260306761,0.0,0.0,0.0,0.0
3260506585,0.0,0.0,0.0,0.0
3260706389,0.0,0.0,0.0,0.0
3260904946,0.0,0.0,0.0,0.0
3261104768,0.0,0.0,0.0,0.0
3261308328,0.0,0.0,0.0,0.0
3261506885,0.0,0.0,0.0,0.0
3261706720,0.0,0.0,0.0,0.0
3261906515,0.0,0.0,0.0,0.0
3262106338,0.0,0.0,0.0,0.0
3262304898,0.0,0.0,0.0,0.0
3262508534,0.0,0.0,0.0,0.0
3262708269,0.0,0.0,0.0,0.0
3262906832,0.0,0.0,0.0,0.0
3263106648,0.0,0.0,0.0,0.0
3263306577,0.0,0.0,0.0,0.0
3263506275,0.0,0.0,0.0,0.0
3263704838,0.0,0.0,0.0,0.0
3263908399,0.0,0.0,0.0,0.0
3264108386,0.0,0.0,0.0,0.0
3264306776,0.0,0.0,0.0,0.0
3264506592,0.0,0.0,0.0,0.0
3264706402,0.0,0.0,0.0,0.0
3264906218,0.0,0.0,0.0,0.0
3265104784,0.0,0.0,0.0,0.0
3265308339,0.0,0.0,0.0,0.0
3265508154,0.0,0.0,0.0,0.0
3265706722,0.0,0.0,0.0,0.0
3265906534,0.0,0.0,0.0,0.0
3266106345,0.0,0.0,0.0,0.0
3266306158,0.0,0.0,0.0,0.0
3266504724,0.0,0.0,0.0,0.0
3266708284,0.0,0.0,0.0,0.0
3266908100,0.0,0.0,0.0,0.0
3267106699,0.0,0.0,0.0,0.0
3267306472,0.0,0.0,0.0,0.0
3267506286,0.0,0.0,0.0,0.0
3267706107,0.0,0.0,0.0,0.0
3267904765,0.0,0.0,0.0,0.0
3268108231,0.0,0.0,0.0,0.0
3268308034,0.0,0.0,0.0,0.0
3268507861,0.0,0.0,0.0,0.0
3268706556,0.0,0.0,0.0,0.0
3268906233,0.0,0.0,0.0,0.0
3269106046,0.0,0.0,0.0,0.0
3269305867,0.0,0.0,0.0,0.0
3269508370,0.0,0.0,0.0,0.0
3269707985,0.0,0.0,0.0,0.0
3269907805,0.0,0.0,0.0,0.0
3270106360,0.0,0.0,0.0,0.0
3270306169,0.0,0.0,0.0,0.0
3270505987,0.0,0.0,0.0,0.0
3270705806,0.0,0.0,0.0,0.0
3270908116,0.0,0.0,0.0,0.0
3271107922,0.0,0.0,0.0,0.0
3271307734,0.0,0.0,0.0,0.0
3271506309,0.0,0.0,0.0,0.0
3271706134,0.0,0.0,0.0,0.0
3271905931,0.0,0.0,0.0,0.0
3272105742,0.0,0.0,0.0,0.0
3272308053,0.0,0.0,0.0,0.0
3272507935,0.0,0.0,0.0,0.0
3272707677,0.0,0.0,0.0,0.0
3272906250,0.0,0.0,0.0,0.0
3273106052,0.0,0.0,0.0,0.0
3273305980,0.0,0.0,0.0,0.0
3273505685,0.0,0.0,0.0,0.0
3273707994,0.0,0.0,0.0,0.0
3273907805,0.0,0.0,0.0,0.0
3274107783,0.0,0.0,0.0,0.0
3274307429,0.0,0.0,0.0,0.0
3274505997,0.0,0.0,0.0,0.0
3274705811,0.0,0.0,0.0,0.0
3274905628,0.0,0.0,0.0,0.0
3275107936,0.0,0.0,0.0,0.0
3275307745,0.0,0.0,0.0,0.0
3275507561,0.0,0.0,0.0,0.0
3275707375,0.0,0.0,0.0,0.0
3275905937,0.0,0.0,0.0,0.0
3276105750,0.0,0.0,0.0,0.0
3276305565,0.0,0.0,0.0,0.0
3276505372,0.0,0.0,0.0,0.0
3276707686,0.0,0.0,0.0,0.0
3276907498,0.0,0.0,0.0,0.0
3277107354,0.0,0.0,0.0,0.0
3277305875,0.0,0.0,0.0,0.0
3277505689,0.0,0.0,0.0,0.0
3277705502,0.0,0.0,0.0,0.0
3277907898,0.0,0.0,0.0,0.0
3278107628,0.0,0.0,0.0,0.0
3278307438,0.0,0.0,0.0,0.0
3278507251,0.0,0.0,0.0,0.0
3278705943,0.0,0.0,0.0,0.0
3278905624,0.0,0.0,0.0,0.0
3279105442,0.0,0.0,0.0,0.0
3279307747,0.0,0.0,0.0,0.0
3279507754,0.0,0.0,0.0,0.0
3279707376,0.0,0.0,0.0,0.0
3279907187,0.0,0.0,0.0,0.0
3280107000,0.0,0.0,0.0,0.0
3280305562,0.0,0.0,0.0,0.0
3280505376,0.0,0.0,0.0,0.0
3280708935,0.0,0.0,0.0,0.0
3280907502,0.0,0.0,0.0,0.0
3281107319,0.0,0.0,0.0,0.0
3281307128,0.0,0.0,0.0,0.0
3281506941,0.0,0.0,0.0,0.0
3281705509,0.0,0.0,0.0,0.0
3281905312,0.0,0.0,0.0,0.0
3282105125,0.0,0.0,0.0,0.0
3282307434,0.0,0.0,0.0,0.0
3282507310,0.0,0.0,0.0,0.0
3282707070,0.0,0.0,0.0,0.0
3282906872,0.0,0.0,0.0,0.0
3283105441,0.0,0.0,0.0,0.0
3283305362,0.0,0.0,0.0,0.0
3283508827,0.0,0.0,0.0,0.0
3283707369,0.0,0.0,0.0,0.0
3283907182,0.0,0.0,0.0,0.0
3284107150,0.0,0.0,0.0,0.0
3284306818,0.0,0.0,0.0,0.0
3284505372,0.0,0.0,0.0,0.0
3284705183,0.0,0.0,0.0,0.0
3284908755,0.0,0.0,0.0,0.0
3285107316,0.0,0.0,0.0,0.0
3285307124,0.0,0.0,0.0,0.0
3285506934,0.0,0.0,0.0,0.0
3285706745,0.0,0.0,0.0,0.0
3285905320,0.0,0.0,0.0,0.0
3286105124,0.0,0.0,0.0,0.0
3286308683,0.0,0.0,0.0,0.0
3286507249,0.0,0.0,0.0,0.0
3286707055,0.0,0.0,0.0,0.0
3286906867,0.0,0.0,0.0,0.0
3287106716,0.0,0.0,0.0,0.0
3287305253,0.0,0.0,0.0,0.0
3287505063,0.0,0.0,0.0,0.0
3287708618,0.0,0.0,0.0,0.0
3287908518,0.0,0.0,0.0,0.0
3288106990,0.0,0.0,0.0,0.0
3288306800,0.0,0.0,0.0,0.0
3288506619,0.0,0.0,0.0,0.0
3288705311,0.0,0.0,0.0,0.0
3288905005,0.0,0.0,0.0,0.0
3289108548,0.0,0.0,0.0,0.0
3289308365,0.0,0.0,0.0,0.0
3289507116,0.0,0.0,0.0,0.0
3289706737,0.0,0.0,0.0,0.0
3289906557,0.0,0.0,0.0,0.0
3290106366,0.0,0.0,0.0,0.0
3290305323,0.0,0.0,0.0,0.0
3290508494,0.0,0.0,0.0,0.0
3290708308,0.0,0.0,0.0,0.0
3290906855,0.0,0.0,0.0,0.0
3291106669,0.0,0.0,0.0,0.0
3291306480,0.0,0.0,0.0,0.0
3291506304,0.0,0.0,0.0,0.0
3291704857,0.0,0.0,0.0,0.0
3291908415,0.0,0.0,0.0,0.0
3292108231,0.0,0.0,0.0,0.0
3292306792,0.0,0.0,0.0,0.0
3292506673,0.0,0.0,0.0,0.0
3292706417,0.0,0.0,0.0,0.0
3292906236,0.0,0.0,0.0,0.0
3293104795,0.0,0.0,0.0,0.0
3293305955,0.0,0.0,0.0,0.0
3293508162,0.0,0.0,0.0,0.0
3293706718,0.0,0.0,0.0,0.0
3293906533,0.0,0.0,0.0,0.0
3294106505,0.0,0.0,0.0,0.0
3294306157,0.0,0.0,0.0,0.0
3294504723,0.0,0.0,0.0,0.0
3294708277,0.0,0.0,0.0,0.0
3294908100,0.0,0.0,0.0,0.0
3295107903,0.0,0.0,0.0,0.0
3295306466,0.0,0.0,0.0,0.0
3295506276,0.0,0.0,0.0,0.0
3295706090,0.0,0.0,0.0,0.0
3295905899,0.0,0.0,0.0,0.0
3296108205,0.0,0.0,0.0,0.0
3296308017,0.0,0.0,0.0,0.0
3296507843,0.0,0.0,0.0,0.0
3296706393,0.0,0.0,0.0,0.0
3296906202,0.0,0.0,0.0,0.0
3297106045,0.0,0.0,0.0,0.0
3297305836,0.0,0.0,0.0,0.0
3297508137,0.0,0.0,0.0,0.0
3297707947,0.0,0.0,0.0,0.0
3297907847,0.0,0.0,0.0,0.0
3298106329,0.0,0.0,0.0,0.0
3298306136,0.0,0.0,0.0,0.0
3298505950,0.0,0.0,0.0,0.0
3298705898,0.0,0.0,0.0,0.0
3298908072,0.0,0.0,0.0,0.0
3299107879,0.0,0.0,0.0,0.0
3299307691,0.0,0.0,0.0,0.0
3299506432,0.0,0.0,0.0,0.0
3299706063,0.0,0.0,0.0,0.0
3299905869,0.0,0.0,0.0,0.0
3300105684,0.0,0.0,0.0,0.0
3300307994,0.0,0.0,0.0,0.0
3300507806,0.0,0.0,0.0,0.0
3300707616,0.0,0.0,0.0,0.0
3300907429,0.0,0.0,0.0,0.0
3301105991,0.0,0.0,0.0,0.0
3301305804,0.0,0.0,0.0,0.0
3301505613,0.0,0.0,0.0,0.0
3301707937,0.0,0.0,0.0,0.0
3301907737,0.0,0.0,0.0,0.0
3302107545,0.0,0.0,0.0,0.0
3302307365,0.0,0.0,0.0,0.0
3302505959,0.0,0.0,0.0,0.0
3302705727,0.0,0.0,0.0,0.0
3302905538,0.0,0.0,0.0,0.0
3303105355,0.0,0.0,0.0,0.0
3303307763,0.0,0.0,0.0,0.0
3303507476,0.0,0.0,0.0,0.0
3303707278,0.0,0.0,0.0,0.0
3303905848,0.0,0.0,0.0,0.0
3304105807,0.0,0.0,0.0,0.0
3304305475,0.0,0.0,0.0,0.0
3304507770,0.0,0.0,0.0,0.0
3304707578,0.0,0.0,0.0,0.0
3304907392,0.0,0.0,0.0,0.0
3305107202,0.0,0.0,0.0,0.0
3305305765,0.0,0.0,0.0,0.0
3305505576,0.0,0.0,0.0,0.0
3305705386,0.0,0.0,0.0,0.0
3305908947,0.0,0.0,0.0,0.0
3306107510,0.0,0.0,0.0,0.0
3306307315,0.0,0.0,0.0,0.0
3306507129,0.0,0.0,0.0,0.0
3306706939,0.0,0.0,0.0,0.0
3306905503,0.0,0.0,0.0,0.0
3307105334,0.0,0.0,0.0,0.0
3307308878,0.0,0.0,0.0,0.0
3307507432,0.0,0.0,0.0,0.0
3307707243,0.0,0.0,0.0,0.0
3307907127,0.0,0.0,0.0,0.0
3308106869,0.0,0.0,0.0,0.0
3308305419,0.0,0.0,0.0,0.0
3308505240,0.0,0.0,0.0,0.0
3308708930,0.0,0.0,0.0,0.0
3308907347,0.0,0.0,0.0,0.0
3309107156,0.0,0.0,0.0,0.0
3309306974,0.0,0.0,0.0,0.0
3309505709,0.0,0.0,0.0,0.0
3309705345,0.0,0.0,0.0,0.0
3309905155,0.0,0.0,0.0,0.0
3310108713,0.0,0.0,0.0,0.0
3310307272,0.0,0.0,0.0,0.0
3310507087,0.0,0.0,0.0,0.0
3310706893,0.0,0.0,0.0,0.0
3310906705,0.0,0.0,0.0,0.0
3311105272,0.0,0.0,0.0,0.0
3311305073,0.0,0.0,0.0,0.0
3311508632,0.0,0.0,0.0,0.0
3311708447,0.0,0.0,0.0,0.0
3311906995,0.0,0.0,0.0,0.0
3312106806,0.0,0.0,0.0,0.0
3312306617,0.0,0.0,0.0,0.0
3312506485,0.0,0.0,0.0,0.0
3312704999,0.0,0.0,0.0,0.0
3312908545,0.0,0.0,0.0,0.0
3313108371,0.0,0.0,0.0,0.0
3313307018,0.0,0.0,0.0,0.0
3313506736,0.0,0.0,0.0,0.0
3313706540,0.0,0.0,0.0,0.0
3313906360,0.0,0.0,0.0,0.0
3314106315,0.0,0.0,0.0,0.0
3314305968,0.0,0.0,0.0,0.0
3314508273,0.0,0.0,0.0,0.0
3314706831,0.0,0.0,0.0,0.0
3314906657,0.0,0.0,0.0,0.0
3315106459,0.0,0.0,0.0,0.0
3315306263,0.0,0.0,0.0,0.0
3315504830,0.0,0.0,0.0,0.0
3315708379,0.0,0.0,0.0,0.0
3315908190,0.0,0.0,0.0,0.0
3316106745,0.0,0.0,0.0,0.0
3316306554,0.0,0.0,0.0,0.0
3316506366,0.0,0.0,0.0,0.0
3316706173,0.0,0.0,0.0,0.0
3316904740,0.0,0.0,0.0,0.0
3317108330,0.0,0.0,0.0,0.0
3317308108,0.0,0.0,0.0,0.0
3317507912,0.0,0.0,0.0,0.0
3317706469,0.0,0.0,0.0,0.0
3317906362,0.0,0.0,0.0,0.0
3318106094,0.0,0.0,0.0,0.0
3318305897,0.0,0.0,0.0,0.0
3318508203,0.0,0.0,0.0,0.0
3318708137,0.0,0.0,0.0,0.0
3318907828,0.0,0.0,0.0,0.0
3319106389,0.0,0.0,0.0,0.0
3319306194,0.0,0.0,0.0,0.0
3319506178,0.0,0.0,0.0,0.0
3319705829,0.0,0.0,0.0,0.0
3319908125,0.0,0.0,0.0,0.0
3320107926,0.0,0.0,0.0,0.0
3320307738,0.0,0.0,0.0,0.0
3320506301,0.0,0.0,0.0,0.0
3320706108,0.0,0.0,0.0,0.0
3320905913,0.0,0.0,0.0,0.0
3321105721,0.0,0.0,0.0,0.0
3321308027,0.0,0.0,0.0,0.0
3321507844,0.0,0.0,0.0,0.0
3321707651,0.0,0.0,0.0,0.0
3321906210,0.0,0.0,0.0,0.0
3322106017,0.0,0.0,0.0,0.0
3322305829,0.0,0.0,0.0,0.0
3322505680,0.0,0.0,0.0,0.0
3322707940,0.0,0.0,0.0,0.0
3322907757,0.0,0.0,0.0,0.0
3323107562,0.0,0.0,0.0,0.0
3323307474,0.0,0.0,0.0,0.0
3323505925,0.0,0.0,0.0,0.0
3323705730,0.0,0.0,0.0,0.0
3323905539,0.0,0.0,0.0,0.0
3324107997,0.0,0.0,0.0,0.0
3324307657,0.0,0.0,0.0,0.0
3324507469,0.0,0.0,0.0,0.0
3324707273,0.0,0.0,0.0,0.0
3324905839,0.0,0.0,0.0,0.0
3325105646,0.0,0.0,0.0,0.0
3325305453,0.0,0.0,0.0,0.0
3325507754,0.0,0.0,0.0,0.0
3325707563,0.0,0.0,0.0,0.0
3325907375,0.0,0.0,0.0,0.0
3326107184,0.0,0.0,0.0,0.0
3326305738,0.0,0.0,0.0,0.0
3326505550,0.0,0.0,0.0,0.0
3326705356,0.0,0.0,0.0,0.0
3326908915,0.0,0.0,0.0,0.0
3327107508,0.0,0.0,0.0,0.0
3327307285,0.0,0.0,0.0,0.0
3327507095,0.0,0.0,0.0,0.0
3327706899,0.0,0.0,0.0,0.0
3327905529,0.0,0.0,0.0,0.0
3328105270,0.0,0.0,0.0,0.0
3328308827,0.0,0.0,0.0,0.0
3328507377,0.0,0.0,0.0,0.0
3328707314,0.0,0.0,0.0,0.0
3328906999,0.0,0.0,0.0,0.0
3329106815,0.0,0.0,0.0,0.0
3329305355,0.0,0.0,0.0,0.0
3329505345,0.0,0.0,0.0,0.0
3329708727,0.0,0.0,0.0,0.0
3329907285,0.0,0.0,0.0,0.0
3330107096,0.0,0.0,0.0,0.0
3330306891,0.0,0.0,0.0,0.0
3330506700,0.0,0.0,0.0,0.0
3330705275,0.0,0.0,0.0,0.0
3330905076,0.0,0.0,0.0,0.0
3331108623,0.0,0.0,0.0,0.0
3331308433,0.0,0.0,0.0,0.0
3331506992,0.0,0.0,0.0,0.0
3331706802,0.0,0.0,0.0,0.0
3331906610,0.0,0.0,0.0,0.0
3332106413,0.0,0.0,0.0,0.0
3332304969,0.0,0.0,0.0,0.0
3332508585,0.0,0.0,0.0,0.0
3332708341,0.0,0.0,0.0,0.0
3332906888,0.0,0.0,0.0,0.0
3333106695,0.0,0.0,0.0,0.0
3333306599,0.0,0.0,0.0,0.0
3333506321,0.0,0.0,0.0,0.0
3333704869,0.0,0.0,0.0,0.0
3333908423,0.0,0.0,0.0,0.0
3334108382,0.0,0.0,0.0,0.0
3334306797,0.0,0.0,0.0,0.0
3334506602,0.0,0.0,0.0,0.0
3334706408,0.0,0.0,0.0,0.0
3334906221,0.0,0.0,0.0,0.0
3335106039,0.0,0.0,0.0,0.0
3335308321,0.0,0.0,0.0,0.0
3335508128,0.0,0.0,0.0,0.0
3335707938,0.0,0.0,0.0,0.0
3335906499,0.0,0.0,0.0,0.0
3336106307,0.0,0.0,0.0,0.0
3336306113,0.0,0.0,0.0,0.0
3336505916,0.0,0.0,0.0,0.0
3336708222,0.0,0.0,0.0,0.0
3336908031,0.0,0.0,0.0,0.0
3337107864,0.0,0.0,0.0,0.0
3337306394,0.0,0.0,0.0,0.0
3337506200,0.0,0.0,0.0,0.0
3337706004,0.0,0.0,0.0,0.0
3337905885,0.0,0.0,0.0,0.0
3338108126,0.0,0.0,0.0,0.0
3338307927,0.0,0.0,0.0,0.0
3338507738,0.0,0.0,0.0,0.0
3338706414,0.0,0.0,0.0,0.0
3338906098,0.0,0.0,0.0,0.0
3339105900,0.0,0.0,0.0,0.0
3339305709,0.0,0.0,0.0,0.0
3339508202,0.0,0.0,0.0,0.0
3339707821,0.0,0.0,0.0,0.0
3339907629,0.0,0.0,0.0,0.0
3340107433,0.0,0.0,0.0,0.0
3340305991,0.0,0.0,0.0,0.0
3340505798,0.0,0.0,0.0,0.0
3340705606,0.0,0.0,0.0,0.0
3340909160,0.0,0.0,0.0,0.0
3341107718,0.0,0.0,0.0,0.0
3341307528,0.0,0.0,0.0,0.0
3341507333,0.0,0.0,0.0,0.0
3341705889,0.0,0.0,0.0,0.0
3341905690,0.0,0.0,0.0,0.0
3342105495,0.0,0.0,0.0,0.0
3342307803,0.0,0.0,0.0,0.0
3342507670,0.0,0.0,0.0,0.0
3342707414,0.0,0.0,0.0,0.0
3342907219,0.0,0.0,0.0,0.0
3343105778,0.0,0.0,0.0,0.0
3343305691,0.0,0.0,0.0,0.0
3343505394,0.0,0.0,0.0,0.0
3343708941,0.0,0.0,0.0,0.0
3343907503,0.0,0.0,0.0,0.0
3344107467,0.0,0.0,0.0,0.0
3344307117,0.0,0.0,0.0,0.0
3344506924,0.0,0.0,0.0,0.0
3344705478,0.0,0.0,0.0,0.0
3344905292,0.0,0.0,0.0,0.0
3345106336,0.0,0.0,0.0,0.0
3345304887,0.0,0.0,0.0,0.0
3345507195,0.0,0.0,0.0,0.0
3345707002,0.0,0.0,0.0,0.0
3345906814,0.0,0.0,0.0,0.0
3346105366,0.0,0.0,0.0,0.0
3346305172,0.0,0.0,0.0,0.0
3346508726,0.0,0.0,0.0,0.0
3346707280,0.0,0.0,0.0,0.0
3346907085,0.0,0.0,0.0,0.0
3347106916,0.0,0.0,0.0,0.0
3347306691,0.0,0.0,0.0,0.0
3347505262,0.0,0.0,0.0,0.0
3347705055,0.0,0.0,0.0,0.0
3347908708,0.0,0.0,0.0,0.0
3348108426,0.0,0.0,0.0,0.0
3348306972,0.0,0.0,0.0,0.0
3348506779,0.0,0.0,0.0,0.0
3348706718,0.0,0.0,0.0,0.0
3348906391,0.0,0.0,0.0,0.0
3349104946,0.0,0.0,0.0,0.0
3349308500,0.0,0.0,0.0,0.0
3349507244,0.0,0.0,0.0,0.0
3349706865,0.0,0.0,0.0,0.0
3349906668,0.0,0.0,0.0,0.0
3350106470,0.0,0.0,0.0,0.0
3350306279,0.0,0.0,0.0,0.0
3350504834,0.0,0.0,0.0,0.0
3350708388,0.0,0.0,0.0,0.0
3350908188,0.0,0.0,0.0,0.0
3351106747,0.0,0.0,0.0,0.0
3351306552,0.0,0.0,0.0,0.0
3351506356,0.0,0.0,0.0,0.0
3351706175,0.0,0.0,0.0,0.0
3351904722,0.0,0.0,0.0,0.0
3352108268,0.0,0.0,0.0,0.0
3352308086,0.0,0.0,0.0,0.0
3352506698,0.0,0.0,0.0,0.0
3352706439,0.0,0.0,0.0,0.0
3352906246,0.0,0.0,0.0,0.0
3353106048,0.0,0.0,0.0,0.0
3353304702,0.0,0.0,0.0,0.0
3353508160,0.0,0.0,0.0,0.0
3353707961,0.0,0.0,0.0,0.0
3353907775,0.0,0.0,0.0,0.0
3354106478,0.0,0.0,0.0,0.0
3354306126,0.0,0.0,0.0,0.0
3354505927,0.0,0.0,0.0,0.0
3354705731,0.0,0.0,0.0,0.0
3354908039,0.0,0.0,0.0,0.0
3355107837,0.0,0.0,0.0,0.0
3355307641,0.0,0.0,0.0,0.0
3355507452,0.0,0.0,0.0,0.0
3355706012,0.0,0.0,0.0,0.0
3355905818,0.0,0.0,0.0,0.0
3356105619,0.0,0.0,0.0,0.0
3356307915,0.0,0.0,0.0,0.0
3356507720,0.0,0.0,0.0,0.0
3356707525,0.0,0.0,0.0,0.0
3356907334,0.0,0.0,0.0,0.0
3357105922,0.0,0.0,0.0,0.0
3357305695,0.0,0.0,0.0,0.0
3357505498,0.0,0.0,0.0,0.0
3357707800,0.0,0.0,0.0,0.0
3357907696,0.0,0.0,0.0,0.0
3358107411,0.0,0.0,0.0,0.0
3358303472,0.0,0.0,0.0,0.0
3358505775,0.0,0.0,0.0,0.0
3358705714,0.0,0.0,0.0,0.0
3358905378,0.0,0.0,0.0,0.0
3359108931,0.0,0.0,0.0,0.0
3359307482,0.0,0.0,0.0,0.0
3359507490,0.0,0.0,0.0,0.0
3359707099,0.0,0.0,0.0,0.0
3359906900,0.0,0.0,0.0,0.0
3360105454,0.0,0.0,0.0,0.0
3360305268,0.0,0.0,0.0,0.0
3360508829,0.0,0.0,0.0,0.0
3360707361,0.0,0.0,0.0,0.0
3360907165,0.0,0.0,0.0,0.0
3361106967,0.0,0.0,0.0,0.0
3361306777,0.0,0.0,0.0,0.0
3361505334,0.0,0.0,0.0,0.0
3361705157,0.0,0.0,0.0,0.0
3361908682,0.0,0.0,0.0,0.0
3362107245,0.0,0.0,0.0,0.0
3362307045,0.0,0.0,0.0,0.0
3362506918,0.0,0.0,0.0,0.0
3362706658,0.0,0.0,0.0,0.0
3362905204,0.0,0.0,0.0,0.0
3363105009,0.0,0.0,0.0,0.0
3363308697,0.0,0.0,0.0,0.0
3363508372,0.0,0.0,0.0,0.0
3363706922,0.0,0.0,0.0,0.0
3363906723,0.0,0.0,0.0,0.0
3364106700,0.0,0.0,0.0,0.0
3364306337,0.0,0.0,0.0,0.0
3364504891,0.0,0.0,0.0,0.0
3364708440,0.0,0.0,0.0,0.0
3364908242,0.0,0.0,0.0,0.0
3365106800,0.0,0.0,0.0,0.0
3365306602,0.0,0.0,0.0,0.0
3365506410,0.0,0.0,0.0,0.0
3365706212,0.0,0.0,0.0,0.0
3365904769,0.0,0.0,0.0,0.0
3366108318,0.0,0.0,0.0,0.0
3366308122,0.0,0.0,0.0,0.0
3366507924,0.0,0.0,0.0,0.0
3366706480,0.0,0.0,0.0,0.0
3366906281,0.0,0.0,0.0,0.0
3367106135,0.0,0.0,0.0,0.0
3367305888,0.0,0.0,0.0,0.0
3367508194,0.0,0.0,0.0,0.0
3367707999,0.0,0.0,0.0,0.0
3367907897,0.0,0.0,0.0,0.0
3368106359,0.0,0.0,0.0,0.0
3368306153,0.0,0.0,0.0,0.0
3368505959,0.0,0.0,0.0,0.0
3368705905,0.0,0.0,0.0,0.0
3368908069,0.0,0.0,0.0,0.0
3369107869,0.0,0.0,0.0,0.0
3369307670,0.0,0.0,0.0,0.0
3369506232,0.0,0.0,0.0,0.0
3369706025,0.0,0.0,0.0,0.0
3369905828,0.0,0.0,0.0,0.0
3370105632,0.0,0.0,0.0,0.0
3370305437,0.0,0.0,0.0,0.0
3370507736,0.0,0.0,0.0,0.0
3370707538,0.0,0.0,0.0,0.0
3370907353,0.0,0.0,0.0,0.0
3371105902,0.0,0.0,0.0,0.0
3371305704,0.0,0.0,0.0,0.0
3371505509,0.0,0.0,0.0,0.0
3371709104,0.0,0.0,0.0,0.0
3371907615,0.0,0.0,0.0,0.0
3372107414,0.0,0.0,0.0,0.0
3372307217,0.0,0.0,0.0,0.0
3372505847,0.0,0.0,0.0,0.0
3372705578,0.0,0.0,0.0,0.0
3372905377,0.0,0.0,0.0,0.0
3373108932,0.0,0.0,0.0,0.0
3373307604,0.0,0.0,0.0,0.0
3373507282,0.0,0.0,0.0,0.0
3373707088,0.0,0.0,0.0,0.0
3373906889,0.0,0.0,0.0,0.0
3374105632,0.0,0.0,0.0,0.0
3374305255,0.0,0.0,0.0,0.0
3374508813,0.0,0.0,0.0,0.0
3374707354,0.0,0.0,0.0,0.0
3374907157,0.0,0.0,0.0,0.0
3375106962,0.0,0.0,0.0,0.0
3375306768,0.0,0.0,0.0,0.0
3375506566,0.0,0.0,0.0,0.0
3375705121,0.0,0.0,0.0,0.0
3375904917,0.0,0.0,0.0,0.0
3376105979,0.0,0.0,0.0,0.0
3376307039,0.0,0.0,0.0,0.0
3376506828,0.0,0.0,0.0,0.0
3376706627,0.0,0.0,0.0,0.0
3376906431,0.0,0.0,0.0,0.0
3377105045,0.0,0.0,0.0,0.0
3377308543,0.0,0.0,0.0,0.0
3377508346,0.0,0.0,0.0,0.0
3377706892,0.0,0.0,0.0,0.0
3377906802,0.0,0.0,0.0,0.0
3378106503,0.0,0.0,0.0,0.0
3378306311,0.0,0.0,0.0,0.0
3378504853,0.0,0.0,0.0,0.0
3378708569,0.0,0.0,0.0,0.0
3378908207,0.0,0.0,0.0,0.0
3379106763,0.0,0.0,0.0,0.0
3379306571,0.0,0.0,0.0,0.0
3379506364,0.0,0.0,0.0,0.0
3379706162,0.0,0.0,0.0,0.0
3379904720,0.0,0.0,0.0,0.0
3380108268,0.0,0.0,0.0,0.0
3380308077,0.0,0.0,0.0,0.0
3380507875,0.0,0.0,0.0,0.0
3380703929,0.0,0.0,0.0,0.0
3380906237,0.0,0.0,0.0,0.0
3381106036,0.0,0.0,0.0,0.0
3381305846,0.0,0.0,0.0,0.0
3381508137,0.0,0.0,0.0,0.0
3381707978,0.0,0.0,0.0,0.0
3381907743,0.0,0.0,0.0,0.0
3382106295,0.0,0.0,0.0,0.0
3382306096,0.0,0.0,0.0,0.0
3382505983,0.0,0.0,0.0,0.0
3382705700,0.0,0.0,0.0,0.0
3382907998,0.0,0.0,0.0,0.0
3383107802,0.0,0.0,0.0,0.0
3383307737,0.0,0.0,0.0,0.0
3383507405,0.0,0.0,0.0,0.0
3383705962,0.0,0.0,0.0,0.0
3383905758,0.0,0.0,0.0,0.0
3384105751,0.0,0.0,0.0,0.0
3384307867,0.0,0.0,0.0,0.0
3384507670,0.0,0.0,0.0,0.0
3384707478,0.0,0.0,0.0,0.0
3384907274,0.0,0.0,0.0,0.0
3385105821,0.0,0.0,0.0,0.0
3385306879,0.0,0.0,0.0,0.0
3385505422,0.0,0.0,0.0,0.0
3385705235,0.0,0.0,0.0,0.0
3385907527,0.0,0.0,0.0,0.0
3386107327,0.0,0.0,0.0,0.0
3386307155,0.0,0.0,0.0,0.0
3386506936,0.0,0.0,0.0,0.0
3386705491,0.0,0.0,0.0,0.0
3386905299,0.0,0.0,0.0,0.0
3387108924,0.0,0.0,0.0,0.0
3387307390,0.0,0.0,0.0,0.0
3387507190,0.0,0.0,0.0,0.0
3387706990,0.0,0.0,0.0,0.0
3387906916,0.0,0.0,0.0,0.0
3388105354,0.0,0.0,0.0,0.0
3388305153,0.0,0.0,0.0,0.0
3388508700,0.0,0.0,0.0,0.0
3388707426,0.0,0.0,0.0,0.0
3388907063,0.0,0.0,0.0,0.0
3389106860,0.0,0.0,0.0,0.0
3389306663,0.0,0.0,0.0,0.0
3389505214,0.0,0.0,0.0,0.0
3389705016,0.0,0.0,0.0,0.0
3389908560,0.0,0.0,0.0,0.0
3390108361,0.0,0.0,0.0,0.0
3390306921,0.0,0.0,0.0,0.0
3390506722,0.0,0.0,0.0,0.0
3390706526,0.0,0.0,0.0,0.0
3390906344,0.0,0.0,0.0,0.0
3391104877,0.0,0.0,0.0,0.0
3391308426,0.0,0.0,0.0,0.0
3391508226,0.0,0.0,0.0,0.0
3391706831,0.0,0.0,0.0,0.0
3391906580,0.0,0.0,0.0,0.0
3392106382,0.0,0.0,0.0,0.0
3392306181,0.0,0.0,0.0,0.0
3392504833,0.0,0.0,0.0,0.0
3392708290,0.0,0.0,0.0,0.0
3392908092,0.0,0.0,0.0,0.0
3393107890,0.0,0.0,0.0,0.0
3393306593,0.0,0.0,0.0,0.0
3393506246,0.0,0.0,0.0,0.0
3393706049,0.0,0.0,0.0,0.0
3393905855,0.0,0.0,0.0,0.0
3394108151,0.0,0.0,0.0,0.0
3394307953,0.0,0.0,0.0,0.0
3394507754,0.0,0.0,0.0,0.0
3394706306,0.0,0.0,0.0,0.0
3394906105,0.0,0.0,0.0,0.0
3395105905,0.0,0.0,0.0,0.0
3395305709,0.0,0.0,0.0,0.0
3395508003,0.0,0.0,0.0,0.0
3395707808,0.0,0.0,0.0,0.0
3395907608,0.0,0.0,0.0,0.0
3396107412,0.0,0.0,0.0,0.0
3396305997,0.0,0.0,0.0,0.0
3396505766,0.0,0.0,0.0,0.0
3396705572,0.0,0.0,0.0,0.0
3396907862,0.0,0.0,0.0,0.0
3397107746,0.0,0.0,0.0,0.0
3397307469,0.0,0.0,0.0,0.0
3397507270,0.0,0.0,0.0,0.0
3397705823,0.0,0.0,0.0,0.0
3397905762,0.0,0.0,0.0,0.0
3398105437,0.0,0.0,0.0,0.0
3398307728,0.0,0.0,0.0,0.0
3398507526,0.0,0.0,0.0,0.0
3398707525,0.0,0.0,0.0,0.0
3398907135,0.0,0.0,0.0,0.0
3399106937,0.0,0.0,0.0,0.0
3399305484,0.0,0.0,0.0,0.0
3399505291,0.0,0.0,0.0,0.0
3399708841,0.0,0.0,0.0,0.0
3399907391,0.0,0.0,0.0,0.0
3400107190,0.0,0.0,0.0,0.0
3400306993,0.0,0.0,0.0,0.0
3400506804,0.0,0.0,0.0,0.0
3400705344,0.0,0.0,0.0,0.0
3400905162,0.0,0.0,0.0,0.0
3401108692,0.0,0.0,0.0,0.0
3401307248,0.0,0.0,0.0,0.0
3401507043,0.0,0.0,0.0,0.0
3401706908,0.0,0.0,0.0,0.0
3401906653,0.0,0.0,0.0,0.0
3402105209,0.0,0.0,0.0,0.0
3402305008,0.0,0.0,0.0,0.0
3402508672,0.0,0.0,0.0,0.0
3402708363,0.0,0.0,0.0,0.0
3402906911,0.0,0.0,0.0,0.0
3403106710,0.0,0.0,0.0,0.0
3403306687,0.0,0.0,0.0,0.0
3403506320,0.0,0.0,0.0,0.0
3403704866,0.0,0.0,0.0,0.0
3403908417,0.0,0.0,0.0,0.0
3404108221,0.0,0.0,0.0,0.0
3404306775,0.0,0.0,0.0,0.0
3404506568,0.0,0.0,0.0,0.0
3404706370,0.0,0.0,0.0,0.0
3404906172,0.0,0.0,0.0,0.0
3405105144,0.0,0.0,0.0,0.0
3405308271,0.0,0.0,0.0,0.0
3405508083,0.0,0.0,0.0,0.0
3405707874,0.0,0.0,0.0,0.0
3405906435,0.0,0.0,0.0,0.0
3406106238,0.0,0.0,0.0,0.0
3406306094,0.0,0.0,0.0,0.0
3406505843,0.0,0.0,0.0,0.0
3406708132,0.0,0.0,0.0,0.0
3406907932,0.0,0.0,0.0,0.0
3407107841,0.0,0.0,0.0,0.0
3407306297,0.0,0.0,0.0,0.0
3407506091,0.0,0.0,0.0,0.0
3407705894,0.0,0.0,0.0,0.0
3407905847,0.0,0.0,0.0,0.0
3408107993,0.0,0.0,0.0,0.0
3408307798,0.0,0.0,0.0,0.0
3408507595,0.0,0.0,0.0,0.0
3408707409,0.0,0.0,0.0,0.0
3408905948,0.0,0.0,0.0,0.0
3409105746,0.0,0.0,0.0,0.0
3409305549,0.0,0.0,0.0,0.0
3409507852,0.0,0.0,0.0,0.0
3409707652,0.0,0.0,0.0,0.0
3409907456,0.0,0.0,0.0,0.0
3410107254,0.0,0.0,0.0,0.0
3410305810,0.0,0.0,0.0,0.0
3410505608,0.0,0.0,0.0,0.0
3410705409,0.0,0.0,0.0,0.0
3410905248,0.0,0.0,0.0,0.0
3411107508,0.0,0.0,0.0,0.0
3411307310,0.0,0.0,0.0,0.0
3411507114,0.0,0.0,0.0,0.0
3411705752,0.0,0.0,0.0,0.0
3411905482,0.0,0.0,0.0,0.0
3412105282,0.0,0.0,0.0,0.0
3412310074,0.0,0.0,0.0,0.0
3412507506,0.0,0.0,0.0,0.0
3412707169,0.0,0.0,0.0,0.0
3412906972,0.0,0.0,0.0,0.0
3413106772,0.0,0.0,0.0,0.0
3413305517,0.0,0.0,0.0,0.0
3413505129,0.0,0.0,0.0,0.0
3413708677,0.0,0.0,0.0,0.0
3413907230,0.0,0.0,0.0,0.0
3414107026,0.0,0.0,0.0,0.0
3414306829,0.0,0.0,0.0,0.0
3414506631,0.0,0.0,0.0,0.0
3414706430,0.0,0.0,0.0,0.0
3414904993,0.0,0.0,0.0,0.0
3415108539,0.0,0.0,0.0,0.0
3415308341,0.0,0.0,0.0,0.0
3415506920,0.0,0.0,0.0,0.0
3415706692,0.0,0.0,0.0,0.0
3415906495,0.0,0.0,0.0,0.0
3416106288,0.0,0.0,0.0,0.0
3416304909,0.0,0.0,0.0,0.0
3416508397,0.0,0.0,0.0,0.0
3416708188,0.0,0.0,0.0,0.0
3416906740,0.0,0.0,0.0,0.0
3417106665,0.0,0.0,0.0,0.0
3417306351,0.0,0.0,0.0,0.0
3417506148,0.0,0.0,0.0,0.0
3417704703,0.0,0.0,0.0,0.0
3417908433,0.0,0.0,0.0,0.0
3418108047,0.0,0.0,0.0,0.0
3418307861,0.0,0.0,0.0,0.0
3418506402,0.0,0.0,0.0,0.0
3418706200,0.0,0.0,0.0,0.0
3418906002,0.0,0.0,0.0,0.0
3419105811,0.0,0.0,0.0,0.0
3419308109,0.0,0.0,0.0,0.0
3419507908,0.0,0.0,0.0,0.0
3419707707,0.0,0.0,0.0,0.0
3419906262,0.0,0.0,0.0,0.0
3420106072,0.0,0.0,0.0,0.0
3420305864,0.0,0.0,0.0,0.0
3420505666,0.0,0.0,0.0,0.0
3420707959,0.0,0.0,0.0,0.0
3420907811,0.0,0.0,0.0,0.0
3421107564,0.0,0.0,0.0,0.0
3421307363,0.0,0.0,0.0,0.0
3421505919,0.0,0.0,0.0,0.0
3421705827,0.0,0.0,0.0,0.0
3421905527,0.0,0.0,0.0,0.0
3422107819,0.0,0.0,0.0,0.0
3422307616,0.0,0.0,0.0,0.0
3422507580,0.0,0.0,0.0,0.0
3422707221,0.0,0.0,0.0,0.0
3422905771,0.0,0.0,0.0,0.0
3423105573,0.0,0.0,0.0,0.0
3423305374,0.0,0.0,0.0,0.0
3423508930,0.0,0.0,0.0,0.0
3423707472,0.0,0.0,0.0,0.0
3423907279,0.0,0.0,0.0,0.0
3424108331,0.0,0.0,0.0,0.0
3424306881,0.0,0.0,0.0,0.0
3424505429,0.0,0.0,0.0,0.0
3424705240,0.0,0.0,0.0,0.0
3424908790,0.0,0.0,0.0,0.0
3425107336,0.0,0.0,0.0,0.0
3425307133,0.0,0.0,0.0,0.0
3425506978,0.0,0.0,0.0,0.0
3425706742,0.0,0.0,0.0,0.0
3425905292,0.0,0.0,0.0,0.0
3426105088,0.0,0.0,0.0,0.0
3426306237,0.0,0.0,0.0,0.0
3426508440,0.0,0.0,0.0,0.0
3426706985,0.0,0.0,0.0,0.0
3426906785,0.0,0.0,0.0,0.0
3427106731,0.0,0.0,0.0,0.0
3427306391,0.0,0.0,0.0,0.0
3427504951,0.0,0.0,0.0,0.0
3427708499,0.0,0.0,0.0,0.0
3427908304,0.0,0.0,0.0,0.0
3428106840,0.0,0.0,0.0,0.0
3428306641,0.0,0.0,0.0,0.0
3428506443,0.0,0.0,0.0,0.0
3428706248,0.0,0.0,0.0,0.0
3428904808,0.0,0.0,0.0,0.0
3429108346,0.0,0.0,0.0,0.0
3429308146,0.0,0.0,0.0,0.0
3429506700,0.0,0.0,0.0,0.0
3429706504,0.0,0.0,0.0,0.0
3429906310,0.0,0.0,0.0,0.0
3430106130,0.0,0.0,0.0,0.0
3430305906,0.0,0.0,0.0,0.0
3430508205,0.0,0.0,0.0,0.0
3430708003,0.0,0.0,0.0,0.0
3430907881,0.0,0.0,0.0,0.0
3431106363,0.0,0.0,0.0,0.0
3431306160,0.0,0.0,0.0,0.0
3431505959,0.0,0.0,0.0,0.0
3431705895,0.0,0.0,0.0,0.0
3431908074,0.0,0.0,0.0,0.0
3432107860,0.0,0.0,0.0,0.0
3432307663,0.0,0.0,0.0,0.0
3432506394,0.0,0.0,0.0,0.0
3432706015,0.0,0.0,0.0,0.0
3432905818,0.0,0.0,0.0,0.0
3433105617,0.0,0.0,0.0,0.0
3433307911,0.0,0.0,0.0,0.0
3433508972,0.0,0.0,0.0,0.0
3433707516,0.0,0.0,0.0,0.0
3433907324,0.0,0.0,0.0,0.0
3434105878,0.0,0.0,0.0,0.0
3434305680,0.0,0.0,0.0,0.0
3434505478,0.0,0.0,0.0,0.0
3434709052,0.0,0.0,0.0,0.0
3434907576,0.0,0.0,0.0,0.0
3435107378,0.0,0.0,0.0,0.0
3435307179,0.0,0.0,0.0,0.0
3435505789,0.0,0.0,0.0,0.0
3435705529,0.0,0.0,0.0,0.0
3435905327,0.0,0.0,0.0,0.0
3436105129,0.0,0.0,0.0,0.0
3436307546,0.0,0.0,0.0,0.0
3436507239,0.0,0.0,0.0,0.0
3436707033,0.0,0.0,0.0,0.0
3436906837,0.0,0.0,0.0,0.0
3437105552,0.0,0.0,0.0,0.0
3437305186,0.0,0.0,0.0,0.0
3437508736,0.0,0.0,0.0,0.0
3437707283,0.0,0.0,0.0,0.0
3437907089,0.0,0.0,0.0,0.0
3438106885,0.0,0.0,0.0,0.0
3438306686,0.0,0.0,0.0,0.0
3438506488,0.0,0.0,0.0,0.0
3438705043,0.0,0.0,0.0,0.0
3438908590,0.0,0.0,0.0,0.0
3439108393,0.0,0.0,0.0,0.0
3439306944,0.0,0.0,0.0,0.0
3439506747,0.0,0.0,0.0,0.0
3439706545,0.0,0.0,0.0,0.0
3439906351,0.0,0.0,0.0,0.0
3440104934,0.0,0.0,0.0,0.0
3440308442,0.0,0.0,0.0,0.0
3440508247,0.0,0.0,0.0,0.0
3440706797,0.0,0.0,0.0,0.0
3440906701,0.0,0.0,0.0,0.0
3441106409,0.0,0.0,0.0,0.0
3441306208,0.0,0.0,0.0,0.0
3441504771,0.0,0.0,0.0,0.0
3441708478,0.0,0.0,0.0,0.0
