timestamp,flag_armed,flag_multicopter_position_control_enabled,flag_control_manual_enabled,flag_control_auto_enabled,flag_control_offboard_enabled,flag_control_rates_enabled,flag_control_attitude_enabled,flag_control_acceleration_enabled,flag_control_velocity_enabled,flag_control_position_enabled,flag_control_altitude_enabled,flag_control_climb_rate_enabled,flag_control_termination_enabled
3049931280,0,1,0,1,0,1,1,0,1,1,1,1,0
3050431517,0,1,0,1,0,1,1,0,1,1,1,1,0
3050941281,0,1,0,1,0,1,1,0,1,1,1,1,0
3051451303,0,1,0,1,0,1,1,0,1,1,1,1,0
3051963276,0,1,0,1,0,1,1,0,1,1,1,1,0
3052473872,0,1,0,1,0,1,1,0,1,1,1,1,0
3052974431,0,1,0,1,0,1,1,0,1,1,1,1,0
3053484383,0,1,0,1,0,1,1,0,1,1,1,1,0
3053995801,0,1,0,1,0,1,1,0,1,1,1,1,0
3054505594,0,1,0,1,0,1,1,0,1,1,1,1,0
3055016535,0,1,0,1,0,1,1,0,1,1,1,1,0
3055526533,0,1,0,1,0,1,1,0,1,1,1,1,0
3056037349,0,1,0,1,0,1,1,0,1,1,1,1,0
3056547277,0,1,0,1,0,1,1,0,1,1,1,1,0
3057060017,0,1,0,1,0,1,1,0,1,1,1,1,0
3057569321,0,1,0,1,0,1,1,0,1,1,1,1,0
3058080356,0,1,0,1,0,1,1,0,1,1,1,1,0
3058591386,0,1,0,1,0,1,1,0,1,1,1,1,0
3059101318,0,1,0,1,0,1,1,0,1,1,1,1,0
3059611351,0,1,0,1,0,1,1,0,1,1,1,1,0
3060122277,0,1,0,1,0,1,1,0,1,1,1,1,0
3060632277,0,1,0,1,0,1,1,0,1,1,1,1,0
3061132421,0,1,0,1,0,1,1,0,1,1,1,1,0
3061644500,0,1,0,1,0,1,1,0,1,1,1,1,0
3062154639,0,1,0,1,0,1,1,0,1,1,1,1,0
3062664305,0,1,0,1,0,1,1,0,1,1,1,1,0
3063175827,0,1,0,1,0,1,1,0,1,1,1,1,0
3063684276,0,1,0,1,0,1,1,0,1,1,1,1,0
3064184304,0,1,0,1,0,1,1,0,1,1,1,1,0
3064694280,0,1,0,1,0,1,1,0,1,1,1,1,0
3065194343,0,1,0,1,0,1,1,0,1,1,1,1,0
3065694636,0,1,0,1,0,1,1,0,1,1,1,1,0
3066204429,0,1,0,1,0,1,1,0,1,1,1,1,0
3066715482,0,1,0,1,0,1,1,0,1,1,1,1,0
3067225519,0,1,0,1,0,1,1,0,1,1,1,1,0
3067728150,0,1,0,1,0,1,1,0,1,1,1,1,0
3068238730,0,1,0,1,0,1,1,0,1,1,1,1,0
3068749280,0,1,0,1,0,1,1,0,1,1,1,1,0
3069259278,0,1,0,1,0,1,1,0,1,1,1,1,0
3069759367,0,1,0,1,0,1,1,0,1,1,1,1,0
3070261278,0,1,0,1,0,1,1,0,1,1,1,1,0
3070771283,0,1,0,1,0,1,1,0,1,1,1,1,0
3071281708,0,1,0,1,0,1,1,0,1,1,1,1,0
3071792281,0,1,0,1,0,1,1,0,1,1,1,1,0
3072302278,0,1,0,1,0,1,1,0,1,1,1,1,0
3072803643,0,1,0,1,0,1,1,0,1,1,1,1,0
3073313774,0,1,0,1,0,1,1,0,1,1,1,1,0
3073815391,0,1,0,1,0,1,1,0,1,1,1,1,0
3074326279,0,1,0,1,0,1,1,0,1,1,1,1,0
3074837280,0,1,0,1,0,1,1,0,1,1,1,1,0
3075348025,0,1,0,1,0,1,1,0,1,1,1,1,0
3075858281,0,1,0,1,0,1,1,0,1,1,1,1,0
3076368277,0,1,0,1,0,1,1,0,1,1,1,1,0
3076880421,0,1,0,1,0,1,1,0,1,1,1,1,0
3077390919,0,1,0,1,0,1,1,0,1,1,1,1,0
3077901279,0,1,0,1,0,1,1,0,1,1,1,1,0
3078411320,0,1,0,1,0,1,1,0,1,1,1,1,0
3078912277,0,1,0,1,0,1,1,0,1,1,1,1,0
3079412336,0,1,0,1,0,1,1,0,1,1,1,1,0
3079923351,0,1,0,1,0,1,1,0,1,1,1,1,0
3080434277,0,1,0,1,0,1,1,0,1,1,1,1,0
3080944277,0,1,0,1,0,1,1,0,1,1,1,1,0
3081444905,0,1,0,1,0,1,1,0,1,1,1,1,0
3081955625,0,1,0,1,0,1,1,0,1,1,1,1,0
3082456320,0,1,0,1,0,1,1,0,1,1,1,1,0
3082956429,0,1,0,1,0,1,1,0,1,1,1,1,0
3083467551,0,1,0,1,0,1,1,0,1,1,1,1,0
3083977366,0,1,0,1,0,1,1,0,1,1,1,1,0
3084479278,0,1,0,1,0,1,1,0,1,1,1,1,0
3084979485,0,1,0,1,0,1,1,0,1,1,1,1,0
3085489818,0,1,0,1,0,1,1,0,1,1,1,1,0
3085990619,0,1,0,1,0,1,1,0,1,1,1,1,0
3086501807,0,1,0,1,0,1,1,0,1,1,1,1,0
3087011290,0,1,0,1,0,1,1,0,1,1,1,1,0
3087522314,0,1,0,1,0,1,1,0,1,1,1,1,0
3088032276,0,1,0,1,0,1,1,0,1,1,1,1,0
3088532617,0,1,0,1,0,1,1,0,1,1,1,1,0
3089042590,0,1,0,1,0,1,1,0,1,1,1,1,0
3089553280,0,1,0,1,0,1,1,0,1,1,1,1,0
3090053444,0,1,0,1,0,1,1,0,1,1,1,1,0
3090563278,0,1,0,1,0,1,1,0,1,1,1,1,0
3091073872,0,1,0,1,0,1,1,0,1,1,1,1,0
3091585735,0,1,0,1,0,1,1,0,1,1,1,1,0
3092096645,0,1,0,1,0,1,1,0,1,1,1,1,0
3092597297,0,1,0,1,0,1,1,0,1,1,1,1,0
3093107317,0,1,0,1,0,1,1,0,1,1,1,1,0
3093607820,0,1,0,1,0,1,1,0,1,1,1,1,0
3094117395,0,1,0,1,0,1,1,0,1,1,1,1,0
3094628644,0,1,0,1,0,1,1,0,1,1,1,1,0
3095128681,0,1,0,1,0,1,1,0,1,1,1,1,0
3095639399,0,1,0,1,0,1,1,0,1,1,1,1,0
3096141938,0,1,0,1,0,1,1,0,1,1,1,1,0
3096652411,0,1,0,1,0,1,1,0,1,1,1,1,0
3097162310,0,1,0,1,0,1,1,0,1,1,1,1,0
3097662465,0,1,0,1,0,1,1,0,1,1,1,1,0
3098172535,0,1,0,1,0,1,1,0,1,1,1,1,0
3098683350,0,1,0,1,0,1,1,0,1,1,1,1,0
3099194302,0,1,0,1,0,1,1,0,1,1,1,1,0
3099704458,0,1,0,1,0,1,1,0,1,1,1,1,0
3100214276,0,1,0,1,0,1,1,0,1,1,1,1,0
3100714480,0,1,0,1,0,1,1,0,1,1,1,1,0
3101226161,0,1,0,1,0,1,1,0,1,1,1,1,0
3101737280,0,1,0,1,0,1,1,0,1,1,1,1,0
3102238278,0,1,0,1,0,1,1,0,1,1,1,1,0
3102748279,0,1,0,1,0,1,1,0,1,1,1,1,0
3103248680,0,1,0,1,0,1,1,0,1,1,1,1,0
3103758279,0,1,0,1,0,1,1,0,1,1,1,1,0
3104269280,0,1,0,1,0,1,1,0,1,1,1,1,0
3104779357,0,1,0,1,0,1,1,0,1,1,1,1,0
3105280327,0,1,0,1,0,1,1,0,1,1,1,1,0
3105791523,0,1,0,1,0,1,1,0,1,1,1,1,0
3106302280,0,1,0,1,0,1,1,0,1,1,1,1,0
3106812418,0,1,0,1,0,1,1,0,1,1,1,1,0
3107323353,0,1,0,1,0,1,1,0,1,1,1,1,0
3107833283,0,1,0,1,0,1,1,0,1,1,1,1,0
3108334188,0,1,0,1,0,1,1,0,1,1,1,1,0
3108834394,0,1,0,1,0,1,1,0,1,1,1,1,0
3109345457,0,1,0,1,0,1,1,0,1,1,1,1,0
3109855437,0,1,0,1,0,1,1,0,1,1,1,1,0
3110355472,0,1,0,1,0,1,1,0,1,1,1,1,0
3110865774,0,1,0,1,0,1,1,0,1,1,1,1,0
3111377674,0,1,0,1,0,1,1,0,1,1,1,1,0
3111887277,0,1,0,1,0,1,1,0,1,1,1,1,0
3112398279,0,1,0,1,0,1,1,0,1,1,1,1,0
3112908735,0,1,0,1,0,1,1,0,1,1,1,1,0
3113419279,0,1,0,1,0,1,1,0,1,1,1,1,0
3113919370,0,1,0,1,0,1,1,0,1,1,1,1,0
3114429308,0,1,0,1,0,1,1,0,1,1,1,1,0
3114940022,0,1,0,1,0,1,1,0,1,1,1,1,0
3115440403,0,1,0,1,0,1,1,0,1,1,1,1,0
3115951902,0,1,0,1,0,1,1,0,1,1,1,1,0
3116462651,0,1,0,1,0,1,1,0,1,1,1,1,0
3116965632,0,1,0,1,0,1,1,0,1,1,1,1,0
3117476318,0,1,0,1,0,1,1,0,1,1,1,1,0
3117986279,0,1,0,1,0,1,1,0,1,1,1,1,0
3118497454,0,1,0,1,0,1,1,0,1,1,1,1,0
3119007601,0,1,0,1,0,1,1,0,1,1,1,1,0
3119519582,0,1,0,1,0,1,1,0,1,1,1,1,0
3120030319,0,1,0,1,0,1,1,0,1,1,1,1,0
3120540496,0,1,0,1,0,1,1,0,1,1,1,1,0
3121050279,0,1,0,1,0,1,1,0,1,1,1,1,0
3121561590,0,1,0,1,0,1,1,0,1,1,1,1,0
3122072279,0,1,0,1,0,1,1,0,1,1,1,1,0
3122582559,0,1,0,1,0,1,1,0,1,1,1,1,0
3123085755,0,1,0,1,0,1,1,0,1,1,1,1,0
3123595970,0,1,0,1,0,1,1,0,1,1,1,1,0
3124106320,0,1,0,1,0,1,1,0,1,1,1,1,0
3124616303,0,1,0,1,0,1,1,0,1,1,1,1,0
3125127794,0,1,0,1,0,1,1,0,1,1,1,1,0
3125637370,0,1,0,1,0,1,1,0,1,1,1,1,0
3126148400,0,1,0,1,0,1,1,0,1,1,1,1,0
3126648844,0,1,0,1,0,1,1,0,1,1,1,1,0
3127159311,0,1,0,1,0,1,1,0,1,1,1,1,0
3127669318,0,1,0,1,0,1,1,0,1,1,1,1,0
3128181443,0,1,0,1,0,1,1,0,1,1,1,1,0
3128691292,0,1,0,1,0,1,1,0,1,1,1,1,0
3129191383,0,1,0,1,0,1,1,0,1,1,1,1,0
3129702277,0,1,0,1,0,1,1,0,1,1,1,1,0
3130213206,0,1,0,1,0,1,1,0,1,1,1,1,0
3130722356,0,1,0,1,0,1,1,0,1,1,1,1,0
3131233279,0,1,0,1,0,1,1,0,1,1,1,1,0
3131743335,0,1,0,1,0,1,1,0,1,1,1,1,0
3132254720,0,1,0,1,0,1,1,0,1,1,1,1,0
3132765958,0,1,0,1,0,1,1,0,1,1,1,1,0
3133276687,0,1,0,1,0,1,1,0,1,1,1,1,0
3133787336,0,1,0,1,0,1,1,0,1,1,1,1,0
3134297448,0,1,0,1,0,1,1,0,1,1,1,1,0
3134798495,0,1,0,1,0,1,1,0,1,1,1,1,0
3135309309,0,1,0,1,0,1,1,0,1,1,1,1,0
3135820276,0,1,0,1,0,1,1,0,1,1,1,1,0
3136330541,0,1,0,1,0,1,1,0,1,1,1,1,0
3136832036,0,1,0,1,0,1,1,0,1,1,1,1,0
3137342764,0,1,0,1,0,1,1,0,1,1,1,1,0
3137853278,0,1,0,1,0,1,1,0,1,1,1,1,0
3138363322,0,1,0,1,0,1,1,0,1,1,1,1,0
3138874705,0,1,0,1,0,1,1,0,1,1,1,1,0
3139384280,0,1,0,1,0,1,1,0,1,1,1,1,0
3139895392,0,1,0,1,0,1,1,0,1,1,1,1,0
3140405939,0,1,0,1,0,1,1,0,1,1,1,1,0
3140916323,0,1,0,1,0,1,1,0,1,1,1,1,0
3141426279,0,1,0,1,0,1,1,0,1,1,1,1,0
3141938461,0,1,0,1,0,1,1,0,1,1,1,1,0
3142438551,0,1,0,1,0,1,1,0,1,1,1,1,0
3142948277,0,1,0,1,0,1,1,0,1,1,1,1,0
3143458562,0,1,0,1,0,1,1,0,1,1,1,1,0
3143969320,0,1,0,1,0,1,1,0,1,1,1,1,0
3144469574,0,1,0,1,0,1,1,0,1,1,1,1,0
3144979278,0,1,0,1,0,1,1,0,1,1,1,1,0
3145480880,0,1,0,1,0,1,1,0,1,1,1,1,0
3145991421,0,1,0,1,0,1,1,0,1,1,1,1,0
3146501385,0,1,0,1,0,1,1,0,1,1,1,1,0
3147013573,0,1,0,1,0,1,1,0,1,1,1,1,0
3147514277,0,1,0,1,0,1,1,0,1,1,1,1,0
3148024476,0,1,0,1,0,1,1,0,1,1,1,1,0
3148534280,0,1,0,1,0,1,1,0,1,1,1,1,0
3149045390,0,1,0,1,0,1,1,0,1,1,1,1,0
3149555555,0,1,0,1,0,1,1,0,1,1,1,1,0
3150066325,0,1,0,1,0,1,1,0,1,1,1,1,0
3150577357,0,1,0,1,0,1,1,0,1,1,1,1,0
3151087319,0,1,0,1,0,1,1,0,1,1,1,1,0
3151588162,0,1,0,1,0,1,1,0,1,1,1,1,0
3152098866,0,1,0,1,0,1,1,0,1,1,1,1,0
3152609319,0,1,0,1,0,1,1,0,1,1,1,1,0
3153119301,0,1,0,1,0,1,1,0,1,1,1,1,0
3153621379,0,1,0,1,0,1,1,0,1,1,1,1,0
3154131451,0,1,0,1,0,1,1,0,1,1,1,1,0
3154642280,0,1,0,1,0,1,1,0,1,1,1,1,0
3155152319,0,1,0,1,0,1,1,0,1,1,1,1,0
3155652475,0,1,0,1,0,1,1,0,1,1,1,1,0
3156162276,0,1,0,1,0,1,1,0,1,1,1,1,0
3156663392,0,1,0,1,0,1,1,0,1,1,1,1,0
3157165419,0,1,0,1,0,1,1,0,1,1,1,1,0
3157675509,0,1,0,1,0,1,1,0,1,1,1,1,0
3158186507,0,1,0,1,0,1,1,0,1,1,1,1,0
3158697328,0,1,0,1,0,1,1,0,1,1,1,1,0
3159208279,0,1,0,1,0,1,1,0,1,1,1,1,0
3159708441,0,1,0,1,0,1,1,0,1,1,1,1,0
3160218291,0,1,0,1,0,1,1,0,1,1,1,1,0
3160729620,0,1,0,1,0,1,1,0,1,1,1,1,0
3161240130,0,1,0,1,0,1,1,0,1,1,1,1,0
3161750388,0,1,0,1,0,1,1,0,1,1,1,1,0
3162260572,0,1,0,1,0,1,1,0,1,1,1,1,0
3162761280,0,1,0,1,0,1,1,0,1,1,1,1,0
3163271678,0,1,0,1,0,1,1,0,1,1,1,1,0
3163781287,0,1,0,1,0,1,1,0,1,1,1,1,0
3164281962,0,1,0,1,0,1,1,0,1,1,1,1,0
3164791279,0,1,0,1,0,1,1,0,1,1,1,1,0
3165293382,0,1,0,1,0,1,1,0,1,1,1,1,0
3165803279,0,1,0,1,0,1,1,0,1,1,1,1,0
3166304813,0,1,0,1,0,1,1,0,1,1,1,1,0
3166814814,0,1,0,1,0,1,1,0,1,1,1,1,0
3167325413,0,1,0,1,0,1,1,0,1,1,1,1,0
3167835555,0,1,0,1,0,1,1,0,1,1,1,1,0
3168346280,0,1,0,1,0,1,1,0,1,1,1,1,0
3168846561,0,1,0,1,0,1,1,0,1,1,1,1,0
3169357278,0,1,0,1,0,1,1,0,1,1,1,1,0
3169867380,0,1,0,1,0,1,1,0,1,1,1,1,0
3170367423,0,1,0,1,0,1,1,0,1,1,1,1,0
3170877383,0,1,0,1,0,1,1,0,1,1,1,1,0
3171377528,0,1,0,1,0,1,1,0,1,1,1,1,0
3171889125,0,1,0,1,0,1,1,0,1,1,1,1,0
3172399678,0,1,0,1,0,1,1,0,1,1,1,1,0
3172910279,0,1,0,1,0,1,1,0,1,1,1,1,0
3173420278,0,1,0,1,0,1,1,0,1,1,1,1,0
3173930278,0,1,0,1,0,1,1,0,1,1,1,1,0
3174441531,0,1,0,1,0,1,1,0,1,1,1,1,0
3174952320,0,1,0,1,0,1,1,0,1,1,1,1,0
3175452378,0,1,0,1,0,1,1,0,1,1,1,1,0
3175962280,0,1,0,1,0,1,1,0,1,1,1,1,0
3176473278,0,1,0,1,0,1,1,0,1,1,1,1,0
3176984230,0,1,0,1,0,1,1,0,1,1,1,1,0
3177494829,0,1,0,1,0,1,1,0,1,1,1,1,0
3178005391,0,1,0,1,0,1,1,0,1,1,1,1,0
3178515994,0,1,0,1,0,1,1,0,1,1,1,1,0
3179027198,0,1,0,1,0,1,1,0,1,1,1,1,0
3179528553,0,1,0,1,0,1,1,0,1,1,1,1,0
3180029314,0,1,0,1,0,1,1,0,1,1,1,1,0
3180538356,0,1,0,1,0,1,1,0,1,1,1,1,0
3181049331,0,1,0,1,0,1,1,0,1,1,1,1,0
3181549967,0,1,0,1,0,1,1,0,1,1,1,1,0
3182060482,0,1,0,1,0,1,1,0,1,1,1,1,0
3182570312,0,1,0,1,0,1,1,0,1,1,1,1,0
3183070393,0,1,0,1,0,1,1,0,1,1,1,1,0
3183581344,0,1,0,1,0,1,1,0,1,1,1,1,0
3184091421,0,1,0,1,0,1,1,0,1,1,1,1,0
3184591564,0,1,0,1,0,1,1,0,1,1,1,1,0
3185101279,0,1,0,1,0,1,1,0,1,1,1,1,0
3185601329,0,1,0,1,0,1,1,0,1,1,1,1,0
3186102412,0,1,0,1,0,1,1,0,1,1,1,1,0
3186613461,0,1,0,1,0,1,1,0,1,1,1,1,0
3187123729,0,1,0,1,0,1,1,0,1,1,1,1,0
3187624233,0,1,0,1,0,1,1,0,1,1,1,1,0
3188125746,0,1,0,1,0,1,1,0,1,1,1,1,0
3188636341,0,1,0,1,0,1,1,0,1,1,1,1,0
3189146322,0,1,0,1,0,1,1,0,1,1,1,1,0
3189657318,0,1,0,1,0,1,1,0,1,1,1,1,0
3190160277,0,1,0,1,0,1,1,0,1,1,1,1,0
3190671594,0,1,0,1,0,1,1,0,1,1,1,1,0
3191181965,0,1,0,1,0,1,1,0,1,1,1,1,0
3191692320,0,1,0,1,0,1,1,0,1,1,1,1,0
3192203321,0,1,0,1,0,1,1,0,1,1,1,1,0
3192713303,0,1,0,1,0,1,1,0,1,1,1,1,0
3193213444,0,1,0,1,0,1,1,0,1,1,1,1,0
3193724277,0,1,0,1,0,1,1,0,1,1,1,1,0
3194233920,0,1,0,1,0,1,1,0,1,1,1,1,0
3194744478,0,1,0,1,0,1,1,0,1,1,1,1,0
3195255470,0,1,0,1,0,1,1,0,1,1,1,1,0
3195765393,0,1,0,1,0,1,1,0,1,1,1,1,0
3196266170,0,1,0,1,0,1,1,0,1,1,1,1,0
3196777475,0,1,0,1,0,1,1,0,1,1,1,1,0
3197287319,0,1,0,1,0,1,1,0,1,1,1,1,0
3197797408,0,1,0,1,0,1,1,0,1,1,1,1,0
3198309198,0,1,0,1,0,1,1,0,1,1,1,1,0
3198809279,0,1,0,1,0,1,1,0,1,1,1,1,0
3199309395,0,1,0,1,0,1,1,0,1,1,1,1,0
3199819540,0,1,0,1,0,1,1,0,1,1,1,1,0
3200330739,0,1,0,1,0,1,1,0,1,1,1,1,0
3200840278,0,1,0,1,0,1,1,0,1,1,1,1,0
3201350277,0,1,0,1,0,1,1,0,1,1,1,1,0
3201862112,0,1,0,1,0,1,1,0,1,1,1,1,0
3202372322,0,1,0,1,0,1,1,0,1,1,1,1,0
3202883278,0,1,0,1,0,1,1,0,1,1,1,1,0
3203393359,0,1,0,1,0,1,1,0,1,1,1,1,0
3203893548,0,1,0,1,0,1,1,0,1,1,1,1,0
3204403279,0,1,0,1,0,1,1,0,1,1,1,1,0
3204913488,0,1,0,1,0,1,1,0,1,1,1,1,0
3205424340,0,1,0,1,0,1,1,0,1,1,1,1,0
3205935426,0,1,0,1,0,1,1,0,1,1,1,1,0
3206445388,0,1,0,1,0,1,1,0,1,1,1,1,0
3206946844,0,1,0,1,0,1,1,0,1,1,1,1,0
3207456896,0,1,0,1,0,1,1,0,1,1,1,1,0
3207967280,0,1,0,1,0,1,1,0,1,1,1,1,0
3208477302,0,1,0,1,0,1,1,0,1,1,1,1,0
3208979394,0,1,0,1,0,1,1,0,1,1,1,1,0
3209489775,0,1,0,1,0,1,1,0,1,1,1,1,0
3210000306,0,1,0,1,0,1,1,0,1,1,1,1,0
3210511280,0,1,0,1,0,1,1,0,1,1,1,1,0
3211021332,0,1,0,1,0,1,1,0,1,1,1,1,0
3211530316,0,1,0,1,0,1,1,0,1,1,1,1,0
3212042652,0,1,0,1,0,1,1,0,1,1,1,1,0
3212552317,0,1,0,1,0,1,1,0,1,1,1,1,0
3213063375,0,1,0,1,0,1,1,0,1,1,1,1,0
3213574482,0,1,0,1,0,1,1,0,1,1,1,1,0
3214084612,0,1,0,1,0,1,1,0,1,1,1,1,0
3214595410,0,1,0,1,0,1,1,0,1,1,1,1,0
3215105544,0,1,0,1,0,1,1,0,1,1,1,1,0
3215616315,0,1,0,1,0,1,1,0,1,1,1,1,0
3216127588,0,1,0,1,0,1,1,0,1,1,1,1,0
3216638231,0,1,0,1,0,1,1,0,1,1,1,1,0
3217148452,0,1,0,1,0,1,1,0,1,1,1,1,0
3217659311,0,1,0,1,0,1,1,0,1,1,1,1,0
3218169280,0,1,0,1,0,1,1,0,1,1,1,1,0
3218680285,0,1,0,1,0,1,1,0,1,1,1,1,0
3219191476,0,1,0,1,0,1,1,0,1,1,1,1,0
3219701356,0,1,0,1,0,1,1,0,1,1,1,1,0
3220211388,0,1,0,1,0,1,1,0,1,1,1,1,0
3220722277,0,1,0,1,0,1,1,0,1,1,1,1,0
3221234017,0,1,0,1,0,1,1,0,1,1,1,1,0
3221744382,0,1,0,1,0,1,1,0,1,1,1,1,0
3222253278,0,1,0,1,0,1,1,0,1,1,1,1,0
3222753466,0,1,0,1,0,1,1,0,1,1,1,1,0
3223263690,0,1,0,1,0,1,1,0,1,1,1,1,0
3223774997,0,1,0,1,0,1,1,0,1,1,1,1,0
3224284588,0,1,0,1,0,1,1,0,1,1,1,1,0
3224785396,0,1,0,1,0,1,1,0,1,1,1,1,0
3225294791,0,1,0,1,0,1,1,0,1,1,1,1,0
3225805628,0,1,0,1,0,1,1,0,1,1,1,1,0
3226316305,0,1,0,1,0,1,1,0,1,1,1,1,0
3226826280,0,1,0,1,0,1,1,0,1,1,1,1,0
3227327232,0,1,0,1,0,1,1,0,1,1,1,1,0
3227838438,0,1,0,1,0,1,1,0,1,1,1,1,0
3228339386,0,1,0,1,0,1,1,0,1,1,1,1,0
3228849278,0,1,0,1,0,1,1,0,1,1,1,1,0
3229349682,0,1,0,1,0,1,1,0,1,1,1,1,0
3229859420,0,1,0,1,0,1,1,0,1,1,1,1,0
3230370577,0,1,0,1,0,1,1,0,1,1,1,1,0
3230881280,0,1,0,1,0,1,1,0,1,1,1,1,0
3231391334,0,1,0,1,0,1,1,0,1,1,1,1,0
3231893994,0,1,0,1,0,1,1,0,1,1,1,1,0
3232404281,0,1,0,1,0,1,1,0,1,1,1,1,0
3232904319,0,1,0,1,0,1,1,0,1,1,1,1,0
3233404514,0,1,0,1,0,1,1,0,1,1,1,1,0
3233915645,0,1,0,1,0,1,1,0,1,1,1,1,0
3234425390,0,1,0,1,0,1,1,0,1,1,1,1,0
3234925923,0,1,0,1,0,1,1,0,1,1,1,1,0
3235435450,0,1,0,1,0,1,1,0,1,1,1,1,0
3235946280,0,1,0,1,0,1,1,0,1,1,1,1,0
3236456329,0,1,0,1,0,1,1,0,1,1,1,1,0
3236968353,0,1,0,1,0,1,1,0,1,1,1,1,0
3237479098,0,1,0,1,0,1,1,0,1,1,1,1,0
3237989344,0,1,0,1,0,1,1,0,1,1,1,1,0
3238499355,0,1,0,1,0,1,1,0,1,1,1,1,0
3239001279,0,1,0,1,0,1,1,0,1,1,1,1,0
3239511314,0,1,0,1,0,1,1,0,1,1,1,1,0
3240013297,0,1,0,1,0,1,1,0,1,1,1,1,0
3240524875,0,1,0,1,0,1,1,0,1,1,1,1,0
3241035760,0,1,0,1,0,1,1,0,1,1,1,1,0
3241545592,0,1,0,1,0,1,1,0,1,1,1,1,0
3242056879,0,1,0,1,0,1,1,0,1,1,1,1,0
3242566314,0,1,0,1,0,1,1,0,1,1,1,1,0
3243077426,0,1,0,1,0,1,1,0,1,1,1,1,0
3243587486,0,1,0,1,0,1,1,0,1,1,1,1,0
3244097355,0,1,0,1,0,1,1,0,1,1,1,1,0
3244607321,0,1,0,1,0,1,1,0,1,1,1,1,0
3245108279,0,1,0,1,0,1,1,0,1,1,1,1,0
3245618278,0,1,0,1,0,1,1,0,1,1,1,1,0
3246128278,0,1,0,1,0,1,1,0,1,1,1,1,0
3246629602,0,1,0,1,0,1,1,0,1,1,1,1,0
3247139676,0,1,0,1,0,1,1,0,1,1,1,1,0
3247650310,0,1,0,1,0,1,1,0,1,1,1,1,0
3248160346,0,1,0,1,0,1,1,0,1,1,1,1,0
3248660378,0,1,0,1,0,1,1,0,1,1,1,1,0
3249170402,0,1,0,1,0,1,1,0,1,1,1,1,0
3249671279,0,1,0,1,0,1,1,0,1,1,1,1,0
3250171463,0,1,0,1,0,1,1,0,1,1,1,1,0
3250682824,0,1,0,1,0,1,1,0,1,1,1,1,0
3251193286,0,1,0,1,0,1,1,0,1,1,1,1,0
3251693440,0,1,0,1,0,1,1,0,1,1,1,1,0
3252204015,0,1,0,1,0,1,1,0,1,1,1,1,0
3252714578,0,1,0,1,0,1,1,0,1,1,1,1,0
3253225391,0,1,0,1,0,1,1,0,1,1,1,1,0
3253735569,0,1,0,1,0,1,1,0,1,1,1,1,0
3254245585,0,1,0,1,0,1,1,0,1,1,1,1,0
3254755610,0,1,0,1,0,1,1,0,1,1,1,1,0
3255255924,0,1,0,1,0,1,1,0,1,1,1,1,0
3255765483,0,1,0,1,0,1,1,0,1,1,1,1,0
3256276310,0,1,0,1,0,1,1,0,1,1,1,1,0
3256786474,0,1,0,1,0,1,1,0,1,1,1,1,0
3257297798,0,1,0,1,0,1,1,0,1,1,1,1,0
3257808923,0,1,0,1,0,1,1,0,1,1,1,1,0
3258319454,0,1,0,1,0,1,1,0,1,1,1,1,0
3258829277,0,1,0,1,0,1,1,0,1,1,1,1,0
3259329321,0,1,0,1,0,1,1,0,1,1,1,1,0
3259839352,0,1,0,1,0,1,1,0,1,1,1,1,0
3260339425,0,1,0,1,0,1,1,0,1,1,1,1,0
3260850390,0,1,0,1,0,1,1,0,1,1,1,1,0
3261360278,0,1,0,1,0,1,1,0,1,1,1,1,0
3261860397,0,1,0,1,0,1,1,0,1,1,1,1,0
3262370345,0,1,0,1,0,1,1,0,1,1,1,1,0
3262881374,0,1,0,1,0,1,1,0,1,1,1,1,0
3263391520,0,1,0,1,0,1,1,0,1,1,1,1,0
3263903047,0,1,0,1,0,1,1,0,1,1,1,1,0
3264414038,0,1,0,1,0,1,1,0,1,1,1,1,0
3264923354,0,1,0,1,0,1,1,0,1,1,1,1,0
3265433404,0,1,0,1,0,1,1,0,1,1,1,1,0
3265944376,0,1,0,1,0,1,1,0,1,1,1,1,0
3266454320,0,1,0,1,0,1,1,0,1,1,1,1,0
3266954752,0,1,0,1,0,1,1,0,1,1,1,1,0
3267464384,0,1,0,1,0,1,1,0,1,1,1,1,0
3267975431,0,1,0,1,0,1,1,0,1,1,1,1,0
3268485931,0,1,0,1,0,1,1,0,1,1,1,1,0
3268996364,0,1,0,1,0,1,1,0,1,1,1,1,0
3269508044,0,1,0,1,0,1,1,0,1,1,1,1,0
3270018605,0,1,0,1,0,1,1,0,1,1,1,1,0
3270529322,0,1,0,1,0,1,1,0,1,1,1,1,0
3271030353,0,1,0,1,0,1,1,0,1,1,1,1,0
3271530467,0,1,0,1,0,1,1,0,1,1,1,1,0
3272040278,0,1,0,1,0,1,1,0,1,1,1,1,0
3272551312,0,1,0,1,0,1,1,0,1,1,1,1,0
3273061428,0,1,0,1,0,1,1,0,1,1,1,1,0
3273572679,0,1,0,1,0,1,1,0,1,1,1,1,0
3274082278,0,1,0,1,0,1,1,0,1,1,1,1,0
3274583198,0,1,0,1,0,1,1,0,1,1,1,1,0
3275093797,0,1,0,1,0,1,1,0,1,1,1,1,0
3275604575,0,1,0,1,0,1,1,0,1,1,1,1,0
3276115461,0,1,0,1,0,1,1,0,1,1,1,1,0
3276615922,0,1,0,1,0,1,1,0,1,1,1,1,0
3277125449,0,1,0,1,0,1,1,0,1,1,1,1,0
3277625966,0,1,0,1,0,1,1,0,1,1,1,1,0
3278135548,0,1,0,1,0,1,1,0,1,1,1,1,0
3278646346,0,1,0,1,0,1,1,0,1,1,1,1,0
3279156322,0,1,0,1,0,1,1,0,1,1,1,1,0
3279656419,0,1,0,1,0,1,1,0,1,1,1,1,0
3280167848,0,1,0,1,0,1,1,0,1,1,1,1,0
3280678593,0,1,0,1,0,1,1,0,1,1,1,1,0
3281189064,0,1,0,1,0,1,1,0,1,1,1,1,0
3281699499,0,1,0,1,0,1,1,0,1,1,1,1,0
3282210624,0,1,0,1,0,1,1,0,1,1,1,1,0
3282721280,0,1,0,1,0,1,1,0,1,1,1,1,0
3283222313,0,1,0,1,0,1,1,0,1,1,1,1,0
3283732278,0,1,0,1,0,1,1,0,1,1,1,1,0
3284242277,0,1,0,1,0,1,1,0,1,1,1,1,0
3284755054,0,1,0,1,0,1,1,0,1,1,1,1,0
3285256353,0,1,0,1,0,1,1,0,1,1,1,1,0
3285766279,0,1,0,1,0,1,1,0,1,1,1,1,0
3286266651,0,1,0,1,0,1,1,0,1,1,1,1,0
3286777384,0,1,0,1,0,1,1,0,1,1,1,1,0
3287288576,0,1,0,1,0,1,1,0,1,1,1,1,0
3287798398,0,1,0,1,0,1,1,0,1,1,1,1,0
3288310242,0,1,0,1,0,1,1,0,1,1,1,1,0
3288820983,0,1,0,1,0,1,1,0,1,1,1,1,0
3289331278,0,1,0,1,0,1,1,0,1,1,1,1,0
3289841279,0,1,0,1,0,1,1,0,1,1,1,1,0
3290341344,0,1,0,1,0,1,1,0,1,1,1,1,0
3290851281,0,1,0,1,0,1,1,0,1,1,1,1,0
3291351359,0,1,0,1,0,1,1,0,1,1,1,1,0
3291851606,0,1,0,1,0,1,1,0,1,1,1,1,0
3292361927,0,1,0,1,0,1,1,0,1,1,1,1,0
3292872345,0,1,0,1,0,1,1,0,1,1,1,1,0
3293382569,0,1,0,1,0,1,1,0,1,1,1,1,0
3293885105,0,1,0,1,0,1,1,0,1,1,1,1,0
3294395804,0,1,0,1,0,1,1,0,1,1,1,1,0
3294906535,0,1,0,1,0,1,1,0,1,1,1,1,0
3295416279,0,1,0,1,0,1,1,0,1,1,1,1,0
3295916374,0,1,0,1,0,1,1,0,1,1,1,1,0
3296426625,0,1,0,1,0,1,1,0,1,1,1,1,0
3296927319,0,1,0,1,0,1,1,0,1,1,1,1,0
3297437360,0,1,0,1,0,1,1,0,1,1,1,1,0
3297938277,0,1,0,1,0,1,1,0,1,1,1,1,0
3298438341,0,1,0,1,0,1,1,0,1,1,1,1,0
3298950652,0,1,0,1,0,1,1,0,1,1,1,1,0
3299460737,0,1,0,1,0,1,1,0,1,1,1,1,0
3299971279,0,1,0,1,0,1,1,0,1,1,1,1,0
3300481280,0,1,0,1,0,1,1,0,1,1,1,1,0
3300981332,0,1,0,1,0,1,1,0,1,1,1,1,0
3301481382,0,1,0,1,0,1,1,0,1,1,1,1,0
3301991321,0,1,0,1,0,1,1,0,1,1,1,1,0
3302501475,0,1,0,1,0,1,1,0,1,1,1,1,0
3303012278,0,1,0,1,0,1,1,0,1,1,1,1,0
3303523279,0,1,0,1,0,1,1,0,1,1,1,1,0
3304033426,0,1,0,1,0,1,1,0,1,1,1,1,0
3304545021,0,1,0,1,0,1,1,0,1,1,1,1,0
3305055738,0,1,0,1,0,1,1,0,1,1,1,1,0
3305555950,0,1,0,1,0,1,1,0,1,1,1,1,0
3306065424,0,1,0,1,0,1,1,0,1,1,1,1,0
3306575390,0,1,0,1,0,1,1,0,1,1,1,1,0
3307075532,0,1,0,1,0,1,1,0,1,1,1,1,0
3307587014,0,1,0,1,0,1,1,0,1,1,1,1,0
3308097384,0,1,0,1,0,1,1,0,1,1,1,1,0
3308608280,0,1,0,1,0,1,1,0,1,1,1,1,0
3309118531,0,1,0,1,0,1,1,0,1,1,1,1,0
3309630192,0,1,0,1,0,1,1,0,1,1,1,1,0
3310141082,0,1,0,1,0,1,1,0,1,1,1,1,0
3310651412,0,1,0,1,0,1,1,0,1,1,1,1,0
3311161346,0,1,0,1,0,1,1,0,1,1,1,1,0
3311672726,0,1,0,1,0,1,1,0,1,1,1,1,0
3312182319,0,1,0,1,0,1,1,0,1,1,1,1,0
3312693281,0,1,0,1,0,1,1,0,1,1,1,1,0
3313203468,0,1,0,1,0,1,1,0,1,1,1,1,0
3313714280,0,1,0,1,0,1,1,0,1,1,1,1,0
3314225923,0,1,0,1,0,1,1,0,1,1,1,1,0
3314736366,0,1,0,1,0,1,1,0,1,1,1,1,0
3315246488,0,1,0,1,0,1,1,0,1,1,1,1,0
3315757283,0,1,0,1,0,1,1,0,1,1,1,1,0
3316267353,0,1,0,1,0,1,1,0,1,1,1,1,0
3316778324,0,1,0,1,0,1,1,0,1,1,1,1,0
3317288376,0,1,0,1,0,1,1,0,1,1,1,1,0
3317799325,0,1,0,1,0,1,1,0,1,1,1,1,0
3318302866,0,1,0,1,0,1,1,0,1,1,1,1,0
3318813411,0,1,0,1,0,1,1,0,1,1,1,1,0
3319323785,0,1,0,1,0,1,1,0,1,1,1,1,0
3319834317,0,1,0,1,0,1,1,0,1,1,1,1,0
3320344483,0,1,0,1,0,1,1,0,1,1,1,1,0
3320855424,0,1,0,1,0,1,1,0,1,1,1,1,0
3321365664,0,1,0,1,0,1,1,0,1,1,1,1,0
3321876441,0,1,0,1,0,1,1,0,1,1,1,1,0
3322387990,0,1,0,1,0,1,1,0,1,1,1,1,0
3322898609,0,1,0,1,0,1,1,0,1,1,1,1,0
3323408303,0,1,0,1,0,1,1,0,1,1,1,1,0
3323919418,0,1,0,1,0,1,1,0,1,1,1,1,0
3324430573,0,1,0,1,0,1,1,0,1,1,1,1,0
3324940278,0,1,0,1,0,1,1,0,1,1,1,1,0
3325440423,0,1,0,1,0,1,1,0,1,1,1,1,0
3325951324,0,1,0,1,0,1,1,0,1,1,1,1,0
3326461281,0,1,0,1,0,1,1,0,1,1,1,1,0
3326971279,0,1,0,1,0,1,1,0,1,1,1,1,0
3327474218,0,1,0,1,0,1,1,0,1,1,1,1,0
3327984417,0,1,0,1,0,1,1,0,1,1,1,1,0
3328485392,0,1,0,1,0,1,1,0,1,1,1,1,0
3328996354,0,1,0,1,0,1,1,0,1,1,1,1,0
3329506474,0,1,0,1,0,1,1,0,1,1,1,1,0
3330016278,0,1,0,1,0,1,1,0,1,1,1,1,0
3330526278,0,1,0,1,0,1,1,0,1,1,1,1,0
3331026830,0,1,0,1,0,1,1,0,1,1,1,1,0
3331537322,0,1,0,1,0,1,1,0,1,1,1,1,0
3332047280,0,1,0,1,0,1,1,0,1,1,1,1,0
3332559411,0,1,0,1,0,1,1,0,1,1,1,1,0
3333069442,0,1,0,1,0,1,1,0,1,1,1,1,0
3333580321,0,1,0,1,0,1,1,0,1,1,1,1,0
3334090281,0,1,0,1,0,1,1,0,1,1,1,1,0
3334590724,0,1,0,1,0,1,1,0,1,1,1,1,0
3335100390,0,1,0,1,0,1,1,0,1,1,1,1,0
3335602322,0,1,0,1,0,1,1,0,1,1,1,1,0
3336112282,0,1,0,1,0,1,1,0,1,1,1,1,0
3336624205,0,1,0,1,0,1,1,0,1,1,1,1,0
3337135205,0,1,0,1,0,1,1,0,1,1,1,1,0
3337645421,0,1,0,1,0,1,1,0,1,1,1,1,0
3338146281,0,1,0,1,0,1,1,0,1,1,1,1,0
3338657158,0,1,0,1,0,1,1,0,1,1,1,1,0
3339166432,0,1,0,1,0,1,1,0,1,1,1,1,0
3339677281,0,1,0,1,0,1,1,0,1,1,1,1,0
3340187531,0,1,0,1,0,1,1,0,1,1,1,1,0
3340698323,0,1,0,1,0,1,1,0,1,1,1,1,0
3341209958,0,1,0,1,0,1,1,0,1,1,1,1,0
3341720384,0,1,0,1,0,1,1,0,1,1,1,1,0
3342230535,0,1,0,1,0,1,1,0,1,1,1,1,0
3342741336,0,1,0,1,0,1,1,0,1,1,1,1,0
3343251278,0,1,0,1,0,1,1,0,1,1,1,1,0
3343762279,0,1,0,1,0,1,1,0,1,1,1,1,0
3344272380,0,1,0,1,0,1,1,0,1,1,1,1,0
3344783373,0,1,0,1,0,1,1,0,1,1,1,1,0
3345286019,0,1,0,1,0,1,1,0,1,1,1,1,0
3345796484,0,1,0,1,0,1,1,0,1,1,1,1,0
3346306796,0,1,0,1,0,1,1,0,1,1,1,1,0
3346817315,0,1,0,1,0,1,1,0,1,1,1,1,0
3347327280,0,1,0,1,0,1,1,0,1,1,1,1,0
3347838294,0,1,0,1,0,1,1,0,1,1,1,1,0
3348348327,0,1,0,1,0,1,1,0,1,1,1,1,0
3348859457,0,1,0,1,0,1,1,0,1,1,1,1,0
3349369000,0,1,0,1,0,1,1,0,1,1,1,1,0
3349879392,0,1,0,1,0,1,1,0,1,1,1,1,0
3350389277,0,1,0,1,0,1,1,0,1,1,1,1,0
3350890327,0,1,0,1,0,1,1,0,1,1,1,1,0
3351401128,0,1,0,1,0,1,1,0,1,1,1,1,0
3351911464,0,1,0,1,0,1,1,0,1,1,1,1,0
3352421283,0,1,0,1,0,1,1,0,1,1,1,1,0
3352921421,0,1,0,1,0,1,1,0,1,1,1,1,0
3353431322,0,1,0,1,0,1,1,0,1,1,1,1,0
3353942319,0,1,0,1,0,1,1,0,1,1,1,1,0
3354442430,0,1,0,1,0,1,1,0,1,1,1,1,0
3354952281,0,1,0,1,0,1,1,0,1,1,1,1,0
3355452847,0,1,0,1,0,1,1,0,1,1,1,1,0
3355962460,0,1,0,1,0,1,1,0,1,1,1,1,0
3356473278,0,1,0,1,0,1,1,0,1,1,1,1,0
3356983302,0,1,0,1,0,1,1,0,1,1,1,1,0
3357484072,0,1,0,1,0,1,1,0,1,1,1,1,0
3357994522,0,1,0,1,0,1,1,0,1,1,1,1,0
3358505614,0,1,0,1,0,1,1,0,1,1,1,1,0
3359015550,0,1,0,1,0,1,1,0,1,1,1,1,0
3359524565,0,1,0,1,0,1,1,0,1,1,1,1,0
3360035458,0,1,0,1,0,1,1,0,1,1,1,1,0
3360546419,0,1,0,1,0,1,1,0,1,1,1,1,0
3361056278,0,1,0,1,0,1,1,0,1,1,1,1,0
3361566779,0,1,0,1,0,1,1,0,1,1,1,1,0
3362077437,0,1,0,1,0,1,1,0,1,1,1,1,0
3362587280,0,1,0,1,0,1,1,0,1,1,1,1,0
3363099589,0,1,0,1,0,1,1,0,1,1,1,1,0
3363610309,0,1,0,1,0,1,1,0,1,1,1,1,0
3364120296,0,1,0,1,0,1,1,0,1,1,1,1,0
3364631489,0,1,0,1,0,1,1,0,1,1,1,1,0
3365141277,0,1,0,1,0,1,1,0,1,1,1,1,0
3365652314,0,1,0,1,0,1,1,0,1,1,1,1,0
3366162571,0,1,0,1,0,1,1,0,1,1,1,1,0
3366673279,0,1,0,1,0,1,1,0,1,1,1,1,0
3367183380,0,1,0,1,0,1,1,0,1,1,1,1,0
3367694907,0,1,0,1,0,1,1,0,1,1,1,1,0
3368205528,0,1,0,1,0,1,1,0,1,1,1,1,0
3368715392,0,1,0,1,0,1,1,0,1,1,1,1,0
3369215512,0,1,0,1,0,1,1,0,1,1,1,1,0
3369724278,0,1,0,1,0,1,1,0,1,1,1,1,0
3370235524,0,1,0,1,0,1,1,0,1,1,1,1,0
3370735620,0,1,0,1,0,1,1,0,1,1,1,1,0
3371245391,0,1,0,1,0,1,1,0,1,1,1,1,0
3371755868,0,1,0,1,0,1,1,0,1,1,1,1,0
3372266356,0,1,0,1,0,1,1,0,1,1,1,1,0
3372777321,0,1,0,1,0,1,1,0,1,1,1,1,0
3373287284,0,1,0,1,0,1,1,0,1,1,1,1,0
3373798967,0,1,0,1,0,1,1,0,1,1,1,1,0
3374309464,0,1,0,1,0,1,1,0,1,1,1,1,0
3374819963,0,1,0,1,0,1,1,0,1,1,1,1,0
3375330300,0,1,0,1,0,1,1,0,1,1,1,1,0
3375830519,0,1,0,1,0,1,1,0,1,1,1,1,0
3376340279,0,1,0,1,0,1,1,0,1,1,1,1,0
3376842298,0,1,0,1,0,1,1,0,1,1,1,1,0
3377352839,0,1,0,1,0,1,1,0,1,1,1,1,0
3377863885,0,1,0,1,0,1,1,0,1,1,1,1,0
3378374653,0,1,0,1,0,1,1,0,1,1,1,1,0
3378884380,0,1,0,1,0,1,1,0,1,1,1,1,0
3379384457,0,1,0,1,0,1,1,0,1,1,1,1,0
3379885685,0,1,0,1,0,1,1,0,1,1,1,1,0
3380395416,0,1,0,1,0,1,1,0,1,1,1,1,0
3380895593,0,1,0,1,0,1,1,0,1,1,1,1,0
3381405418,0,1,0,1,0,1,1,0,1,1,1,1,0
3381907280,0,1,0,1,0,1,1,0,1,1,1,1,0
3382417375,0,1,0,1,0,1,1,0,1,1,1,1,0
3382929034,0,1,0,1,0,1,1,0,1,1,1,1,0
3383439404,0,1,0,1,0,1,1,0,1,1,1,1,0
3383949301,0,1,0,1,0,1,1,0,1,1,1,1,0
3384460360,0,1,0,1,0,1,1,0,1,1,1,1,0
3384971487,0,1,0,1,0,1,1,0,1,1,1,1,0
3385481280,0,1,0,1,0,1,1,0,1,1,1,1,0
3385981350,0,1,0,1,0,1,1,0,1,1,1,1,0
3386491279,0,1,0,1,0,1,1,0,1,1,1,1,0
3387001281,0,1,0,1,0,1,1,0,1,1,1,1,0
3387501337,0,1,0,1,0,1,1,0,1,1,1,1,0
3388012534,0,1,0,1,0,1,1,0,1,1,1,1,0
3388522279,0,1,0,1,0,1,1,0,1,1,1,1,0
3389022849,0,1,0,1,0,1,1,0,1,1,1,1,0
3389533462,0,1,0,1,0,1,1,0,1,1,1,1,0
3390043049,0,1,0,1,0,1,1,0,1,1,1,1,0
3390553408,0,1,0,1,0,1,1,0,1,1,1,1,0
3391063975,0,1,0,1,0,1,1,0,1,1,1,1,0
3391574892,0,1,0,1,0,1,1,0,1,1,1,1,0
3392084521,0,1,0,1,0,1,1,0,1,1,1,1,0
3392595432,0,1,0,1,0,1,1,0,1,1,1,1,0
3393105600,0,1,0,1,0,1,1,0,1,1,1,1,0
3393616279,0,1,0,1,0,1,1,0,1,1,1,1,0
3394127857,0,1,0,1,0,1,1,0,1,1,1,1,0
3394638351,0,1,0,1,0,1,1,0,1,1,1,1,0
3395139278,0,1,0,1,0,1,1,0,1,1,1,1,0
3395639365,0,1,0,1,0,1,1,0,1,1,1,1,0
3396150352,0,1,0,1,0,1,1,0,1,1,1,1,0
3396660846,0,1,0,1,0,1,1,0,1,1,1,1,0
3397171404,0,1,0,1,0,1,1,0,1,1,1,1,0
3397682374,0,1,0,1,0,1,1,0,1,1,1,1,0
3398195214,0,1,0,1,0,1,1,0,1,1,1,1,0
3398705450,0,1,0,1,0,1,1,0,1,1,1,1,0
3399215759,0,1,0,1,0,1,1,0,1,1,1,1,0
3399727312,0,1,0,1,0,1,1,0,1,1,1,1,0
3400237452,0,1,0,1,0,1,1,0,1,1,1,1,0
3400748279,0,1,0,1,0,1,1,0,1,1,1,1,0
3401258343,0,1,0,1,0,1,1,0,1,1,1,1,0
3401758384,0,1,0,1,0,1,1,0,1,1,1,1,0
3402268437,0,1,0,1,0,1,1,0,1,1,1,1,0
3402769678,0,1,0,1,0,1,1,0,1,1,1,1,0
3403280279,0,1,0,1,0,1,1,0,1,1,1,1,0
3403790350,0,1,0,1,0,1,1,0,1,1,1,1,0
3404300305,0,1,0,1,0,1,1,0,1,1,1,1,0
3404811278,0,1,0,1,0,1,1,0,1,1,1,1,0
3405311308,0,1,0,1,0,1,1,0,1,1,1,1,0
3405821303,0,1,0,1,0,1,1,0,1,1,1,1,0
3406322599,0,1,0,1,0,1,1,0,1,1,1,1,0
3406823279,0,1,0,1,0,1,1,0,1,1,1,1,0
3407335908,0,1,0,1,0,1,1,0,1,1,1,1,0
3407846279,0,1,0,1,0,1,1,0,1,1,1,1,0
3408356710,0,1,0,1,0,1,1,0,1,1,1,1,0
3408867888,0,1,0,1,0,1,1,0,1,1,1,1,0
3409377279,0,1,0,1,0,1,1,0,1,1,1,1,0
3409878282,0,1,0,1,0,1,1,0,1,1,1,1,0
3410388448,0,1,0,1,0,1,1,0,1,1,1,1,0
3410899282,0,1,0,1,0,1,1,0,1,1,1,1,0
3411409280,0,1,0,1,0,1,1,0,1,1,1,1,0
3411912279,0,1,0,1,0,1,1,0,1,1,1,1,0
3412422296,0,1,0,1,0,1,1,0,1,1,1,1,0
3412934029,0,1,0,1,0,1,1,0,1,1,1,1,0
3413443325,0,1,0,1,0,1,1,0,1,1,1,1,0
3413954312,0,1,0,1,0,1,1,0,1,1,1,1,0
3414464392,0,1,0,1,0,1,1,0,1,1,1,1,0
3414965453,0,1,0,1,0,1,1,0,1,1,1,1,0
3415477765,0,1,0,1,0,1,1,0,1,1,1,1,0
3415979647,0,1,0,1,0,1,1,0,1,1,1,1,0
3416489319,0,1,0,1,0,1,1,0,1,1,1,1,0
3416989633,0,1,0,1,0,1,1,0,1,1,1,1,0
3417500306,0,1,0,1,0,1,1,0,1,1,1,1,0
3418010279,0,1,0,1,0,1,1,0,1,1,1,1,0
3418510365,0,1,0,1,0,1,1,0,1,1,1,1,0
3419020393,0,1,0,1,0,1,1,0,1,1,1,1,0
3419530502,0,1,0,1,0,1,1,0,1,1,1,1,0
3420032316,0,1,0,1,0,1,1,0,1,1,1,1,0
3420542589,0,1,0,1,0,1,1,0,1,1,1,1,0
3421053321,0,1,0,1,0,1,1,0,1,1,1,1,0
3421563467,0,1,0,1,0,1,1,0,1,1,1,1,0
3422065540,0,1,0,1,0,1,1,0,1,1,1,1,0
3422575647,0,1,0,1,0,1,1,0,1,1,1,1,0
3423086309,0,1,0,1,0,1,1,0,1,1,1,1,0
3423596503,0,1,0,1,0,1,1,0,1,1,1,1,0
3424106321,0,1,0,1,0,1,1,0,1,1,1,1,0
3424606370,0,1,0,1,0,1,1,0,1,1,1,1,0
3425106978,0,1,0,1,0,1,1,0,1,1,1,1,0
3425617601,0,1,0,1,0,1,1,0,1,1,1,1,0
3426128277,0,1,0,1,0,1,1,0,1,1,1,1,0
3426638855,0,1,0,1,0,1,1,0,1,1,1,1,0
3427149715,0,1,0,1,0,1,1,0,1,1,1,1,0
3427659278,0,1,0,1,0,1,1,0,1,1,1,1,0
3428159427,0,1,0,1,0,1,1,0,1,1,1,1,0
3428669280,0,1,0,1,0,1,1,0,1,1,1,1,0
3429179775,0,1,0,1,0,1,1,0,1,1,1,1,0
3429690408,0,1,0,1,0,1,1,0,1,1,1,1,0
3430202996,0,1,0,1,0,1,1,0,1,1,1,1,0
3430713278,0,1,0,1,0,1,1,0,1,1,1,1,0
3431223560,0,1,0,1,0,1,1,0,1,1,1,1,0
3431734309,0,1,0,1,0,1,1,0,1,1,1,1,0
3432244432,0,1,0,1,0,1,1,0,1,1,1,1,0
3432755392,0,1,0,1,0,1,1,0,1,1,1,1,0
3433265439,0,1,0,1,0,1,1,0,1,1,1,1,0
3433776594,0,1,0,1,0,1,1,0,1,1,1,1,0
3434287879,0,1,0,1,0,1,1,0,1,1,1,1,0
3434798429,0,1,0,1,0,1,1,0,1,1,1,1,0
3435308278,0,1,0,1,0,1,1,0,1,1,1,1,0
3435808340,0,1,0,1,0,1,1,0,1,1,1,1,0
3436318322,0,1,0,1,0,1,1,0,1,1,1,1,0
3436819277,0,1,0,1,0,1,1,0,1,1,1,1,0
3437328322,0,1,0,1,0,1,1,0,1,1,1,1,0
3437831279,0,1,0,1,0,1,1,0,1,1,1,1,0
3438342280,0,1,0,1,0,1,1,0,1,1,1,1,0
3438854603,0,1,0,1,0,1,1,0,1,1,1,1,0
3439364308,0,1,0,1,0,1,1,0,1,1,1,1,0
3439875391,0,1,0,1,0,1,1,0,1,1,1,1,0
3440377330,0,1,0,1,0,1,1,0,1,1,1,1,0
3440888313,0,1,0,1,0,1,1,0,1,1,1,1,0
3441398718,0,1,0,1,0,1,1,0,1,1,1,1,0
