timestamp,armed_time,takeoff_time,nav_state_timestamp,failure_detector_status,arming_state,latest_arming_reason,latest_disarming_reason,nav_state_user_intention,nav_state,hil_state,vehicle_type,failsafe,failsafe_and_user_took_over,gcs_connection_lost,gcs_connection_lost_counter,high_latency_data_link_lost,is_vtol,is_vtol_tailsitter,in_transition_mode,in_transition_to_fw,system_type,system_id,component_id,safety_button_available,safety_off,power_input_valid,usb_connected,open_drone_id_system_present,open_drone_id_system_healthy,parachute_system_present,parachute_system_healthy,avoidance_system_required,avoidance_system_valid,rc_calibration_in_progress,calibration_enabled,pre_flight_checks_pass
3049931281,0,0,574755,0,1,0,0,4,4,0,1,0,0,0,1,0,0,0,0,0,2,1,1,1,1,1,0,0,0,0,0,0,0,0,0,0
3050431519,0,0,574755,0,1,0,0,4,4,0,1,0,0,0,1,0,0,0,0,0,2,1,1,1,1,1,0,0,0,0,0,0,0,0,0,0
3050941283,0,0,574755,0,1,0,0,4,4,0,1,0,0,0,1,0,0,0,0,0,2,1,1,1,1,1,0,0,0,0,0,0,0,0,0,0
3051451304,0,0,574755,0,1,0,0,4,4,0,1,0,0,0,1,0,0,0,0,0,2,1,1,1,1,1,0,0,0,0,0,0,0,0,0,0
3051963278,0,0,574755,0,1,0,0,4,4,0,1,0,0,0,1,0,0,0,0,0,2,1,1,1,1,1,0,0,0,0,0,0,0,0,0,0
3052473874,0,0,574755,0,1,0,0,4,4,0,1,0,0,0,1,0,0,0,0,0,2,1,1,1,1,1,0,0,0,0,0,0,0,0,0,0
3052974433,0,0,574755,0,1,0,0,4,4,0,1,0,0,0,1,0,0,0,0,0,2,1,1,1,1,1,0,0,0,0,0,0,0,0,0,0
3053484385,0,0,574755,0,1,0,0,4,4,0,1,0,0,0,1,0,0,0,0,0,2,1,1,1,1,1,0,0,0,0,0,0,0,0,0,0
3053995803,0,0,574755,0,1,0,0,4,4,0,1,0,0,0,1,0,0,0,0,0,2,1,1,1,1,1,0,0,0,0,0,0,0,0,0,0
3054505596,0,0,574755,0,1,0,0,4,4,0,1,0,0,0,1,0,0,0,0,0,2,1,1,1,1,1,0,0,0,0,0,0,0,0,0,0
3055016537,0,0,574755,0,1,0,0,4,4,0,1,0,0,0,1,0,0,0,0,0,2,1,1,1,1,1,0,0,0,0,0,0,0,0,0,0
3055526536,0,0,574755,0,1,0,0,4,4,0,1,0,0,0,1,0,0,0,0,0,2,1,1,1,1,1,0,0,0,0,0,0,0,0,0,0
3056037351,0,0,574755,0,1,0,0,4,4,0,1,0,0,0,1,0,0,0,0,0,2,1,1,1,1,1,0,0,0,0,0,0,0,0,0,0
3056547279,0,0,574755,0,1,0,0,4,4,0,1,0,0,0,1,0,0,0,0,0,2,1,1,1,1,1,0,0,0,0,0,0,0,0,0,0
3057060019,0,0,574755,0,1,0,0,4,4,0,1,0,0,0,1,0,0,0,0,0,2,1,1,1,1,1,0,0,0,0,0,0,0,0,0,0
3057569322,0,0,574755,0,1,0,0,4,4,0,1,0,0,0,1,0,0,0,0,0,2,1,1,1,1,1,0,0,0,0,0,0,0,0,0,0
3058080357,0,0,574755,0,1,0,0,4,4,0,1,0,0,0,1,0,0,0,0,0,2,1,1,1,1,1,0,0,0,0,0,0,0,0,0,0
3058591388,0,0,574755,0,1,0,0,4,4,0,1,0,0,0,1,0,0,0,0,0,2,1,1,1,1,1,0,0,0,0,0,0,0,0,0,0
3059101320,0,0,574755,0,1,0,0,4,4,0,1,0,0,0,1,0,0,0,0,0,2,1,1,1,1,1,0,0,0,0,0,0,0,0,0,0
3059611353,0,0,574755,0,1,0,0,4,4,0,1,0,0,0,1,0,0,0,0,0,2,1,1,1,1,1,0,0,0,0,0,0,0,0,0,0
3060122278,0,0,574755,0,1,0,0,4,4,0,1,0,0,0,1,0,0,0,0,0,2,1,1,1,1,1,0,0,0,0,0,0,0,0,0,0
3060632278,0,0,574755,0,1,0,0,4,4,0,1,0,0,0,1,0,0,0,0,0,2,1,1,1,1,1,0,0,0,0,0,0,0,0,0,0
3061132423,0,0,574755,0,1,0,0,4,4,0,1,0,0,0,1,0,0,0,0,0,2,1,1,1,1,1,0,0,0,0,0,0,0,0,0,0
3061644501,0,0,574755,0,1,0,0,4,4,0,1,0,0,0,1,0,0,0,0,0,2,1,1,1,1,1,0,0,0,0,0,0,0,0,0,0
3062154641,0,0,574755,0,1,0,0,4,4,0,1,0,0,0,1,0,0,0,0,0,2,1,1,1,1,1,0,0,0,0,0,0,0,0,0,0
3062664306,0,0,574755,0,1,0,0,4,4,0,1,0,0,0,1,0,0,0,0,0,2,1,1,1,1,1,0,0,0,0,0,0,0,0,0,0
3063175829,0,0,574755,0,1,0,0,4,4,0,1,0,0,0,1,0,0,0,0,0,2,1,1,1,1,1,0,0,0,0,0,0,0,0,0,0
3063684278,0,0,574755,0,1,0,0,4,4,0,1,0,0,0,1,0,0,0,0,0,2,1,1,1,1,1,0,0,0,0,0,0,0,0,0,0
3064184306,0,0,574755,0,1,0,0,4,4,0,1,0,0,0,1,0,0,0,0,0,2,1,1,1,1,1,0,0,0,0,0,0,0,0,0,0
3064694281,0,0,574755,0,1,0,0,4,4,0,1,0,0,0,1,0,0,0,0,0,2,1,1,1,1,1,0,0,0,0,0,0,0,0,0,0
3065194345,0,0,574755,0,1,0,0,4,4,0,1,0,0,0,1,0,0,0,0,0,2,1,1,1,1,1,0,0,0,0,0,0,0,0,0,0
3065694638,0,0,574755,0,1,0,0,4,4,0,1,0,0,0,1,0,0,0,0,0,2,1,1,1,1,1,0,0,0,0,0,0,0,0,0,0
3066204430,0,0,574755,0,1,0,0,4,4,0,1,0,0,0,1,0,0,0,0,0,2,1,1,1,1,1,0,0,0,0,0,0,0,0,0,0
3066715484,0,0,574755,0,1,0,0,4,4,0,1,0,0,0,1,0,0,0,0,0,2,1,1,1,1,1,0,0,0,0,0,0,0,0,0,0
3067225520,0,0,574755,0,1,0,0,4,4,0,1,0,0,0,1,0,0,0,0,0,2,1,1,1,1,1,0,0,0,0,0,0,0,0,0,0
3067728152,0,0,574755,0,1,0,0,4,4,0,1,0,0,0,1,0,0,0,0,0,2,1,1,1,1,1,0,0,0,0,0,0,0,0,0,0
3068238732,0,0,574755,0,1,0,0,4,4,0,1,0,0,0,1,0,0,0,0,0,2,1,1,1,1,1,0,0,0,0,0,0,0,0,0,0
3068749282,0,0,574755,0,1,0,0,4,4,0,1,0,0,0,1,0,0,0,0,0,2,1,1,1,1,1,0,0,0,0,0,0,0,0,0,0
3069259279,0,0,574755,0,1,0,0,4,4,0,1,0,0,0,1,0,0,0,0,0,2,1,1,1,1,1,0,0,0,0,0,0,0,0,0,0
3069759369,0,0,574755,0,1,0,0,4,4,0,1,0,0,0,1,0,0,0,0,0,2,1,1,1,1,1,0,0,0,0,0,0,0,0,0,0
3070261279,0,0,574755,0,1,0,0,4,4,0,1,0,0,0,1,0,0,0,0,0,2,1,1,1,1,1,0,0,0,0,0,0,0,0,0,0
3070771285,0,0,574755,0,1,0,0,4,4,0,1,0,0,0,1,0,0,0,0,0,2,1,1,1,1,1,0,0,0,0,0,0,0,0,0,0
3071281710,0,0,574755,0,1,0,0,4,4,0,1,0,0,0,1,0,0,0,0,0,2,1,1,1,1,1,0,0,0,0,0,0,0,0,0,0
3071792283,0,0,574755,0,1,0,0,4,4,0,1,0,0,0,1,0,0,0,0,0,2,1,1,1,1,1,0,0,0,0,0,0,0,0,0,0
3072302280,0,0,574755,0,1,0,0,4,4,0,1,0,0,0,1,0,0,0,0,0,2,1,1,1,1,1,0,0,0,0,0,0,0,0,0,0
3072803644,0,0,574755,0,1,0,0,4,4,0,1,0,0,0,1,0,0,0,0,0,2,1,1,1,1,1,0,0,0,0,0,0,0,0,0,0
3073313776,0,0,574755,0,1,0,0,4,4,0,1,0,0,0,1,0,0,0,0,0,2,1,1,1,1,1,0,0,0,0,0,0,0,0,0,0
3073815392,0,0,574755,0,1,0,0,4,4,0,1,0,0,0,1,0,0,0,0,0,2,1,1,1,1,1,0,0,0,0,0,0,0,0,0,0
3074326280,0,0,574755,0,1,0,0,4,4,0,1,0,0,0,1,0,0,0,0,0,2,1,1,1,1,1,0,0,0,0,0,0,0,0,0,0
3074837282,0,0,574755,0,1,0,0,4,4,0,1,0,0,0,1,0,0,0,0,0,2,1,1,1,1,1,0,0,0,0,0,0,0,0,0,0
3075348027,0,0,574755,0,1,0,0,4,4,0,1,0,0,0,1,0,0,0,0,0,2,1,1,1,1,1,0,0,0,0,0,0,0,0,0,0
3075858284,0,0,574755,0,1,0,0,4,4,0,1,0,0,0,1,0,0,0,0,0,2,1,1,1,1,1,0,0,0,0,0,0,0,0,0,0
3076368279,0,0,574755,0,1,0,0,4,4,0,1,0,0,0,1,0,0,0,0,0,2,1,1,1,1,1,0,0,0,0,0,0,0,0,0,0
3076880423,0,0,574755,0,1,0,0,4,4,0,1,0,0,0,1,0,0,0,0,0,2,1,1,1,1,1,0,0,0,0,0,0,0,0,0,0
3077390921,0,0,574755,0,1,0,0,4,4,0,1,0,0,0,1,0,0,0,0,0,2,1,1,1,1,1,0,0,0,0,0,0,0,0,0,0
3077901281,0,0,574755,0,1,0,0,4,4,0,1,0,0,0,1,0,0,0,0,0,2,1,1,1,1,1,0,0,0,0,0,0,0,0,0,0
3078411322,0,0,574755,0,1,0,0,4,4,0,1,0,0,0,1,0,0,0,0,0,2,1,1,1,1,1,0,0,0,0,0,0,0,0,0,0
3078912279,0,0,574755,0,1,0,0,4,4,0,1,0,0,0,1,0,0,0,0,0,2,1,1,1,1,1,0,0,0,0,0,0,0,0,0,0
3079412337,0,0,574755,0,1,0,0,4,4,0,1,0,0,0,1,0,0,0,0,0,2,1,1,1,1,1,0,0,0,0,0,0,0,0,0,0
3079923353,0,0,574755,0,1,0,0,4,4,0,1,0,0,0,1,0,0,0,0,0,2,1,1,1,1,1,0,0,0,0,0,0,0,0,0,0
3080434279,0,0,574755,0,1,0,0,4,4,0,1,0,0,0,1,0,0,0,0,0,2,1,1,1,1,1,0,0,0,0,0,0,0,0,0,0
3080944279,0,0,574755,0,1,0,0,4,4,0,1,0,0,0,1,0,0,0,0,0,2,1,1,1,1,1,0,0,0,0,0,0,0,0,0,0
3081444906,0,0,574755,0,1,0,0,4,4,0,1,0,0,0,1,0,0,0,0,0,2,1,1,1,1,1,0,0,0,0,0,0,0,0,0,0
3081955627,0,0,574755,0,1,0,0,4,4,0,1,0,0,0,1,0,0,0,0,0,2,1,1,1,1,1,0,0,0,0,0,0,0,0,0,0
3082456321,0,0,574755,0,1,0,0,4,4,0,1,0,0,0,1,0,0,0,0,0,2,1,1,1,1,1,0,0,0,0,0,0,0,0,0,0
3082956431,0,0,574755,0,1,0,0,4,4,0,1,0,0,0,1,0,0,0,0,0,2,1,1,1,1,1,0,0,0,0,0,0,0,0,0,0
3083467553,0,0,574755,0,1,0,0,4,4,0,1,0,0,0,1,0,0,0,0,0,2,1,1,1,1,1,0,0,0,0,0,0,0,0,0,0
3083977371,0,0,574755,0,1,0,0,4,4,0,1,0,0,0,1,0,0,0,0,0,2,1,1,1,1,1,0,0,0,0,0,0,0,0,0,0
3084479279,0,0,574755,0,1,0,0,4,4,0,1,0,0,0,1,0,0,0,0,0,2,1,1,1,1,1,0,0,0,0,0,0,0,0,0,0
3084979487,0,0,574755,0,1,0,0,4,4,0,1,0,0,0,1,0,0,0,0,0,2,1,1,1,1,1,0,0,0,0,0,0,0,0,0,0
3085489820,0,0,574755,0,1,0,0,4,4,0,1,0,0,0,1,0,0,0,0,0,2,1,1,1,1,1,0,0,0,0,0,0,0,0,0,0
3085990622,0,0,574755,0,1,0,0,4,4,0,1,0,0,0,1,0,0,0,0,0,2,1,1,1,1,1,0,0,0,0,0,0,0,0,0,0
3086501810,0,0,574755,0,1,0,0,4,4,0,1,0,0,0,1,0,0,0,0,0,2,1,1,1,1,1,0,0,0,0,0,0,0,0,0,0
3087011292,0,0,574755,0,1,0,0,4,4,0,1,0,0,0,1,0,0,0,0,0,2,1,1,1,1,1,0,0,0,0,0,0,0,0,0,0
3087522316,0,0,574755,0,1,0,0,4,4,0,1,0,0,0,1,0,0,0,0,0,2,1,1,1,1,1,0,0,0,0,0,0,0,0,0,0
3088032278,0,0,574755,0,1,0,0,4,4,0,1,0,0,0,1,0,0,0,0,0,2,1,1,1,1,1,0,0,0,0,0,0,0,0,0,0
3088532619,0,0,574755,0,1,0,0,4,4,0,1,0,0,0,1,0,0,0,0,0,2,1,1,1,1,1,0,0,0,0,0,0,0,0,0,0
3089042592,0,0,574755,0,1,0,0,4,4,0,1,0,0,0,1,0,0,0,0,0,2,1,1,1,1,1,0,0,0,0,0,0,0,0,0,0
3089553282,0,0,574755,0,1,0,0,4,4,0,1,0,0,0,1,0,0,0,0,0,2,1,1,1,1,1,0,0,0,0,0,0,0,0,0,0
3090053446,0,0,574755,0,1,0,0,4,4,0,1,0,0,0,1,0,0,0,0,0,2,1,1,1,1,1,0,0,0,0,0,0,0,0,0,0
3090563279,0,0,574755,0,1,0,0,4,4,0,1,0,0,0,1,0,0,0,0,0,2,1,1,1,1,1,0,0,0,0,0,0,0,0,0,0
3091073874,0,0,574755,0,1,0,0,4,4,0,1,0,0,0,1,0,0,0,0,0,2,1,1,1,1,1,0,0,0,0,0,0,0,0,0,0
3091585736,0,0,574755,0,1,0,0,4,4,0,1,0,0,0,1,0,0,0,0,0,2,1,1,1,1,1,0,0,0,0,0,0,0,0,0,0
3092096646,0,0,574755,0,1,0,0,4,4,0,1,0,0,0,1,0,0,0,0,0,2,1,1,1,1,1,0,0,0,0,0,0,0,0,0,0
3092597299,0,0,574755,0,1,0,0,4,4,0,1,0,0,0,1,0,0,0,0,0,2,1,1,1,1,1,0,0,0,0,0,0,0,0,0,0
3093107319,0,0,574755,0,1,0,0,4,4,0,1,0,0,0,1,0,0,0,0,0,2,1,1,1,1,1,0,0,0,0,0,0,0,0,0,0
3093607822,0,0,574755,0,1,0,0,4,4,0,1,0,0,0,1,0,0,0,0,0,2,1,1,1,1,1,0,0,0,0,0,0,0,0,0,0
3094117397,0,0,574755,0,1,0,0,4,4,0,1,0,0,0,1,0,0,0,0,0,2,1,1,1,1,1,0,0,0,0,0,0,0,0,0,0
3094628645,0,0,574755,0,1,0,0,4,4,0,1,0,0,0,1,0,0,0,0,0,2,1,1,1,1,1,0,0,0,0,0,0,0,0,0,0
3095128683,0,0,574755,0,1,0,0,4,4,0,1,0,0,0,1,0,0,0,0,0,2,1,1,1,1,1,0,0,0,0,0,0,0,0,0,0
3095639401,0,0,574755,0,1,0,0,4,4,0,1,0,0,0,1,0,0,0,0,0,2,1,1,1,1,1,0,0,0,0,0,0,0,0,0,0
3096141940,0,0,574755,0,1,0,0,4,4,0,1,0,0,0,1,0,0,0,0,0,2,1,1,1,1,1,0,0,0,0,0,0,0,0,0,0
3096652413,0,0,574755,0,1,0,0,4,4,0,1,0,0,0,1,0,0,0,0,0,2,1,1,1,1,1,0,0,0,0,0,0,0,0,0,0
3097162312,0,0,574755,0,1,0,0,4,4,0,1,0,0,0,1,0,0,0,0,0,2,1,1,1,1,1,0,0,0,0,0,0,0,0,0,0
3097662467,0,0,574755,0,1,0,0,4,4,0,1,0,0,0,1,0,0,0,0,0,2,1,1,1,1,1,0,0,0,0,0,0,0,0,0,0
3098172536,0,0,574755,0,1,0,0,4,4,0,1,0,0,0,1,0,0,0,0,0,2,1,1,1,1,1,0,0,0,0,0,0,0,0,0,0
3098683351,0,0,574755,0,1,0,0,4,4,0,1,0,0,0,1,0,0,0,0,0,2,1,1,1,1,1,0,0,0,0,0,0,0,0,0,0
3099194304,0,0,574755,0,1,0,0,4,4,0,1,0,0,0,1,0,0,0,0,0,2,1,1,1,1,1,0,0,0,0,0,0,0,0,0,0
3099704460,0,0,574755,0,1,0,0,4,4,0,1,0,0,0,1,0,0,0,0,0,2,1,1,1,1,1,0,0,0,0,0,0,0,0,0,0
3100214278,0,0,574755,0,1,0,0,4,4,0,1,0,0,0,1,0,0,0,0,0,2,1,1,1,1,1,0,0,0,0,0,0,0,0,0,0
3100714482,0,0,574755,0,1,0,0,4,4,0,1,0,0,0,1,0,0,0,0,0,2,1,1,1,1,1,0,0,0,0,0,0,0,0,0,0
3101226163,0,0,574755,0,1,0,0,4,4,0,1,0,0,0,1,0,0,0,0,0,2,1,1,1,1,1,0,0,0,0,0,0,0,0,0,0
3101737281,0,0,574755,0,1,0,0,4,4,0,1,0,0,0,1,0,0,0,0,0,2,1,1,1,1,1,0,0,0,0,0,0,0,0,0,0
3102238279,0,0,574755,0,1,0,0,4,4,0,1,0,0,0,1,0,0,0,0,0,2,1,1,1,1,1,0,0,0,0,0,0,0,0,0,0
3102748281,0,0,574755,0,1,0,0,4,4,0,1,0,0,0,1,0,0,0,0,0,2,1,1,1,1,1,0,0,0,0,0,0,0,0,0,0
3103248682,0,0,574755,0,1,0,0,4,4,0,1,0,0,0,1,0,0,0,0,0,2,1,1,1,1,1,0,0,0,0,0,0,0,0,0,0
3103758280,0,0,574755,0,1,0,0,4,4,0,1,0,0,0,1,0,0,0,0,0,2,1,1,1,1,1,0,0,0,0,0,0,0,0,0,0
3104269282,0,0,574755,0,1,0,0,4,4,0,1,0,0,0,1,0,0,0,0,0,2,1,1,1,1,1,0,0,0,0,0,0,0,0,0,0
3104779359,0,0,574755,0,1,0,0,4,4,0,1,0,0,0,1,0,0,0,0,0,2,1,1,1,1,1,0,0,0,0,0,0,0,0,0,0
3105280329,0,0,574755,0,1,0,0,4,4,0,1,0,0,0,1,0,0,0,0,0,2,1,1,1,1,1,0,0,0,0,0,0,0,0,0,0
3105791524,0,0,574755,0,1,0,0,4,4,0,1,0,0,0,1,0,0,0,0,0,2,1,1,1,1,1,0,0,0,0,0,0,0,0,0,0
3106302281,0,0,574755,0,1,0,0,4,4,0,1,0,0,0,1,0,0,0,0,0,2,1,1,1,1,1,0,0,0,0,0,0,0,0,0,0
3106812419,0,0,574755,0,1,0,0,4,4,0,1,0,0,0,1,0,0,0,0,0,2,1,1,1,1,1,0,0,0,0,0,0,0,0,0,0
3107323355,0,0,574755,0,1,0,0,4,4,0,1,0,0,0,1,0,0,0,0,0,2,1,1,1,1,1,0,0,0,0,0,0,0,0,0,0
3107833285,0,0,574755,0,1,0,0,4,4,0,1,0,0,0,1,0,0,0,0,0,2,1,1,1,1,1,0,0,0,0,0,0,0,0,0,0
3108334190,0,0,574755,0,1,0,0,4,4,0,1,0,0,0,1,0,0,0,0,0,2,1,1,1,1,1,0,0,0,0,0,0,0,0,0,0
3108834396,0,0,574755,0,1,0,0,4,4,0,1,0,0,0,1,0,0,0,0,0,2,1,1,1,1,1,0,0,0,0,0,0,0,0,0,0
3109345459,0,0,574755,0,1,0,0,4,4,0,1,0,0,0,1,0,0,0,0,0,2,1,1,1,1,1,0,0,0,0,0,0,0,0,0,0
3109855439,0,0,574755,0,1,0,0,4,4,0,1,0,0,0,1,0,0,0,0,0,2,1,1,1,1,1,0,0,0,0,0,0,0,0,0,0
3110355474,0,0,574755,0,1,0,0,4,4,0,1,0,0,0,1,0,0,0,0,0,2,1,1,1,1,1,0,0,0,0,0,0,0,0,0,0
3110866646,0,0,574755,0,1,0,0,4,4,0,1,0,0,0,1,0,0,0,0,0,2,1,1,1,1,1,0,0,0,0,0,0,0,0,0,0
3111377675,0,0,574755,0,1,0,0,4,4,0,1,0,0,0,1,0,0,0,0,0,2,1,1,1,1,1,0,0,0,0,0,0,0,0,0,0
3111887278,0,0,574755,0,1,0,0,4,4,0,1,0,0,0,1,0,0,0,0,0,2,1,1,1,1,1,0,0,0,0,0,0,0,0,0,0
3112398281,0,0,574755,0,1,0,0,4,4,0,1,0,0,0,1,0,0,0,0,0,2,1,1,1,1,1,0,0,0,0,0,0,0,0,0,0
3112908737,0,0,574755,0,1,0,0,4,4,0,1,0,0,0,1,0,0,0,0,0,2,1,1,1,1,1,0,0,0,0,0,0,0,0,0,0
3113419281,0,0,574755,0,1,0,0,4,4,0,1,0,0,0,1,0,0,0,0,0,2,1,1,1,1,1,0,0,0,0,0,0,0,0,0,0
3113919371,0,0,574755,0,1,0,0,4,4,0,1,0,0,0,1,0,0,0,0,0,2,1,1,1,1,1,0,0,0,0,0,0,0,0,0,0
3114429310,0,0,574755,0,1,0,0,4,4,0,1,0,0,0,1,0,0,0,0,0,2,1,1,1,1,1,0,0,0,0,0,0,0,0,0,0
3114940024,0,0,574755,0,1,0,0,4,4,0,1,0,0,0,1,0,0,0,0,0,2,1,1,1,1,1,0,0,0,0,0,0,0,0,0,0
3115440404,0,0,574755,0,1,0,0,4,4,0,1,0,0,0,1,0,0,0,0,0,2,1,1,1,1,1,0,0,0,0,0,0,0,0,0,0
3115951903,0,0,574755,0,1,0,0,4,4,0,1,0,0,0,1,0,0,0,0,0,2,1,1,1,1,1,0,0,0,0,0,0,0,0,0,0
3116462653,0,0,574755,0,1,0,0,4,4,0,1,0,0,0,1,0,0,0,0,0,2,1,1,1,1,1,0,0,0,0,0,0,0,0,0,0
3116965634,0,0,574755,0,1,0,0,4,4,0,1,0,0,0,1,0,0,0,0,0,2,1,1,1,1,1,0,0,0,0,0,0,0,0,0,0
3117476320,0,0,574755,0,1,0,0,4,4,0,1,0,0,0,1,0,0,0,0,0,2,1,1,1,1,1,0,0,0,0,0,0,0,0,0,0
3117986316,0,0,574755,0,1,0,0,4,4,0,1,0,0,0,1,0,0,0,0,0,2,1,1,1,1,1,0,0,0,0,0,0,0,0,0,0
3118497456,0,0,574755,0,1,0,0,4,4,0,1,0,0,0,1,0,0,0,0,0,2,1,1,1,1,1,0,0,0,0,0,0,0,0,0,0
3119007603,0,0,574755,0,1,0,0,4,4,0,1,0,0,0,1,0,0,0,0,0,2,1,1,1,1,1,0,0,0,0,0,0,0,0,0,0
3119519583,0,0,574755,0,1,0,0,4,4,0,1,0,0,0,1,0,0,0,0,0,2,1,1,1,1,1,0,0,0,0,0,0,0,0,0,0
3120030321,0,0,574755,0,1,0,0,4,4,0,1,0,0,0,1,0,0,0,0,0,2,1,1,1,1,1,0,0,0,0,0,0,0,0,0,0
3120540498,0,0,574755,0,1,0,0,4,4,0,1,0,0,0,1,0,0,0,0,0,2,1,1,1,1,1,0,0,0,0,0,0,0,0,0,0
3121050281,0,0,574755,0,1,0,0,4,4,0,1,0,0,0,1,0,0,0,0,0,2,1,1,1,1,1,0,0,0,0,0,0,0,0,0,0
3121561592,0,0,574755,0,1,0,0,4,4,0,1,0,0,0,1,0,0,0,0,0,2,1,1,1,1,1,0,0,0,0,0,0,0,0,0,0
3122072281,0,0,574755,0,1,0,0,4,4,0,1,0,0,0,1,0,0,0,0,0,2,1,1,1,1,1,0,0,0,0,0,0,0,0,0,0
3122582560,0,0,574755,0,1,0,0,4,4,0,1,0,0,0,1,0,0,0,0,0,2,1,1,1,1,1,0,0,0,0,0,0,0,0,0,0
3123085756,0,0,574755,0,1,0,0,4,4,0,1,0,0,0,1,0,0,0,0,0,2,1,1,1,1,1,0,0,0,0,0,0,0,0,0,0
3123595997,0,0,574755,0,1,0,0,4,4,0,1,0,0,0,1,0,0,0,0,0,2,1,1,1,1,1,0,0,0,0,0,0,0,0,0,0
3124106321,0,0,574755,0,1,0,0,4,4,0,1,0,0,0,1,0,0,0,0,0,2,1,1,1,1,1,0,0,0,0,0,0,0,0,0,0
3124616305,0,0,574755,0,1,0,0,4,4,0,1,0,0,0,1,0,0,0,0,0,2,1,1,1,1,1,0,0,0,0,0,0,0,0,0,0
3125127796,0,0,574755,0,1,0,0,4,4,0,1,0,0,0,1,0,0,0,0,0,2,1,1,1,1,1,0,0,0,0,0,0,0,0,0,0
3125637372,0,0,574755,0,1,0,0,4,4,0,1,0,0,0,1,0,0,0,0,0,2,1,1,1,1,1,0,0,0,0,0,0,0,0,0,0
3126148402,0,0,574755,0,1,0,0,4,4,0,1,0,0,0,1,0,0,0,0,0,2,1,1,1,1,1,0,0,0,0,0,0,0,0,0,0
3126648846,0,0,574755,0,1,0,0,4,4,0,1,0,0,0,1,0,0,0,0,0,2,1,1,1,1,1,0,0,0,0,0,0,0,0,0,0
3127159312,0,0,574755,0,1,0,0,4,4,0,1,0,0,0,1,0,0,0,0,0,2,1,1,1,1,1,0,0,0,0,0,0,0,0,0,0
3127669319,0,0,574755,0,1,0,0,4,4,0,1,0,0,0,1,0,0,0,0,0,2,1,1,1,1,1,0,0,0,0,0,0,0,0,0,0
3128181445,0,0,574755,0,1,0,0,4,4,0,1,0,0,0,1,0,0,0,0,0,2,1,1,1,1,1,0,0,0,0,0,0,0,0,0,0
3128691293,0,0,574755,0,1,0,0,4,4,0,1,0,0,0,1,0,0,0,0,0,2,1,1,1,1,1,0,0,0,0,0,0,0,0,0,0
3129191386,0,0,574755,0,1,0,0,4,4,0,1,0,0,0,1,0,0,0,0,0,2,1,1,1,1,1,0,0,0,0,0,0,0,0,0,0
3129702279,0,0,574755,0,1,0,0,4,4,0,1,0,0,0,1,0,0,0,0,0,2,1,1,1,1,1,0,0,0,0,0,0,0,0,0,0
3130213208,0,0,574755,0,1,0,0,4,4,0,1,0,0,0,1,0,0,0,0,0,2,1,1,1,1,1,0,0,0,0,0,0,0,0,0,0
3130722358,0,0,574755,0,1,0,0,4,4,0,1,0,0,0,1,0,0,0,0,0,2,1,1,1,1,1,0,0,0,0,0,0,0,0,0,0
3131233281,0,0,574755,0,1,0,0,4,4,0,1,0,0,0,1,0,0,0,0,0,2,1,1,1,1,1,0,0,0,0,0,0,0,0,0,0
3131743337,0,0,574755,0,1,0,0,4,4,0,1,0,0,0,1,0,0,0,0,0,2,1,1,1,1,1,0,0,0,0,0,0,0,0,0,0
3132254722,0,0,574755,0,1,0,0,4,4,0,1,0,0,0,1,0,0,0,0,0,2,1,1,1,1,1,0,0,0,0,0,0,0,0,0,0
3132765959,0,0,574755,0,1,0,0,4,4,0,1,0,0,0,1,0,0,0,0,0,2,1,1,1,1,1,0,0,0,0,0,0,0,0,0,0
3133276689,0,0,574755,0,1,0,0,4,4,0,1,0,0,0,1,0,0,0,0,0,2,1,1,1,1,1,0,0,0,0,0,0,0,0,0,0
3133787339,0,0,574755,0,1,0,0,4,4,0,1,0,0,0,1,0,0,0,0,0,2,1,1,1,1,1,0,0,0,0,0,0,0,0,0,0
3134297449,0,0,574755,0,1,0,0,4,4,0,1,0,0,0,1,0,0,0,0,0,2,1,1,1,1,1,0,0,0,0,0,0,0,0,0,0
3134798497,0,0,574755,0,1,0,0,4,4,0,1,0,0,0,1,0,0,0,0,0,2,1,1,1,1,1,0,0,0,0,0,0,0,0,0,0
3135309310,0,0,574755,0,1,0,0,4,4,0,1,0,0,0,1,0,0,0,0,0,2,1,1,1,1,1,0,0,0,0,0,0,0,0,0,0
3135820278,0,0,574755,0,1,0,0,4,4,0,1,0,0,0,1,0,0,0,0,0,2,1,1,1,1,1,0,0,0,0,0,0,0,0,0,0
3136330543,0,0,574755,0,1,0,0,4,4,0,1,0,0,0,1,0,0,0,0,0,2,1,1,1,1,1,0,0,0,0,0,0,0,0,0,0
3136832037,0,0,574755,0,1,0,0,4,4,0,1,0,0,0,1,0,0,0,0,0,2,1,1,1,1,1,0,0,0,0,0,0,0,0,0,0
3137342765,0,0,574755,0,1,0,0,4,4,0,1,0,0,0,1,0,0,0,0,0,2,1,1,1,1,1,0,0,0,0,0,0,0,0,0,0
3137853280,0,0,574755,0,1,0,0,4,4,0,1,0,0,0,1,0,0,0,0,0,2,1,1,1,1,1,0,0,0,0,0,0,0,0,0,0
3138363324,0,0,574755,0,1,0,0,4,4,0,1,0,0,0,1,0,0,0,0,0,2,1,1,1,1,1,0,0,0,0,0,0,0,0,0,0
3138874706,0,0,574755,0,1,0,0,4,4,0,1,0,0,0,1,0,0,0,0,0,2,1,1,1,1,1,0,0,0,0,0,0,0,0,0,0
3139384282,0,0,574755,0,1,0,0,4,4,0,1,0,0,0,1,0,0,0,0,0,2,1,1,1,1,1,0,0,0,0,0,0,0,0,0,0
3139895393,0,0,574755,0,1,0,0,4,4,0,1,0,0,0,1,0,0,0,0,0,2,1,1,1,1,1,0,0,0,0,0,0,0,0,0,0
3140405941,0,0,574755,0,1,0,0,4,4,0,1,0,0,0,1,0,0,0,0,0,2,1,1,1,1,1,0,0,0,0,0,0,0,0,0,0
3140916325,0,0,574755,0,1,0,0,4,4,0,1,0,0,0,1,0,0,0,0,0,2,1,1,1,1,1,0,0,0,0,0,0,0,0,0,0
3141426281,0,0,574755,0,1,0,0,4,4,0,1,0,0,0,1,0,0,0,0,0,2,1,1,1,1,1,0,0,0,0,0,0,0,0,0,0
3141938463,0,0,574755,0,1,0,0,4,4,0,1,0,0,0,1,0,0,0,0,0,2,1,1,1,1,1,0,0,0,0,0,0,0,0,0,0
3142438552,0,0,574755,0,1,0,0,4,4,0,1,0,0,0,1,0,0,0,0,0,2,1,1,1,1,1,0,0,0,0,0,0,0,0,0,0
3142948279,0,0,574755,0,1,0,0,4,4,0,1,0,0,0,1,0,0,0,0,0,2,1,1,1,1,1,0,0,0,0,0,0,0,0,0,0
3143458564,0,0,574755,0,1,0,0,4,4,0,1,0,0,0,1,0,0,0,0,0,2,1,1,1,1,1,0,0,0,0,0,0,0,0,0,0
3143969321,0,0,574755,0,1,0,0,4,4,0,1,0,0,0,1,0,0,0,0,0,2,1,1,1,1,1,0,0,0,0,0,0,0,0,0,0
3144469576,0,0,574755,0,1,0,0,4,4,0,1,0,0,0,1,0,0,0,0,0,2,1,1,1,1,1,0,0,0,0,0,0,0,0,0,0
3144979280,0,0,574755,0,1,0,0,4,4,0,1,0,0,0,1,0,0,0,0,0,2,1,1,1,1,1,0,0,0,0,0,0,0,0,0,0
3145480881,0,0,574755,0,1,0,0,4,4,0,1,0,0,0,1,0,0,0,0,0,2,1,1,1,1,1,0,0,0,0,0,0,0,0,0,0
3145991423,0,0,574755,0,1,0,0,4,4,0,1,0,0,0,1,0,0,0,0,0,2,1,1,1,1,1,0,0,0,0,0,0,0,0,0,0
3146501386,0,0,574755,0,1,0,0,4,4,0,1,0,0,0,1,0,0,0,0,0,2,1,1,1,1,1,0,0,0,0,0,0,0,0,0,0
3147013575,0,0,574755,0,1,0,0,4,4,0,1,0,0,0,1,0,0,0,0,0,2,1,1,1,1,1,0,0,0,0,0,0,0,0,0,0
3147514280,0,0,574755,0,1,0,0,4,4,0,1,0,0,0,1,0,0,0,0,0,2,1,1,1,1,1,0,0,0,0,0,0,0,0,0,0
3148024478,0,0,574755,0,1,0,0,4,4,0,1,0,0,0,1,0,0,0,0,0,2,1,1,1,1,1,0,0,0,0,0,0,0,0,0,0
3148534281,0,0,574755,0,1,0,0,4,4,0,1,0,0,0,1,0,0,0,0,0,2,1,1,1,1,1,0,0,0,0,0,0,0,0,0,0
3149045391,0,0,574755,0,1,0,0,4,4,0,1,0,0,0,1,0,0,0,0,0,2,1,1,1,1,1,0,0,0,0,0,0,0,0,0,0
3149555557,0,0,574755,0,1,0,0,4,4,0,1,0,0,0,1,0,0,0,0,0,2,1,1,1,1,1,0,0,0,0,0,0,0,0,0,0
3150066327,0,0,574755,0,1,0,0,4,4,0,1,0,0,0,1,0,0,0,0,0,2,1,1,1,1,1,0,0,0,0,0,0,0,0,0,0
3150577359,0,0,574755,0,1,0,0,4,4,0,1,0,0,0,1,0,0,0,0,0,2,1,1,1,1,1,0,0,0,0,0,0,0,0,0,0
3151087321,0,0,574755,0,1,0,0,4,4,0,1,0,0,0,1,0,0,0,0,0,2,1,1,1,1,1,0,0,0,0,0,0,0,0,0,0
3151588164,0,0,574755,0,1,0,0,4,4,0,1,0,0,0,1,0,0,0,0,0,2,1,1,1,1,1,0,0,0,0,0,0,0,0,0,0
3152098868,0,0,574755,0,1,0,0,4,4,0,1,0,0,0,1,0,0,0,0,0,2,1,1,1,1,1,0,0,0,0,0,0,0,0,0,0
3152609320,0,0,574755,0,1,0,0,4,4,0,1,0,0,0,1,0,0,0,0,0,2,1,1,1,1,1,0,0,0,0,0,0,0,0,0,0
3153119302,0,0,574755,0,1,0,0,4,4,0,1,0,0,0,1,0,0,0,0,0,2,1,1,1,1,1,0,0,0,0,0,0,0,0,0,0
3153621381,0,0,574755,0,1,0,0,4,4,0,1,0,0,0,1,0,0,0,0,0,2,1,1,1,1,1,0,0,0,0,0,0,0,0,0,0
3154131452,0,0,574755,0,1,0,0,4,4,0,1,0,0,0,1,0,0,0,0,0,2,1,1,1,1,1,0,0,0,0,0,0,0,0,0,0
3154642281,0,0,574755,0,1,0,0,4,4,0,1,0,0,0,1,0,0,0,0,0,2,1,1,1,1,1,0,0,0,0,0,0,0,0,0,0
3155152320,0,0,574755,0,1,0,0,4,4,0,1,0,0,0,1,0,0,0,0,0,2,1,1,1,1,1,0,0,0,0,0,0,0,0,0,0
3155652477,0,0,574755,0,1,0,0,4,4,0,1,0,0,0,1,0,0,0,0,0,2,1,1,1,1,1,0,0,0,0,0,0,0,0,0,0
3156162278,0,0,574755,0,1,0,0,4,4,0,1,0,0,0,1,0,0,0,0,0,2,1,1,1,1,1,0,0,0,0,0,0,0,0,0,0
3156663394,0,0,574755,0,1,0,0,4,4,0,1,0,0,0,1,0,0,0,0,0,2,1,1,1,1,1,0,0,0,0,0,0,0,0,0,0
3157165421,0,0,574755,0,1,0,0,4,4,0,1,0,0,0,1,0,0,0,0,0,2,1,1,1,1,1,0,0,0,0,0,0,0,0,0,0
3157675511,0,0,574755,0,1,0,0,4,4,0,1,0,0,0,1,0,0,0,0,0,2,1,1,1,1,1,0,0,0,0,0,0,0,0,0,0
3158186509,0,0,574755,0,1,0,0,4,4,0,1,0,0,0,1,0,0,0,0,0,2,1,1,1,1,1,0,0,0,0,0,0,0,0,0,0
3158697330,0,0,574755,0,1,0,0,4,4,0,1,0,0,0,1,0,0,0,0,0,2,1,1,1,1,1,0,0,0,0,0,0,0,0,0,0
3159208281,0,0,574755,0,1,0,0,4,4,0,1,0,0,0,1,0,0,0,0,0,2,1,1,1,1,1,0,0,0,0,0,0,0,0,0,0
3159708443,0,0,574755,0,1,0,0,4,4,0,1,0,0,0,1,0,0,0,0,0,2,1,1,1,1,1,0,0,0,0,0,0,0,0,0,0
3160218293,0,0,574755,0,1,0,0,4,4,0,1,0,0,0,1,0,0,0,0,0,2,1,1,1,1,1,0,0,0,0,0,0,0,0,0,0
3160729622,0,0,574755,0,1,0,0,4,4,0,1,0,0,0,1,0,0,0,0,0,2,1,1,1,1,1,0,0,0,0,0,0,0,0,0,0
3161240132,0,0,574755,0,1,0,0,4,4,0,1,0,0,0,1,0,0,0,0,0,2,1,1,1,1,1,0,0,0,0,0,0,0,0,0,0
3161750389,0,0,574755,0,1,0,0,4,4,0,1,0,0,0,1,0,0,0,0,0,2,1,1,1,1,1,0,0,0,0,0,0,0,0,0,0
3162260574,0,0,574755,0,1,0,0,4,4,0,1,0,0,0,1,0,0,0,0,0,2,1,1,1,1,1,0,0,0,0,0,0,0,0,0,0
3162761282,0,0,574755,0,1,0,0,4,4,0,1,0,0,0,1,0,0,0,0,0,2,1,1,1,1,1,0,0,0,0,0,0,0,0,0,0
3163271679,0,0,574755,0,1,0,0,4,4,0,1,0,0,0,1,0,0,0,0,0,2,1,1,1,1,1,0,0,0,0,0,0,0,0,0,0
3163781326,0,0,574755,0,1,0,0,4,4,0,1,0,0,0,1,0,0,0,0,0,2,1,1,1,1,1,0,0,0,0,0,0,0,0,0,0
3164281964,0,0,574755,0,1,0,0,4,4,0,1,0,0,0,1,0,0,0,0,0,2,1,1,1,1,1,0,0,0,0,0,0,0,0,0,0
3164791280,0,0,574755,0,1,0,0,4,4,0,1,0,0,0,1,0,0,0,0,0,2,1,1,1,1,1,0,0,0,0,0,0,0,0,0,0
3165293384,0,0,574755,0,1,0,0,4,4,0,1,0,0,0,1,0,0,0,0,0,2,1,1,1,1,1,0,0,0,0,0,0,0,0,0,0
3165803280,0,0,574755,0,1,0,0,4,4,0,1,0,0,0,1,0,0,0,0,0,2,1,1,1,1,1,0,0,0,0,0,0,0,0,0,0
3166304815,0,0,574755,0,1,0,0,4,4,0,1,0,0,0,1,0,0,0,0,0,2,1,1,1,1,1,0,0,0,0,0,0,0,0,0,0
3166814815,0,0,574755,0,1,0,0,4,4,0,1,0,0,0,1,0,0,0,0,0,2,1,1,1,1,1,0,0,0,0,0,0,0,0,0,0
3167325415,0,0,574755,0,1,0,0,4,4,0,1,0,0,0,1,0,0,0,0,0,2,1,1,1,1,1,0,0,0,0,0,0,0,0,0,0
3167835557,0,0,574755,0,1,0,0,4,4,0,1,0,0,0,1,0,0,0,0,0,2,1,1,1,1,1,0,0,0,0,0,0,0,0,0,0
3168346282,0,0,574755,0,1,0,0,4,4,0,1,0,0,0,1,0,0,0,0,0,2,1,1,1,1,1,0,0,0,0,0,0,0,0,0,0
3168846562,0,0,574755,0,1,0,0,4,4,0,1,0,0,0,1,0,0,0,0,0,2,1,1,1,1,1,0,0,0,0,0,0,0,0,0,0
3169357279,0,0,574755,0,1,0,0,4,4,0,1,0,0,0,1,0,0,0,0,0,2,1,1,1,1,1,0,0,0,0,0,0,0,0,0,0
3169867382,0,0,574755,0,1,0,0,4,4,0,1,0,0,0,1,0,0,0,0,0,2,1,1,1,1,1,0,0,0,0,0,0,0,0,0,0
3170367425,0,0,574755,0,1,0,0,4,4,0,1,0,0,0,1,0,0,0,0,0,2,1,1,1,1,1,0,0,0,0,0,0,0,0,0,0
3170877385,0,0,574755,0,1,0,0,4,4,0,1,0,0,0,1,0,0,0,0,0,2,1,1,1,1,1,0,0,0,0,0,0,0,0,0,0
3171377530,0,0,574755,0,1,0,0,4,4,0,1,0,0,0,1,0,0,0,0,0,2,1,1,1,1,1,0,0,0,0,0,0,0,0,0,0
3171889127,0,0,574755,0,1,0,0,4,4,0,1,0,0,0,1,0,0,0,0,0,2,1,1,1,1,1,0,0,0,0,0,0,0,0,0,0
3172399683,0,0,574755,0,1,0,0,4,4,0,1,0,0,0,1,0,0,0,0,0,2,1,1,1,1,1,0,0,0,0,0,0,0,0,0,0
3172910281,0,0,574755,0,1,0,0,4,4,0,1,0,0,0,1,0,0,0,0,0,2,1,1,1,1,1,0,0,0,0,0,0,0,0,0,0
3173420280,0,0,574755,0,1,0,0,4,4,0,1,0,0,0,1,0,0,0,0,0,2,1,1,1,1,1,0,0,0,0,0,0,0,0,0,0
3173930280,0,0,574755,0,1,0,0,4,4,0,1,0,0,0,1,0,0,0,0,0,2,1,1,1,1,1,0,0,0,0,0,0,0,0,0,0
3174441533,0,0,574755,0,1,0,0,4,4,0,1,0,0,0,1,0,0,0,0,0,2,1,1,1,1,1,0,0,0,0,0,0,0,0,0,0
3174952321,0,0,574755,0,1,0,0,4,4,0,1,0,0,0,1,0,0,0,0,0,2,1,1,1,1,1,0,0,0,0,0,0,0,0,0,0
3175452379,0,0,574755,0,1,0,0,4,4,0,1,0,0,0,1,0,0,0,0,0,2,1,1,1,1,1,0,0,0,0,0,0,0,0,0,0
3175962282,0,0,574755,0,1,0,0,4,4,0,1,0,0,0,1,0,0,0,0,0,2,1,1,1,1,1,0,0,0,0,0,0,0,0,0,0
3176473280,0,0,574755,0,1,0,0,4,4,0,1,0,0,0,1,0,0,0,0,0,2,1,1,1,1,1,0,0,0,0,0,0,0,0,0,0
3176984232,0,0,574755,0,1,0,0,4,4,0,1,0,0,0,1,0,0,0,0,0,2,1,1,1,1,1,0,0,0,0,0,0,0,0,0,0
3177494830,0,0,574755,0,1,0,0,4,4,0,1,0,0,0,1,0,0,0,0,0,2,1,1,1,1,1,0,0,0,0,0,0,0,0,0,0
3178005393,0,0,574755,0,1,0,0,4,4,0,1,0,0,0,1,0,0,0,0,0,2,1,1,1,1,1,0,0,0,0,0,0,0,0,0,0
3178515996,0,0,574755,0,1,0,0,4,4,0,1,0,0,0,1,0,0,0,0,0,2,1,1,1,1,1,0,0,0,0,0,0,0,0,0,0
3179027199,0,0,574755,0,1,0,0,4,4,0,1,0,0,0,1,0,0,0,0,0,2,1,1,1,1,1,0,0,0,0,0,0,0,0,0,0
3179528555,0,0,574755,0,1,0,0,4,4,0,1,0,0,0,1,0,0,0,0,0,2,1,1,1,1,1,0,0,0,0,0,0,0,0,0,0
3180029315,0,0,574755,0,1,0,0,4,4,0,1,0,0,0,1,0,0,0,0,0,2,1,1,1,1,1,0,0,0,0,0,0,0,0,0,0
3180538358,0,0,574755,0,1,0,0,4,4,0,1,0,0,0,1,0,0,0,0,0,2,1,1,1,1,1,0,0,0,0,0,0,0,0,0,0
3181049332,0,0,574755,0,1,0,0,4,4,0,1,0,0,0,1,0,0,0,0,0,2,1,1,1,1,1,0,0,0,0,0,0,0,0,0,0
3181549969,0,0,574755,0,1,0,0,4,4,0,1,0,0,0,1,0,0,0,0,0,2,1,1,1,1,1,0,0,0,0,0,0,0,0,0,0
3182060484,0,0,574755,0,1,0,0,4,4,0,1,0,0,0,1,0,0,0,0,0,2,1,1,1,1,1,0,0,0,0,0,0,0,0,0,0
3182570314,0,0,574755,0,1,0,0,4,4,0,1,0,0,0,1,0,0,0,0,0,2,1,1,1,1,1,0,0,0,0,0,0,0,0,0,0
3183070395,0,0,574755,0,1,0,0,4,4,0,1,0,0,0,1,0,0,0,0,0,2,1,1,1,1,1,0,0,0,0,0,0,0,0,0,0
3183581346,0,0,574755,0,1,0,0,4,4,0,1,0,0,0,1,0,0,0,0,0,2,1,1,1,1,1,0,0,0,0,0,0,0,0,0,0
3184091422,0,0,574755,0,1,0,0,4,4,0,1,0,0,0,1,0,0,0,0,0,2,1,1,1,1,1,0,0,0,0,0,0,0,0,0,0
3184591566,0,0,574755,0,1,0,0,4,4,0,1,0,0,0,1,0,0,0,0,0,2,1,1,1,1,1,0,0,0,0,0,0,0,0,0,0
3185101280,0,0,574755,0,1,0,0,4,4,0,1,0,0,0,1,0,0,0,0,0,2,1,1,1,1,1,0,0,0,0,0,0,0,0,0,0
3185601330,0,0,574755,0,1,0,0,4,4,0,1,0,0,0,1,0,0,0,0,0,2,1,1,1,1,1,0,0,0,0,0,0,0,0,0,0
3186102414,0,0,574755,0,1,0,0,4,4,0,1,0,0,0,1,0,0,0,0,0,2,1,1,1,1,1,0,0,0,0,0,0,0,0,0,0
3186613463,0,0,574755,0,1,0,0,4,4,0,1,0,0,0,1,0,0,0,0,0,2,1,1,1,1,1,0,0,0,0,0,0,0,0,0,0
3187123731,0,0,574755,0,1,0,0,4,4,0,1,0,0,0,1,0,0,0,0,0,2,1,1,1,1,1,0,0,0,0,0,0,0,0,0,0
3187624235,0,0,574755,0,1,0,0,4,4,0,1,0,0,0,1,0,0,0,0,0,2,1,1,1,1,1,0,0,0,0,0,0,0,0,0,0
3188125748,0,0,574755,0,1,0,0,4,4,0,1,0,0,0,1,0,0,0,0,0,2,1,1,1,1,1,0,0,0,0,0,0,0,0,0,0
3188636343,0,0,574755,0,1,0,0,4,4,0,1,0,0,0,1,0,0,0,0,0,2,1,1,1,1,1,0,0,0,0,0,0,0,0,0,0
3189146323,0,0,574755,0,1,0,0,4,4,0,1,0,0,0,1,0,0,0,0,0,2,1,1,1,1,1,0,0,0,0,0,0,0,0,0,0
3189657320,0,0,574755,0,1,0,0,4,4,0,1,0,0,0,1,0,0,0,0,0,2,1,1,1,1,1,0,0,0,0,0,0,0,0,0,0
3190160279,0,0,574755,0,1,0,0,4,4,0,1,0,0,0,1,0,0,0,0,0,2,1,1,1,1,1,0,0,0,0,0,0,0,0,0,0
3190671596,0,0,574755,0,1,0,0,4,4,0,1,0,0,0,1,0,0,0,0,0,2,1,1,1,1,1,0,0,0,0,0,0,0,0,0,0
3191181966,0,0,574755,0,1,0,0,4,4,0,1,0,0,0,1,0,0,0,0,0,2,1,1,1,1,1,0,0,0,0,0,0,0,0,0,0
3191692322,0,0,574755,0,1,0,0,4,4,0,1,0,0,0,1,0,0,0,0,0,2,1,1,1,1,1,0,0,0,0,0,0,0,0,0,0
3192203323,0,0,574755,0,1,0,0,4,4,0,1,0,0,0,1,0,0,0,0,0,2,1,1,1,1,1,0,0,0,0,0,0,0,0,0,0
3192713305,0,0,574755,0,1,0,0,4,4,0,1,0,0,0,1,0,0,0,0,0,2,1,1,1,1,1,0,0,0,0,0,0,0,0,0,0
3193213446,0,0,574755,0,1,0,0,4,4,0,1,0,0,0,1,0,0,0,0,0,2,1,1,1,1,1,0,0,0,0,0,0,0,0,0,0
3193724279,0,0,574755,0,1,0,0,4,4,0,1,0,0,0,1,0,0,0,0,0,2,1,1,1,1,1,0,0,0,0,0,0,0,0,0,0
3194233921,0,0,574755,0,1,0,0,4,4,0,1,0,0,0,1,0,0,0,0,0,2,1,1,1,1,1,0,0,0,0,0,0,0,0,0,0
3194744480,0,0,574755,0,1,0,0,4,4,0,1,0,0,0,1,0,0,0,0,0,2,1,1,1,1,1,0,0,0,0,0,0,0,0,0,0
3195255471,0,0,574755,0,1,0,0,4,4,0,1,0,0,0,1,0,0,0,0,0,2,1,1,1,1,1,0,0,0,0,0,0,0,0,0,0
3195765394,0,0,574755,0,1,0,0,4,4,0,1,0,0,0,1,0,0,0,0,0,2,1,1,1,1,1,0,0,0,0,0,0,0,0,0,0
3196266172,0,0,574755,0,1,0,0,4,4,0,1,0,0,0,1,0,0,0,0,0,2,1,1,1,1,1,0,0,0,0,0,0,0,0,0,0
3196777476,0,0,574755,0,1,0,0,4,4,0,1,0,0,0,1,0,0,0,0,0,2,1,1,1,1,1,0,0,0,0,0,0,0,0,0,0
3197287321,0,0,574755,0,1,0,0,4,4,0,1,0,0,0,1,0,0,0,0,0,2,1,1,1,1,1,0,0,0,0,0,0,0,0,0,0
3197797410,0,0,574755,0,1,0,0,4,4,0,1,0,0,0,1,0,0,0,0,0,2,1,1,1,1,1,0,0,0,0,0,0,0,0,0,0
3198309200,0,0,574755,0,1,0,0,4,4,0,1,0,0,0,1,0,0,0,0,0,2,1,1,1,1,1,0,0,0,0,0,0,0,0,0,0
3198809280,0,0,574755,0,1,0,0,4,4,0,1,0,0,0,1,0,0,0,0,0,2,1,1,1,1,1,0,0,0,0,0,0,0,0,0,0
3199309397,0,0,574755,0,1,0,0,4,4,0,1,0,0,0,1,0,0,0,0,0,2,1,1,1,1,1,0,0,0,0,0,0,0,0,0,0
3199819541,0,0,574755,0,1,0,0,4,4,0,1,0,0,0,1,0,0,0,0,0,2,1,1,1,1,1,0,0,0,0,0,0,0,0,0,0
3200330740,0,0,574755,0,1,0,0,4,4,0,1,0,0,0,1,0,0,0,0,0,2,1,1,1,1,1,0,0,0,0,0,0,0,0,0,0
3200840280,0,0,574755,0,1,0,0,4,4,0,1,0,0,0,1,0,0,0,0,0,2,1,1,1,1,1,0,0,0,0,0,0,0,0,0,0
3201350279,0,0,574755,0,1,0,0,4,4,0,1,0,0,0,1,0,0,0,0,0,2,1,1,1,1,1,0,0,0,0,0,0,0,0,0,0
3201862114,0,0,574755,0,1,0,0,4,4,0,1,0,0,0,1,0,0,0,0,0,2,1,1,1,1,1,0,0,0,0,0,0,0,0,0,0
3202372324,0,0,574755,0,1,0,0,4,4,0,1,0,0,0,1,0,0,0,0,0,2,1,1,1,1,1,0,0,0,0,0,0,0,0,0,0
3202883280,0,0,574755,0,1,0,0,4,4,0,1,0,0,0,1,0,0,0,0,0,2,1,1,1,1,1,0,0,0,0,0,0,0,0,0,0
3203393361,0,0,574755,0,1,0,0,4,4,0,1,0,0,0,1,0,0,0,0,0,2,1,1,1,1,1,0,0,0,0,0,0,0,0,0,0
3203893551,0,0,574755,0,1,0,0,4,4,0,1,0,0,0,1,0,0,0,0,0,2,1,1,1,1,1,0,0,0,0,0,0,0,0,0,0
3204403281,0,0,574755,0,1,0,0,4,4,0,1,0,0,0,1,0,0,0,0,0,2,1,1,1,1,1,0,0,0,0,0,0,0,0,0,0
3204913490,0,0,574755,0,1,0,0,4,4,0,1,0,0,0,1,0,0,0,0,0,2,1,1,1,1,1,0,0,0,0,0,0,0,0,0,0
3205424342,0,0,574755,0,1,0,0,4,4,0,1,0,0,0,1,0,0,0,0,0,2,1,1,1,1,1,0,0,0,0,0,0,0,0,0,0
3205935427,0,0,574755,0,1,0,0,4,4,0,1,0,0,0,1,0,0,0,0,0,2,1,1,1,1,1,0,0,0,0,0,0,0,0,0,0
3206445389,0,0,574755,0,1,0,0,4,4,0,1,0,0,0,1,0,0,0,0,0,2,1,1,1,1,1,0,0,0,0,0,0,0,0,0,0
3206946846,0,0,574755,0,1,0,0,4,4,0,1,0,0,0,1,0,0,0,0,0,2,1,1,1,1,1,0,0,0,0,0,0,0,0,0,0
3207456898,0,0,574755,0,1,0,0,4,4,0,1,0,0,0,1,0,0,0,0,0,2,1,1,1,1,1,0,0,0,0,0,0,0,0,0,0
3207967281,0,0,574755,0,1,0,0,4,4,0,1,0,0,0,1,0,0,0,0,0,2,1,1,1,1,1,0,0,0,0,0,0,0,0,0,0
3208477304,0,0,574755,0,1,0,0,4,4,0,1,0,0,0,1,0,0,0,0,0,2,1,1,1,1,1,0,0,0,0,0,0,0,0,0,0
3208979396,0,0,574755,0,1,0,0,4,4,0,1,0,0,0,1,0,0,0,0,0,2,1,1,1,1,1,0,0,0,0,0,0,0,0,0,0
3209489776,0,0,574755,0,1,0,0,4,4,0,1,0,0,0,1,0,0,0,0,0,2,1,1,1,1,1,0,0,0,0,0,0,0,0,0,0
3210000308,0,0,574755,0,1,0,0,4,4,0,1,0,0,0,1,0,0,0,0,0,2,1,1,1,1,1,0,0,0,0,0,0,0,0,0,0
3210511282,0,0,574755,0,1,0,0,4,4,0,1,0,0,0,1,0,0,0,0,0,2,1,1,1,1,1,0,0,0,0,0,0,0,0,0,0
3211021334,0,0,574755,0,1,0,0,4,4,0,1,0,0,0,1,0,0,0,0,0,2,1,1,1,1,1,0,0,0,0,0,0,0,0,0,0
3211530318,0,0,574755,0,1,0,0,4,4,0,1,0,0,0,1,0,0,0,0,0,2,1,1,1,1,1,0,0,0,0,0,0,0,0,0,0
3212042654,0,0,574755,0,1,0,0,4,4,0,1,0,0,0,1,0,0,0,0,0,2,1,1,1,1,1,0,0,0,0,0,0,0,0,0,0
3212552319,0,0,574755,0,1,0,0,4,4,0,1,0,0,0,1,0,0,0,0,0,2,1,1,1,1,1,0,0,0,0,0,0,0,0,0,0
3213063377,0,0,574755,0,1,0,0,4,4,0,1,0,0,0,1,0,0,0,0,0,2,1,1,1,1,1,0,0,0,0,0,0,0,0,0,0
3213574483,0,0,574755,0,1,0,0,4,4,0,1,0,0,0,1,0,0,0,0,0,2,1,1,1,1,1,0,0,0,0,0,0,0,0,0,0
3214084614,0,0,574755,0,1,0,0,4,4,0,1,0,0,0,1,0,0,0,0,0,2,1,1,1,1,1,0,0,0,0,0,0,0,0,0,0
3214595412,0,0,574755,0,1,0,0,4,4,0,1,0,0,0,1,0,0,0,0,0,2,1,1,1,1,1,0,0,0,0,0,0,0,0,0,0
3215105545,0,0,574755,0,1,0,0,4,4,0,1,0,0,0,1,0,0,0,0,0,2,1,1,1,1,1,0,0,0,0,0,0,0,0,0,0
3215616317,0,0,574755,0,1,0,0,4,4,0,1,0,0,0,1,0,0,0,0,0,2,1,1,1,1,1,0,0,0,0,0,0,0,0,0,0
3216127590,0,0,574755,0,1,0,0,4,4,0,1,0,0,0,1,0,0,0,0,0,2,1,1,1,1,1,0,0,0,0,0,0,0,0,0,0
3216638233,0,0,574755,0,1,0,0,4,4,0,1,0,0,0,1,0,0,0,0,0,2,1,1,1,1,1,0,0,0,0,0,0,0,0,0,0
3217148453,0,0,574755,0,1,0,0,4,4,0,1,0,0,0,1,0,0,0,0,0,2,1,1,1,1,1,0,0,0,0,0,0,0,0,0,0
3217659312,0,0,574755,0,1,0,0,4,4,0,1,0,0,0,1,0,0,0,0,0,2,1,1,1,1,1,0,0,0,0,0,0,0,0,0,0
3218169281,0,0,574755,0,1,0,0,4,4,0,1,0,0,0,1,0,0,0,0,0,2,1,1,1,1,1,0,0,0,0,0,0,0,0,0,0
3218680286,0,0,574755,0,1,0,0,4,4,0,1,0,0,0,1,0,0,0,0,0,2,1,1,1,1,1,0,0,0,0,0,0,0,0,0,0
3219191478,0,0,574755,0,1,0,0,4,4,0,1,0,0,0,1,0,0,0,0,0,2,1,1,1,1,1,0,0,0,0,0,0,0,0,0,0
3219701357,0,0,574755,0,1,0,0,4,4,0,1,0,0,0,1,0,0,0,0,0,2,1,1,1,1,1,0,0,0,0,0,0,0,0,0,0
3220211547,0,0,574755,0,1,0,0,4,4,0,1,0,0,0,1,0,0,0,0,0,2,1,1,1,1,1,0,0,0,0,0,0,0,0,0,0
3220723283,0,0,574755,0,1,0,0,4,4,0,1,0,0,0,1,0,0,0,0,0,2,1,1,1,1,1,0,0,0,0,0,0,0,0,0,0
3221234019,0,0,574755,0,1,0,0,4,4,0,1,0,0,0,1,0,0,0,0,0,2,1,1,1,1,1,0,0,0,0,0,0,0,0,0,0
3221744384,0,0,574755,0,1,0,0,4,4,0,1,0,0,0,1,0,0,0,0,0,2,1,1,1,1,1,0,0,0,0,0,0,0,0,0,0
3222253280,0,0,574755,0,1,0,0,4,4,0,1,0,0,0,1,0,0,0,0,0,2,1,1,1,1,1,0,0,0,0,0,0,0,0,0,0
3222753468,0,0,574755,0,1,0,0,4,4,0,1,0,0,0,1,0,0,0,0,0,2,1,1,1,1,1,0,0,0,0,0,0,0,0,0,0
3223263692,0,0,574755,0,1,0,0,4,4,0,1,0,0,0,1,0,0,0,0,0,2,1,1,1,1,1,0,0,0,0,0,0,0,0,0,0
3223774998,0,0,574755,0,1,0,0,4,4,0,1,0,0,0,1,0,0,0,0,0,2,1,1,1,1,1,0,0,0,0,0,0,0,0,0,0
3224284589,0,0,574755,0,1,0,0,4,4,0,1,0,0,0,1,0,0,0,0,0,2,1,1,1,1,1,0,0,0,0,0,0,0,0,0,0
3224785397,0,0,574755,0,1,0,0,4,4,0,1,0,0,0,1,0,0,0,0,0,2,1,1,1,1,1,0,0,0,0,0,0,0,0,0,0
3225294793,0,0,574755,0,1,0,0,4,4,0,1,0,0,0,1,0,0,0,0,0,2,1,1,1,1,1,0,0,0,0,0,0,0,0,0,0
3225805629,0,0,574755,0,1,0,0,4,4,0,1,0,0,0,1,0,0,0,0,0,2,1,1,1,1,1,0,0,0,0,0,0,0,0,0,0
3226316307,0,0,574755,0,1,0,0,4,4,0,1,0,0,0,1,0,0,0,0,0,2,1,1,1,1,1,0,0,0,0,0,0,0,0,0,0
3226826281,0,0,574755,0,1,0,0,4,4,0,1,0,0,0,1,0,0,0,0,0,2,1,1,1,1,1,0,0,0,0,0,0,0,0,0,0
3227327233,0,0,574755,0,1,0,0,4,4,0,1,0,0,0,1,0,0,0,0,0,2,1,1,1,1,1,0,0,0,0,0,0,0,0,0,0
3227838439,0,0,574755,0,1,0,0,4,4,0,1,0,0,0,1,0,0,0,0,0,2,1,1,1,1,1,0,0,0,0,0,0,0,0,0,0
3228339389,0,0,574755,0,1,0,0,4,4,0,1,0,0,0,1,0,0,0,0,0,2,1,1,1,1,1,0,0,0,0,0,0,0,0,0,0
3228849280,0,0,574755,0,1,0,0,4,4,0,1,0,0,0,1,0,0,0,0,0,2,1,1,1,1,1,0,0,0,0,0,0,0,0,0,0
3229349685,0,0,574755,0,1,0,0,4,4,0,1,0,0,0,1,0,0,0,0,0,2,1,1,1,1,1,0,0,0,0,0,0,0,0,0,0
3229859422,0,0,574755,0,1,0,0,4,4,0,1,0,0,0,1,0,0,0,0,0,2,1,1,1,1,1,0,0,0,0,0,0,0,0,0,0
3230370578,0,0,574755,0,1,0,0,4,4,0,1,0,0,0,1,0,0,0,0,0,2,1,1,1,1,1,0,0,0,0,0,0,0,0,0,0
3230881282,0,0,574755,0,1,0,0,4,4,0,1,0,0,0,1,0,0,0,0,0,2,1,1,1,1,1,0,0,0,0,0,0,0,0,0,0
3231391335,0,0,574755,0,1,0,0,4,4,0,1,0,0,0,1,0,0,0,0,0,2,1,1,1,1,1,0,0,0,0,0,0,0,0,0,0
3231893996,0,0,574755,0,1,0,0,4,4,0,1,0,0,0,1,0,0,0,0,0,2,1,1,1,1,1,0,0,0,0,0,0,0,0,0,0
3232404283,0,0,574755,0,1,0,0,4,4,0,1,0,0,0,1,0,0,0,0,0,2,1,1,1,1,1,0,0,0,0,0,0,0,0,0,0
3232904321,0,0,574755,0,1,0,0,4,4,0,1,0,0,0,1,0,0,0,0,0,2,1,1,1,1,1,0,0,0,0,0,0,0,0,0,0
3233404515,0,0,574755,0,1,0,0,4,4,0,1,0,0,0,1,0,0,0,0,0,2,1,1,1,1,1,0,0,0,0,0,0,0,0,0,0
3233915647,0,0,574755,0,1,0,0,4,4,0,1,0,0,0,1,0,0,0,0,0,2,1,1,1,1,1,0,0,0,0,0,0,0,0,0,0
3234425391,0,0,574755,0,1,0,0,4,4,0,1,0,0,0,1,0,0,0,0,0,2,1,1,1,1,1,0,0,0,0,0,0,0,0,0,0
3234925925,0,0,574755,0,1,0,0,4,4,0,1,0,0,0,1,0,0,0,0,0,2,1,1,1,1,1,0,0,0,0,0,0,0,0,0,0
3235435451,0,0,574755,0,1,0,0,4,4,0,1,0,0,0,1,0,0,0,0,0,2,1,1,1,1,1,0,0,0,0,0,0,0,0,0,0
3235946282,0,0,574755,0,1,0,0,4,4,0,1,0,0,0,1,0,0,0,0,0,2,1,1,1,1,1,0,0,0,0,0,0,0,0,0,0
3236456330,0,0,574755,0,1,0,0,4,4,0,1,0,0,0,1,0,0,0,0,0,2,1,1,1,1,1,0,0,0,0,0,0,0,0,0,0
3236968355,0,0,574755,0,1,0,0,4,4,0,1,0,0,0,1,0,0,0,0,0,2,1,1,1,1,1,0,0,0,0,0,0,0,0,0,0
3237479100,0,0,574755,0,1,0,0,4,4,0,1,0,0,0,1,0,0,0,0,0,2,1,1,1,1,1,0,0,0,0,0,0,0,0,0,0
3237989345,0,0,574755,0,1,0,0,4,4,0,1,0,0,0,1,0,0,0,0,0,2,1,1,1,1,1,0,0,0,0,0,0,0,0,0,0
3238499357,0,0,574755,0,1,0,0,4,4,0,1,0,0,0,1,0,0,0,0,0,2,1,1,1,1,1,0,0,0,0,0,0,0,0,0,0
3239001281,0,0,574755,0,1,0,0,4,4,0,1,0,0,0,1,0,0,0,0,0,2,1,1,1,1,1,0,0,0,0,0,0,0,0,0,0
3239511315,0,0,574755,0,1,0,0,4,4,0,1,0,0,0,1,0,0,0,0,0,2,1,1,1,1,1,0,0,0,0,0,0,0,0,0,0
3240013299,0,0,574755,0,1,0,0,4,4,0,1,0,0,0,1,0,0,0,0,0,2,1,1,1,1,1,0,0,0,0,0,0,0,0,0,0
3240524876,0,0,574755,0,1,0,0,4,4,0,1,0,0,0,1,0,0,0,0,0,2,1,1,1,1,1,0,0,0,0,0,0,0,0,0,0
3241035762,0,0,574755,0,1,0,0,4,4,0,1,0,0,0,1,0,0,0,0,0,2,1,1,1,1,1,0,0,0,0,0,0,0,0,0,0
3241545593,0,0,574755,0,1,0,0,4,4,0,1,0,0,0,1,0,0,0,0,0,2,1,1,1,1,1,0,0,0,0,0,0,0,0,0,0
3242056881,0,0,574755,0,1,0,0,4,4,0,1,0,0,0,1,0,0,0,0,0,2,1,1,1,1,1,0,0,0,0,0,0,0,0,0,0
3242566316,0,0,574755,0,1,0,0,4,4,0,1,0,0,0,1,0,0,0,0,0,2,1,1,1,1,1,0,0,0,0,0,0,0,0,0,0
3243077428,0,0,574755,0,1,0,0,4,4,0,1,0,0,0,1,0,0,0,0,0,2,1,1,1,1,1,0,0,0,0,0,0,0,0,0,0
3243587488,0,0,574755,0,1,0,0,4,4,0,1,0,0,0,1,0,0,0,0,0,2,1,1,1,1,1,0,0,0,0,0,0,0,0,0,0
3244097357,0,0,574755,0,1,0,0,4,4,0,1,0,0,0,1,0,0,0,0,0,2,1,1,1,1,1,0,0,0,0,0,0,0,0,0,0
3244607322,0,0,574755,0,1,0,0,4,4,0,1,0,0,0,1,0,0,0,0,0,2,1,1,1,1,1,0,0,0,0,0,0,0,0,0,0
3245108281,0,0,574755,0,1,0,0,4,4,0,1,0,0,0,1,0,0,0,0,0,2,1,1,1,1,1,0,0,0,0,0,0,0,0,0,0
3245618280,0,0,574755,0,1,0,0,4,4,0,1,0,0,0,1,0,0,0,0,0,2,1,1,1,1,1,0,0,0,0,0,0,0,0,0,0
3246128280,0,0,574755,0,1,0,0,4,4,0,1,0,0,0,1,0,0,0,0,0,2,1,1,1,1,1,0,0,0,0,0,0,0,0,0,0
3246629604,0,0,574755,0,1,0,0,4,4,0,1,0,0,0,1,0,0,0,0,0,2,1,1,1,1,1,0,0,0,0,0,0,0,0,0,0
3247139677,0,0,574755,0,1,0,0,4,4,0,1,0,0,0,1,0,0,0,0,0,2,1,1,1,1,1,0,0,0,0,0,0,0,0,0,0
3247650312,0,0,574755,0,1,0,0,4,4,0,1,0,0,0,1,0,0,0,0,0,2,1,1,1,1,1,0,0,0,0,0,0,0,0,0,0
3248160347,0,0,574755,0,1,0,0,4,4,0,1,0,0,0,1,0,0,0,0,0,2,1,1,1,1,1,0,0,0,0,0,0,0,0,0,0
3248660379,0,0,574755,0,1,0,0,4,4,0,1,0,0,0,1,0,0,0,0,0,2,1,1,1,1,1,0,0,0,0,0,0,0,0,0,0
3249170404,0,0,574755,0,1,0,0,4,4,0,1,0,0,0,1,0,0,0,0,0,2,1,1,1,1,1,0,0,0,0,0,0,0,0,0,0
3249671281,0,0,574755,0,1,0,0,4,4,0,1,0,0,0,1,0,0,0,0,0,2,1,1,1,1,1,0,0,0,0,0,0,0,0,0,0
3250171464,0,0,574755,0,1,0,0,4,4,0,1,0,0,0,1,0,0,0,0,0,2,1,1,1,1,1,0,0,0,0,0,0,0,0,0,0
3250682826,0,0,574755,0,1,0,0,4,4,0,1,0,0,0,1,0,0,0,0,0,2,1,1,1,1,1,0,0,0,0,0,0,0,0,0,0
3251193287,0,0,574755,0,1,0,0,4,4,0,1,0,0,0,1,0,0,0,0,0,2,1,1,1,1,1,0,0,0,0,0,0,0,0,0,0
3251693442,0,0,574755,0,1,0,0,4,4,0,1,0,0,0,1,0,0,0,0,0,2,1,1,1,1,1,0,0,0,0,0,0,0,0,0,0
3252204017,0,0,574755,0,1,0,0,4,4,0,1,0,0,0,1,0,0,0,0,0,2,1,1,1,1,1,0,0,0,0,0,0,0,0,0,0
3252714579,0,0,574755,0,1,0,0,4,4,0,1,0,0,0,1,0,0,0,0,0,2,1,1,1,1,1,0,0,0,0,0,0,0,0,0,0
3253225393,0,0,574755,0,1,0,0,4,4,0,1,0,0,0,1,0,0,0,0,0,2,1,1,1,1,1,0,0,0,0,0,0,0,0,0,0
3253735571,0,0,574755,0,1,0,0,4,4,0,1,0,0,0,1,0,0,0,0,0,2,1,1,1,1,1,0,0,0,0,0,0,0,0,0,0
3254245587,0,0,574755,0,1,0,0,4,4,0,1,0,0,0,1,0,0,0,0,0,2,1,1,1,1,1,0,0,0,0,0,0,0,0,0,0
3254755611,0,0,574755,0,1,0,0,4,4,0,1,0,0,0,1,0,0,0,0,0,2,1,1,1,1,1,0,0,0,0,0,0,0,0,0,0
3255255925,0,0,574755,0,1,0,0,4,4,0,1,0,0,0,1,0,0,0,0,0,2,1,1,1,1,1,0,0,0,0,0,0,0,0,0,0
3255765485,0,0,574755,0,1,0,0,4,4,0,1,0,0,0,1,0,0,0,0,0,2,1,1,1,1,1,0,0,0,0,0,0,0,0,0,0
3256276312,0,0,574755,0,1,0,0,4,4,0,1,0,0,0,1,0,0,0,0,0,2,1,1,1,1,1,0,0,0,0,0,0,0,0,0,0
3256786480,0,0,574755,0,1,0,0,4,4,0,1,0,0,0,1,0,0,0,0,0,2,1,1,1,1,1,0,0,0,0,0,0,0,0,0,0
3257297800,0,0,574755,0,1,0,0,4,4,0,1,0,0,0,1,0,0,0,0,0,2,1,1,1,1,1,0,0,0,0,0,0,0,0,0,0
3257808924,0,0,574755,0,1,0,0,4,4,0,1,0,0,0,1,0,0,0,0,0,2,1,1,1,1,1,0,0,0,0,0,0,0,0,0,0
3258319456,0,0,574755,0,1,0,0,4,4,0,1,0,0,0,1,0,0,0,0,0,2,1,1,1,1,1,0,0,0,0,0,0,0,0,0,0
3258829279,0,0,574755,0,1,0,0,4,4,0,1,0,0,0,1,0,0,0,0,0,2,1,1,1,1,1,0,0,0,0,0,0,0,0,0,0
3259329322,0,0,574755,0,1,0,0,4,4,0,1,0,0,0,1,0,0,0,0,0,2,1,1,1,1,1,0,0,0,0,0,0,0,0,0,0
3259839353,0,0,574755,0,1,0,0,4,4,0,1,0,0,0,1,0,0,0,0,0,2,1,1,1,1,1,0,0,0,0,0,0,0,0,0,0
3260339426,0,0,574755,0,1,0,0,4,4,0,1,0,0,0,1,0,0,0,0,0,2,1,1,1,1,1,0,0,0,0,0,0,0,0,0,0
3260850392,0,0,574755,0,1,0,0,4,4,0,1,0,0,0,1,0,0,0,0,0,2,1,1,1,1,1,0,0,0,0,0,0,0,0,0,0
3261360280,0,0,574755,0,1,0,0,4,4,0,1,0,0,0,1,0,0,0,0,0,2,1,1,1,1,1,0,0,0,0,0,0,0,0,0,0
3261860399,0,0,574755,0,1,0,0,4,4,0,1,0,0,0,1,0,0,0,0,0,2,1,1,1,1,1,0,0,0,0,0,0,0,0,0,0
3262370347,0,0,574755,0,1,0,0,4,4,0,1,0,0,0,1,0,0,0,0,0,2,1,1,1,1,1,0,0,0,0,0,0,0,0,0,0
3262881375,0,0,574755,0,1,0,0,4,4,0,1,0,0,0,1,0,0,0,0,0,2,1,1,1,1,1,0,0,0,0,0,0,0,0,0,0
3263391522,0,0,574755,0,1,0,0,4,4,0,1,0,0,0,1,0,0,0,0,0,2,1,1,1,1,1,0,0,0,0,0,0,0,0,0,0
3263903048,0,0,574755,0,1,0,0,4,4,0,1,0,0,0,1,0,0,0,0,0,2,1,1,1,1,1,0,0,0,0,0,0,0,0,0,0
3264414039,0,0,574755,0,1,0,0,4,4,0,1,0,0,0,1,0,0,0,0,0,2,1,1,1,1,1,0,0,0,0,0,0,0,0,0,0
3264923356,0,0,574755,0,1,0,0,4,4,0,1,0,0,0,1,0,0,0,0,0,2,1,1,1,1,1,0,0,0,0,0,0,0,0,0,0
3265433405,0,0,574755,0,1,0,0,4,4,0,1,0,0,0,1,0,0,0,0,0,2,1,1,1,1,1,0,0,0,0,0,0,0,0,0,0
3265944381,0,0,574755,0,1,0,0,4,4,0,1,0,0,0,1,0,0,0,0,0,2,1,1,1,1,1,0,0,0,0,0,0,0,0,0,0
3266454321,0,0,574755,0,1,0,0,4,4,0,1,0,0,0,1,0,0,0,0,0,2,1,1,1,1,1,0,0,0,0,0,0,0,0,0,0
3266954754,0,0,574755,0,1,0,0,4,4,0,1,0,0,0,1,0,0,0,0,0,2,1,1,1,1,1,0,0,0,0,0,0,0,0,0,0
3267464385,0,0,574755,0,1,0,0,4,4,0,1,0,0,0,1,0,0,0,0,0,2,1,1,1,1,1,0,0,0,0,0,0,0,0,0,0
3267975433,0,0,574755,0,1,0,0,4,4,0,1,0,0,0,1,0,0,0,0,0,2,1,1,1,1,1,0,0,0,0,0,0,0,0,0,0
3268485932,0,0,574755,0,1,0,0,4,4,0,1,0,0,0,1,0,0,0,0,0,2,1,1,1,1,1,0,0,0,0,0,0,0,0,0,0
3268996366,0,0,574755,0,1,0,0,4,4,0,1,0,0,0,1,0,0,0,0,0,2,1,1,1,1,1,0,0,0,0,0,0,0,0,0,0
3269508046,0,0,574755,0,1,0,0,4,4,0,1,0,0,0,1,0,0,0,0,0,2,1,1,1,1,1,0,0,0,0,0,0,0,0,0,0
3270018607,0,0,574755,0,1,0,0,4,4,0,1,0,0,0,1,0,0,0,0,0,2,1,1,1,1,1,0,0,0,0,0,0,0,0,0,0
3270529323,0,0,574755,0,1,0,0,4,4,0,1,0,0,0,1,0,0,0,0,0,2,1,1,1,1,1,0,0,0,0,0,0,0,0,0,0
3271030355,0,0,574755,0,1,0,0,4,4,0,1,0,0,0,1,0,0,0,0,0,2,1,1,1,1,1,0,0,0,0,0,0,0,0,0,0
3271530469,0,0,574755,0,1,0,0,4,4,0,1,0,0,0,1,0,0,0,0,0,2,1,1,1,1,1,0,0,0,0,0,0,0,0,0,0
3272040280,0,0,574755,0,1,0,0,4,4,0,1,0,0,0,1,0,0,0,0,0,2,1,1,1,1,1,0,0,0,0,0,0,0,0,0,0
3272551313,0,0,574755,0,1,0,0,4,4,0,1,0,0,0,1,0,0,0,0,0,2,1,1,1,1,1,0,0,0,0,0,0,0,0,0,0
3273061430,0,0,574755,0,1,0,0,4,4,0,1,0,0,0,1,0,0,0,0,0,2,1,1,1,1,1,0,0,0,0,0,0,0,0,0,0
3273572681,0,0,574755,0,1,0,0,4,4,0,1,0,0,0,1,0,0,0,0,0,2,1,1,1,1,1,0,0,0,0,0,0,0,0,0,0
3274082280,0,0,574755,0,1,0,0,4,4,0,1,0,0,0,1,0,0,0,0,0,2,1,1,1,1,1,0,0,0,0,0,0,0,0,0,0
3274583200,0,0,574755,0,1,0,0,4,4,0,1,0,0,0,1,0,0,0,0,0,2,1,1,1,1,1,0,0,0,0,0,0,0,0,0,0
3275093799,0,0,574755,0,1,0,0,4,4,0,1,0,0,0,1,0,0,0,0,0,2,1,1,1,1,1,0,0,0,0,0,0,0,0,0,0
3275604577,0,0,574755,0,1,0,0,4,4,0,1,0,0,0,1,0,0,0,0,0,2,1,1,1,1,1,0,0,0,0,0,0,0,0,0,0
3276115463,0,0,574755,0,1,0,0,4,4,0,1,0,0,0,1,0,0,0,0,0,2,1,1,1,1,1,0,0,0,0,0,0,0,0,0,0
3276615923,0,0,574755,0,1,0,0,4,4,0,1,0,0,0,1,0,0,0,0,0,2,1,1,1,1,1,0,0,0,0,0,0,0,0,0,0
3277125451,0,0,574755,0,1,0,0,4,4,0,1,0,0,0,1,0,0,0,0,0,2,1,1,1,1,1,0,0,0,0,0,0,0,0,0,0
3277625968,0,0,574755,0,1,0,0,4,4,0,1,0,0,0,1,0,0,0,0,0,2,1,1,1,1,1,0,0,0,0,0,0,0,0,0,0
3278135550,0,0,574755,0,1,0,0,4,4,0,1,0,0,0,1,0,0,0,0,0,2,1,1,1,1,1,0,0,0,0,0,0,0,0,0,0
3278646348,0,0,574755,0,1,0,0,4,4,0,1,0,0,0,1,0,0,0,0,0,2,1,1,1,1,1,0,0,0,0,0,0,0,0,0,0
3279156324,0,0,574755,0,1,0,0,4,4,0,1,0,0,0,1,0,0,0,0,0,2,1,1,1,1,1,0,0,0,0,0,0,0,0,0,0
3279656421,0,0,574755,0,1,0,0,4,4,0,1,0,0,0,1,0,0,0,0,0,2,1,1,1,1,1,0,0,0,0,0,0,0,0,0,0
3280167850,0,0,574755,0,1,0,0,4,4,0,1,0,0,0,1,0,0,0,0,0,2,1,1,1,1,1,0,0,0,0,0,0,0,0,0,0
3280678595,0,0,574755,0,1,0,0,4,4,0,1,0,0,0,1,0,0,0,0,0,2,1,1,1,1,1,0,0,0,0,0,0,0,0,0,0
3281189066,0,0,574755,0,1,0,0,4,4,0,1,0,0,0,1,0,0,0,0,0,2,1,1,1,1,1,0,0,0,0,0,0,0,0,0,0
3281699500,0,0,574755,0,1,0,0,4,4,0,1,0,0,0,1,0,0,0,0,0,2,1,1,1,1,1,0,0,0,0,0,0,0,0,0,0
3282210626,0,0,574755,0,1,0,0,4,4,0,1,0,0,0,1,0,0,0,0,0,2,1,1,1,1,1,0,0,0,0,0,0,0,0,0,0
3282721282,0,0,574755,0,1,0,0,4,4,0,1,0,0,0,1,0,0,0,0,0,2,1,1,1,1,1,0,0,0,0,0,0,0,0,0,0
3283222315,0,0,574755,0,1,0,0,4,4,0,1,0,0,0,1,0,0,0,0,0,2,1,1,1,1,1,0,0,0,0,0,0,0,0,0,0
3283732280,0,0,574755,0,1,0,0,4,4,0,1,0,0,0,1,0,0,0,0,0,2,1,1,1,1,1,0,0,0,0,0,0,0,0,0,0
3284242279,0,0,574755,0,1,0,0,4,4,0,1,0,0,0,1,0,0,0,0,0,2,1,1,1,1,1,0,0,0,0,0,0,0,0,0,0
3284755062,0,0,574755,0,1,0,0,4,4,0,1,0,0,0,1,0,0,0,0,0,2,1,1,1,1,1,0,0,0,0,0,0,0,0,0,0
3285256355,0,0,574755,0,1,0,0,4,4,0,1,0,0,0,1,0,0,0,0,0,2,1,1,1,1,1,0,0,0,0,0,0,0,0,0,0
3285766281,0,0,574755,0,1,0,0,4,4,0,1,0,0,0,1,0,0,0,0,0,2,1,1,1,1,1,0,0,0,0,0,0,0,0,0,0
3286266653,0,0,574755,0,1,0,0,4,4,0,1,0,0,0,1,0,0,0,0,0,2,1,1,1,1,1,0,0,0,0,0,0,0,0,0,0
3286777385,0,0,574755,0,1,0,0,4,4,0,1,0,0,0,1,0,0,0,0,0,2,1,1,1,1,1,0,0,0,0,0,0,0,0,0,0
3287288578,0,0,574755,0,1,0,0,4,4,0,1,0,0,0,1,0,0,0,0,0,2,1,1,1,1,1,0,0,0,0,0,0,0,0,0,0
3287798400,0,0,574755,0,1,0,0,4,4,0,1,0,0,0,1,0,0,0,0,0,2,1,1,1,1,1,0,0,0,0,0,0,0,0,0,0
3288310243,0,0,574755,0,1,0,0,4,4,0,1,0,0,0,1,0,0,0,0,0,2,1,1,1,1,1,0,0,0,0,0,0,0,0,0,0
3288820984,0,0,574755,0,1,0,0,4,4,0,1,0,0,0,1,0,0,0,0,0,2,1,1,1,1,1,0,0,0,0,0,0,0,0,0,0
3289331279,0,0,574755,0,1,0,0,4,4,0,1,0,0,0,1,0,0,0,0,0,2,1,1,1,1,1,0,0,0,0,0,0,0,0,0,0
3289841281,0,0,574755,0,1,0,0,4,4,0,1,0,0,0,1,0,0,0,0,0,2,1,1,1,1,1,0,0,0,0,0,0,0,0,0,0
3290341346,0,0,574755,0,1,0,0,4,4,0,1,0,0,0,1,0,0,0,0,0,2,1,1,1,1,1,0,0,0,0,0,0,0,0,0,0
3290851283,0,0,574755,0,1,0,0,4,4,0,1,0,0,0,1,0,0,0,0,0,2,1,1,1,1,1,0,0,0,0,0,0,0,0,0,0
3291351361,0,0,574755,0,1,0,0,4,4,0,1,0,0,0,1,0,0,0,0,0,2,1,1,1,1,1,0,0,0,0,0,0,0,0,0,0
3291851608,0,0,574755,0,1,0,0,4,4,0,1,0,0,0,1,0,0,0,0,0,2,1,1,1,1,1,0,0,0,0,0,0,0,0,0,0
3292361928,0,0,574755,0,1,0,0,4,4,0,1,0,0,0,1,0,0,0,0,0,2,1,1,1,1,1,0,0,0,0,0,0,0,0,0,0
3292872347,0,0,574755,0,1,0,0,4,4,0,1,0,0,0,1,0,0,0,0,0,2,1,1,1,1,1,0,0,0,0,0,0,0,0,0,0
3293382571,0,0,574755,0,1,0,0,4,4,0,1,0,0,0,1,0,0,0,0,0,2,1,1,1,1,1,0,0,0,0,0,0,0,0,0,0
3293885107,0,0,574755,0,1,0,0,4,4,0,1,0,0,0,1,0,0,0,0,0,2,1,1,1,1,1,0,0,0,0,0,0,0,0,0,0
3294395806,0,0,574755,0,1,0,0,4,4,0,1,0,0,0,1,0,0,0,0,0,2,1,1,1,1,1,0,0,0,0,0,0,0,0,0,0
3294906536,0,0,574755,0,1,0,0,4,4,0,1,0,0,0,1,0,0,0,0,0,2,1,1,1,1,1,0,0,0,0,0,0,0,0,0,0
3295416280,0,0,574755,0,1,0,0,4,4,0,1,0,0,0,1,0,0,0,0,0,2,1,1,1,1,1,0,0,0,0,0,0,0,0,0,0
3295916376,0,0,574755,0,1,0,0,4,4,0,1,0,0,0,1,0,0,0,0,0,2,1,1,1,1,1,0,0,0,0,0,0,0,0,0,0
3296426626,0,0,574755,0,1,0,0,4,4,0,1,0,0,0,1,0,0,0,0,0,2,1,1,1,1,1,0,0,0,0,0,0,0,0,0,0
3296927321,0,0,574755,0,1,0,0,4,4,0,1,0,0,0,1,0,0,0,0,0,2,1,1,1,1,1,0,0,0,0,0,0,0,0,0,0
3297437361,0,0,574755,0,1,0,0,4,4,0,1,0,0,0,1,0,0,0,0,0,2,1,1,1,1,1,0,0,0,0,0,0,0,0,0,0
3297938279,0,0,574755,0,1,0,0,4,4,0,1,0,0,0,1,0,0,0,0,0,2,1,1,1,1,1,0,0,0,0,0,0,0,0,0,0
3298438343,0,0,574755,0,1,0,0,4,4,0,1,0,0,0,1,0,0,0,0,0,2,1,1,1,1,1,0,0,0,0,0,0,0,0,0,0
3298950653,0,0,574755,0,1,0,0,4,4,0,1,0,0,0,1,0,0,0,0,0,2,1,1,1,1,1,0,0,0,0,0,0,0,0,0,0
3299460738,0,0,574755,0,1,0,0,4,4,0,1,0,0,0,1,0,0,0,0,0,2,1,1,1,1,1,0,0,0,0,0,0,0,0,0,0
3299971281,0,0,574755,0,1,0,0,4,4,0,1,0,0,0,1,0,0,0,0,0,2,1,1,1,1,1,0,0,0,0,0,0,0,0,0,0
3300481282,0,0,574755,0,1,0,0,4,4,0,1,0,0,0,1,0,0,0,0,0,2,1,1,1,1,1,0,0,0,0,0,0,0,0,0,0
3300981334,0,0,574755,0,1,0,0,4,4,0,1,0,0,0,1,0,0,0,0,0,2,1,1,1,1,1,0,0,0,0,0,0,0,0,0,0
3301481384,0,0,574755,0,1,0,0,4,4,0,1,0,0,0,1,0,0,0,0,0,2,1,1,1,1,1,0,0,0,0,0,0,0,0,0,0
3301991323,0,0,574755,0,1,0,0,4,4,0,1,0,0,0,1,0,0,0,0,0,2,1,1,1,1,1,0,0,0,0,0,0,0,0,0,0
3302501477,0,0,574755,0,1,0,0,4,4,0,1,0,0,0,1,0,0,0,0,0,2,1,1,1,1,1,0,0,0,0,0,0,0,0,0,0
3303012279,0,0,574755,0,1,0,0,4,4,0,1,0,0,0,1,0,0,0,0,0,2,1,1,1,1,1,0,0,0,0,0,0,0,0,0,0
3303523281,0,0,574755,0,1,0,0,4,4,0,1,0,0,0,1,0,0,0,0,0,2,1,1,1,1,1,0,0,0,0,0,0,0,0,0,0
3304033428,0,0,574755,0,1,0,0,4,4,0,1,0,0,0,1,0,0,0,0,0,2,1,1,1,1,1,0,0,0,0,0,0,0,0,0,0
3304545023,0,0,574755,0,1,0,0,4,4,0,1,0,0,0,1,0,0,0,0,0,2,1,1,1,1,1,0,0,0,0,0,0,0,0,0,0
3305055740,0,0,574755,0,1,0,0,4,4,0,1,0,0,0,1,0,0,0,0,0,2,1,1,1,1,1,0,0,0,0,0,0,0,0,0,0
3305555952,0,0,574755,0,1,0,0,4,4,0,1,0,0,0,1,0,0,0,0,0,2,1,1,1,1,1,0,0,0,0,0,0,0,0,0,0
3306065426,0,0,574755,0,1,0,0,4,4,0,1,0,0,0,1,0,0,0,0,0,2,1,1,1,1,1,0,0,0,0,0,0,0,0,0,0
3306575391,0,0,574755,0,1,0,0,4,4,0,1,0,0,0,1,0,0,0,0,0,2,1,1,1,1,1,0,0,0,0,0,0,0,0,0,0
3307075533,0,0,574755,0,1,0,0,4,4,0,1,0,0,0,1,0,0,0,0,0,2,1,1,1,1,1,0,0,0,0,0,0,0,0,0,0
3307587016,0,0,574755,0,1,0,0,4,4,0,1,0,0,0,1,0,0,0,0,0,2,1,1,1,1,1,0,0,0,0,0,0,0,0,0,0
3308097385,0,0,574755,0,1,0,0,4,4,0,1,0,0,0,1,0,0,0,0,0,2,1,1,1,1,1,0,0,0,0,0,0,0,0,0,0
3308608282,0,0,574755,0,1,0,0,4,4,0,1,0,0,0,1,0,0,0,0,0,2,1,1,1,1,1,0,0,0,0,0,0,0,0,0,0
3309118533,0,0,574755,0,1,0,0,4,4,0,1,0,0,0,1,0,0,0,0,0,2,1,1,1,1,1,0,0,0,0,0,0,0,0,0,0
3309630194,0,0,574755,0,1,0,0,4,4,0,1,0,0,0,1,0,0,0,0,0,2,1,1,1,1,1,0,0,0,0,0,0,0,0,0,0
3310141084,0,0,574755,0,1,0,0,4,4,0,1,0,0,0,1,0,0,0,0,0,2,1,1,1,1,1,0,0,0,0,0,0,0,0,0,0
3310651414,0,0,574755,0,1,0,0,4,4,0,1,0,0,0,1,0,0,0,0,0,2,1,1,1,1,1,0,0,0,0,0,0,0,0,0,0
3311161348,0,0,574755,0,1,0,0,4,4,0,1,0,0,0,1,0,0,0,0,0,2,1,1,1,1,1,0,0,0,0,0,0,0,0,0,0
3311672728,0,0,574755,0,1,0,0,4,4,0,1,0,0,0,1,0,0,0,0,0,2,1,1,1,1,1,0,0,0,0,0,0,0,0,0,0
3312182321,0,0,574755,0,1,0,0,4,4,0,1,0,0,0,1,0,0,0,0,0,2,1,1,1,1,1,0,0,0,0,0,0,0,0,0,0
3312693284,0,0,574755,0,1,0,0,4,4,0,1,0,0,0,1,0,0,0,0,0,2,1,1,1,1,1,0,0,0,0,0,0,0,0,0,0
3313203470,0,0,574755,0,1,0,0,4,4,0,1,0,0,0,1,0,0,0,0,0,2,1,1,1,1,1,0,0,0,0,0,0,0,0,0,0
3313714281,0,0,574755,0,1,0,0,4,4,0,1,0,0,0,1,0,0,0,0,0,2,1,1,1,1,1,0,0,0,0,0,0,0,0,0,0
3314225925,0,0,574755,0,1,0,0,4,4,0,1,0,0,0,1,0,0,0,0,0,2,1,1,1,1,1,0,0,0,0,0,0,0,0,0,0
3314736368,0,0,574755,0,1,0,0,4,4,0,1,0,0,0,1,0,0,0,0,0,2,1,1,1,1,1,0,0,0,0,0,0,0,0,0,0
3315246489,0,0,574755,0,1,0,0,4,4,0,1,0,0,0,1,0,0,0,0,0,2,1,1,1,1,1,0,0,0,0,0,0,0,0,0,0
3315757284,0,0,574755,0,1,0,0,4,4,0,1,0,0,0,1,0,0,0,0,0,2,1,1,1,1,1,0,0,0,0,0,0,0,0,0,0
3316267355,0,0,574755,0,1,0,0,4,4,0,1,0,0,0,1,0,0,0,0,0,2,1,1,1,1,1,0,0,0,0,0,0,0,0,0,0
3316778326,0,0,574755,0,1,0,0,4,4,0,1,0,0,0,1,0,0,0,0,0,2,1,1,1,1,1,0,0,0,0,0,0,0,0,0,0
3317288378,0,0,574755,0,1,0,0,4,4,0,1,0,0,0,1,0,0,0,0,0,2,1,1,1,1,1,0,0,0,0,0,0,0,0,0,0
3317799327,0,0,574755,0,1,0,0,4,4,0,1,0,0,0,1,0,0,0,0,0,2,1,1,1,1,1,0,0,0,0,0,0,0,0,0,0
3318302868,0,0,574755,0,1,0,0,4,4,0,1,0,0,0,1,0,0,0,0,0,2,1,1,1,1,1,0,0,0,0,0,0,0,0,0,0
3318813413,0,0,574755,0,1,0,0,4,4,0,1,0,0,0,1,0,0,0,0,0,2,1,1,1,1,1,0,0,0,0,0,0,0,0,0,0
3319323787,0,0,574755,0,1,0,0,4,4,0,1,0,0,0,1,0,0,0,0,0,2,1,1,1,1,1,0,0,0,0,0,0,0,0,0,0
3319834319,0,0,574755,0,1,0,0,4,4,0,1,0,0,0,1,0,0,0,0,0,2,1,1,1,1,1,0,0,0,0,0,0,0,0,0,0
3320344484,0,0,574755,0,1,0,0,4,4,0,1,0,0,0,1,0,0,0,0,0,2,1,1,1,1,1,0,0,0,0,0,0,0,0,0,0
3320855426,0,0,574755,0,1,0,0,4,4,0,1,0,0,0,1,0,0,0,0,0,2,1,1,1,1,1,0,0,0,0,0,0,0,0,0,0
3321365666,0,0,574755,0,1,0,0,4,4,0,1,0,0,0,1,0,0,0,0,0,2,1,1,1,1,1,0,0,0,0,0,0,0,0,0,0
3321876442,0,0,574755,0,1,0,0,4,4,0,1,0,0,0,1,0,0,0,0,0,2,1,1,1,1,1,0,0,0,0,0,0,0,0,0,0
3322387991,0,0,574755,0,1,0,0,4,4,0,1,0,0,0,1,0,0,0,0,0,2,1,1,1,1,1,0,0,0,0,0,0,0,0,0,0
3322898611,0,0,574755,0,1,0,0,4,4,0,1,0,0,0,1,0,0,0,0,0,2,1,1,1,1,1,0,0,0,0,0,0,0,0,0,0
3323408305,0,0,574755,0,1,0,0,4,4,0,1,0,0,0,1,0,0,0,0,0,2,1,1,1,1,1,0,0,0,0,0,0,0,0,0,0
3323919419,0,0,574755,0,1,0,0,4,4,0,1,0,0,0,1,0,0,0,0,0,2,1,1,1,1,1,0,0,0,0,0,0,0,0,0,0
3324430574,0,0,574755,0,1,0,0,4,4,0,1,0,0,0,1,0,0,0,0,0,2,1,1,1,1,1,0,0,0,0,0,0,0,0,0,0
3324940280,0,0,574755,0,1,0,0,4,4,0,1,0,0,0,1,0,0,0,0,0,2,1,1,1,1,1,0,0,0,0,0,0,0,0,0,0
3325440425,0,0,574755,0,1,0,0,4,4,0,1,0,0,0,1,0,0,0,0,0,2,1,1,1,1,1,0,0,0,0,0,0,0,0,0,0
3325951326,0,0,574755,0,1,0,0,4,4,0,1,0,0,0,1,0,0,0,0,0,2,1,1,1,1,1,0,0,0,0,0,0,0,0,0,0
3326461283,0,0,574755,0,1,0,0,4,4,0,1,0,0,0,1,0,0,0,0,0,2,1,1,1,1,1,0,0,0,0,0,0,0,0,0,0
3326971280,0,0,574755,0,1,0,0,4,4,0,1,0,0,0,1,0,0,0,0,0,2,1,1,1,1,1,0,0,0,0,0,0,0,0,0,0
3327474219,0,0,574755,0,1,0,0,4,4,0,1,0,0,0,1,0,0,0,0,0,2,1,1,1,1,1,0,0,0,0,0,0,0,0,0,0
3327984493,0,0,574755,0,1,0,0,4,4,0,1,0,0,0,1,0,0,0,0,0,2,1,1,1,1,1,0,0,0,0,0,0,0,0,0,0
3328485394,0,0,574755,0,1,0,0,4,4,0,1,0,0,0,1,0,0,0,0,0,2,1,1,1,1,1,0,0,0,0,0,0,0,0,0,0
3328996356,0,0,574755,0,1,0,0,4,4,0,1,0,0,0,1,0,0,0,0,0,2,1,1,1,1,1,0,0,0,0,0,0,0,0,0,0
3329506476,0,0,574755,0,1,0,0,4,4,0,1,0,0,0,1,0,0,0,0,0,2,1,1,1,1,1,0,0,0,0,0,0,0,0,0,0
3330016280,0,0,574755,0,1,0,0,4,4,0,1,0,0,0,1,0,0,0,0,0,2,1,1,1,1,1,0,0,0,0,0,0,0,0,0,0
3330526279,0,0,574755,0,1,0,0,4,4,0,1,0,0,0,1,0,0,0,0,0,2,1,1,1,1,1,0,0,0,0,0,0,0,0,0,0
3331026832,0,0,574755,0,1,0,0,4,4,0,1,0,0,0,1,0,0,0,0,0,2,1,1,1,1,1,0,0,0,0,0,0,0,0,0,0
3331537323,0,0,574755,0,1,0,0,4,4,0,1,0,0,0,1,0,0,0,0,0,2,1,1,1,1,1,0,0,0,0,0,0,0,0,0,0
3332047281,0,0,574755,0,1,0,0,4,4,0,1,0,0,0,1,0,0,0,0,0,2,1,1,1,1,1,0,0,0,0,0,0,0,0,0,0
3332559413,0,0,574755,0,1,0,0,4,4,0,1,0,0,0,1,0,0,0,0,0,2,1,1,1,1,1,0,0,0,0,0,0,0,0,0,0
3333069443,0,0,574755,0,1,0,0,4,4,0,1,0,0,0,1,0,0,0,0,0,2,1,1,1,1,1,0,0,0,0,0,0,0,0,0,0
3333580323,0,0,574755,0,1,0,0,4,4,0,1,0,0,0,1,0,0,0,0,0,2,1,1,1,1,1,0,0,0,0,0,0,0,0,0,0
3334090282,0,0,574755,0,1,0,0,4,4,0,1,0,0,0,1,0,0,0,0,0,2,1,1,1,1,1,0,0,0,0,0,0,0,0,0,0
3334590726,0,0,574755,0,1,0,0,4,4,0,1,0,0,0,1,0,0,0,0,0,2,1,1,1,1,1,0,0,0,0,0,0,0,0,0,0
3335100391,0,0,574755,0,1,0,0,4,4,0,1,0,0,0,1,0,0,0,0,0,2,1,1,1,1,1,0,0,0,0,0,0,0,0,0,0
3335602324,0,0,574755,0,1,0,0,4,4,0,1,0,0,0,1,0,0,0,0,0,2,1,1,1,1,1,0,0,0,0,0,0,0,0,0,0
3336112284,0,0,574755,0,1,0,0,4,4,0,1,0,0,0,1,0,0,0,0,0,2,1,1,1,1,1,0,0,0,0,0,0,0,0,0,0
3336624207,0,0,574755,0,1,0,0,4,4,0,1,0,0,0,1,0,0,0,0,0,2,1,1,1,1,1,0,0,0,0,0,0,0,0,0,0
3337135207,0,0,574755,0,1,0,0,4,4,0,1,0,0,0,1,0,0,0,0,0,2,1,1,1,1,1,0,0,0,0,0,0,0,0,0,0
3337645422,0,0,574755,0,1,0,0,4,4,0,1,0,0,0,1,0,0,0,0,0,2,1,1,1,1,1,0,0,0,0,0,0,0,0,0,0
3338146282,0,0,574755,0,1,0,0,4,4,0,1,0,0,0,1,0,0,0,0,0,2,1,1,1,1,1,0,0,0,0,0,0,0,0,0,0
3338657160,0,0,574755,0,1,0,0,4,4,0,1,0,0,0,1,0,0,0,0,0,2,1,1,1,1,1,0,0,0,0,0,0,0,0,0,0
3339166434,0,0,574755,0,1,0,0,4,4,0,1,0,0,0,1,0,0,0,0,0,2,1,1,1,1,1,0,0,0,0,0,0,0,0,0,0
3339677282,0,0,574755,0,1,0,0,4,4,0,1,0,0,0,1,0,0,0,0,0,2,1,1,1,1,1,0,0,0,0,0,0,0,0,0,0
3340187533,0,0,574755,0,1,0,0,4,4,0,1,0,0,0,1,0,0,0,0,0,2,1,1,1,1,1,0,0,0,0,0,0,0,0,0,0
3340698325,0,0,574755,0,1,0,0,4,4,0,1,0,0,0,1,0,0,0,0,0,2,1,1,1,1,1,0,0,0,0,0,0,0,0,0,0
3341209960,0,0,574755,0,1,0,0,4,4,0,1,0,0,0,1,0,0,0,0,0,2,1,1,1,1,1,0,0,0,0,0,0,0,0,0,0
3341720385,0,0,574755,0,1,0,0,4,4,0,1,0,0,0,1,0,0,0,0,0,2,1,1,1,1,1,0,0,0,0,0,0,0,0,0,0
3342230538,0,0,574755,0,1,0,0,4,4,0,1,0,0,0,1,0,0,0,0,0,2,1,1,1,1,1,0,0,0,0,0,0,0,0,0,0
3342741337,0,0,574755,0,1,0,0,4,4,0,1,0,0,0,1,0,0,0,0,0,2,1,1,1,1,1,0,0,0,0,0,0,0,0,0,0
3343251279,0,0,574755,0,1,0,0,4,4,0,1,0,0,0,1,0,0,0,0,0,2,1,1,1,1,1,0,0,0,0,0,0,0,0,0,0
3343762281,0,0,574755,0,1,0,0,4,4,0,1,0,0,0,1,0,0,0,0,0,2,1,1,1,1,1,0,0,0,0,0,0,0,0,0,0
3344272382,0,0,574755,0,1,0,0,4,4,0,1,0,0,0,1,0,0,0,0,0,2,1,1,1,1,1,0,0,0,0,0,0,0,0,0,0
3344783374,0,0,574755,0,1,0,0,4,4,0,1,0,0,0,1,0,0,0,0,0,2,1,1,1,1,1,0,0,0,0,0,0,0,0,0,0
3345286021,0,0,574755,0,1,0,0,4,4,0,1,0,0,0,1,0,0,0,0,0,2,1,1,1,1,1,0,0,0,0,0,0,0,0,0,0
3345796486,0,0,574755,0,1,0,0,4,4,0,1,0,0,0,1,0,0,0,0,0,2,1,1,1,1,1,0,0,0,0,0,0,0,0,0,0
3346306798,0,0,574755,0,1,0,0,4,4,0,1,0,0,0,1,0,0,0,0,0,2,1,1,1,1,1,0,0,0,0,0,0,0,0,0,0
3346817317,0,0,574755,0,1,0,0,4,4,0,1,0,0,0,1,0,0,0,0,0,2,1,1,1,1,1,0,0,0,0,0,0,0,0,0,0
3347327281,0,0,574755,0,1,0,0,4,4,0,1,0,0,0,1,0,0,0,0,0,2,1,1,1,1,1,0,0,0,0,0,0,0,0,0,0
3347838296,0,0,574755,0,1,0,0,4,4,0,1,0,0,0,1,0,0,0,0,0,2,1,1,1,1,1,0,0,0,0,0,0,0,0,0,0
3348348328,0,0,574755,0,1,0,0,4,4,0,1,0,0,0,1,0,0,0,0,0,2,1,1,1,1,1,0,0,0,0,0,0,0,0,0,0
3348859459,0,0,574755,0,1,0,0,4,4,0,1,0,0,0,1,0,0,0,0,0,2,1,1,1,1,1,0,0,0,0,0,0,0,0,0,0
3349369002,0,0,574755,0,1,0,0,4,4,0,1,0,0,0,1,0,0,0,0,0,2,1,1,1,1,1,0,0,0,0,0,0,0,0,0,0
3349879393,0,0,574755,0,1,0,0,4,4,0,1,0,0,0,1,0,0,0,0,0,2,1,1,1,1,1,0,0,0,0,0,0,0,0,0,0
3350389279,0,0,574755,0,1,0,0,4,4,0,1,0,0,0,1,0,0,0,0,0,2,1,1,1,1,1,0,0,0,0,0,0,0,0,0,0
3350890328,0,0,574755,0,1,0,0,4,4,0,1,0,0,0,1,0,0,0,0,0,2,1,1,1,1,1,0,0,0,0,0,0,0,0,0,0
3351401130,0,0,574755,0,1,0,0,4,4,0,1,0,0,0,1,0,0,0,0,0,2,1,1,1,1,1,0,0,0,0,0,0,0,0,0,0
3351911466,0,0,574755,0,1,0,0,4,4,0,1,0,0,0,1,0,0,0,0,0,2,1,1,1,1,1,0,0,0,0,0,0,0,0,0,0
3352421285,0,0,574755,0,1,0,0,4,4,0,1,0,0,0,1,0,0,0,0,0,2,1,1,1,1,1,0,0,0,0,0,0,0,0,0,0
3352921423,0,0,574755,0,1,0,0,4,4,0,1,0,0,0,1,0,0,0,0,0,2,1,1,1,1,1,0,0,0,0,0,0,0,0,0,0
3353431323,0,0,574755,0,1,0,0,4,4,0,1,0,0,0,1,0,0,0,0,0,2,1,1,1,1,1,0,0,0,0,0,0,0,0,0,0
3353942321,0,0,574755,0,1,0,0,4,4,0,1,0,0,0,1,0,0,0,0,0,2,1,1,1,1,1,0,0,0,0,0,0,0,0,0,0
3354442431,0,0,574755,0,1,0,0,4,4,0,1,0,0,0,1,0,0,0,0,0,2,1,1,1,1,1,0,0,0,0,0,0,0,0,0,0
3354952283,0,0,574755,0,1,0,0,4,4,0,1,0,0,0,1,0,0,0,0,0,2,1,1,1,1,1,0,0,0,0,0,0,0,0,0,0
3355452849,0,0,574755,0,1,0,0,4,4,0,1,0,0,0,1,0,0,0,0,0,2,1,1,1,1,1,0,0,0,0,0,0,0,0,0,0
3355962462,0,0,574755,0,1,0,0,4,4,0,1,0,0,0,1,0,0,0,0,0,2,1,1,1,1,1,0,0,0,0,0,0,0,0,0,0
3356473280,0,0,574755,0,1,0,0,4,4,0,1,0,0,0,1,0,0,0,0,0,2,1,1,1,1,1,0,0,0,0,0,0,0,0,0,0
3356983304,0,0,574755,0,1,0,0,4,4,0,1,0,0,0,1,0,0,0,0,0,2,1,1,1,1,1,0,0,0,0,0,0,0,0,0,0
3357484074,0,0,574755,0,1,0,0,4,4,0,1,0,0,0,1,0,0,0,0,0,2,1,1,1,1,1,0,0,0,0,0,0,0,0,0,0
3357994524,0,0,574755,0,1,0,0,4,4,0,1,0,0,0,1,0,0,0,0,0,2,1,1,1,1,1,0,0,0,0,0,0,0,0,0,0
3358505616,0,0,574755,0,1,0,0,4,4,0,1,0,0,0,1,0,0,0,0,0,2,1,1,1,1,1,0,0,0,0,0,0,0,0,0,0
3359015552,0,0,574755,0,1,0,0,4,4,0,1,0,0,0,1,0,0,0,0,0,2,1,1,1,1,1,0,0,0,0,0,0,0,0,0,0
3359524567,0,0,574755,0,1,0,0,4,4,0,1,0,0,0,1,0,0,0,0,0,2,1,1,1,1,1,0,0,0,0,0,0,0,0,0,0
3360035928,0,0,574755,0,1,0,0,4,4,0,1,0,0,0,1,0,0,0,0,0,2,1,1,1,1,1,0,0,0,0,0,0,0,0,0,0
3360546421,0,0,574755,0,1,0,0,4,4,0,1,0,0,0,1,0,0,0,0,0,2,1,1,1,1,1,0,0,0,0,0,0,0,0,0,0
3361056280,0,0,574755,0,1,0,0,4,4,0,1,0,0,0,1,0,0,0,0,0,2,1,1,1,1,1,0,0,0,0,0,0,0,0,0,0
3361566781,0,0,574755,0,1,0,0,4,4,0,1,0,0,0,1,0,0,0,0,0,2,1,1,1,1,1,0,0,0,0,0,0,0,0,0,0
3362077439,0,0,574755,0,1,0,0,4,4,0,1,0,0,0,1,0,0,0,0,0,2,1,1,1,1,1,0,0,0,0,0,0,0,0,0,0
3362587282,0,0,574755,0,1,0,0,4,4,0,1,0,0,0,1,0,0,0,0,0,2,1,1,1,1,1,0,0,0,0,0,0,0,0,0,0
3363099590,0,0,574755,0,1,0,0,4,4,0,1,0,0,0,1,0,0,0,0,0,2,1,1,1,1,1,0,0,0,0,0,0,0,0,0,0
3363610312,0,0,574755,0,1,0,0,4,4,0,1,0,0,0,1,0,0,0,0,0,2,1,1,1,1,1,0,0,0,0,0,0,0,0,0,0
3364120297,0,0,574755,0,1,0,0,4,4,0,1,0,0,0,1,0,0,0,0,0,2,1,1,1,1,1,0,0,0,0,0,0,0,0,0,0
3364631490,0,0,574755,0,1,0,0,4,4,0,1,0,0,0,1,0,0,0,0,0,2,1,1,1,1,1,0,0,0,0,0,0,0,0,0,0
3365141279,0,0,574755,0,1,0,0,4,4,0,1,0,0,0,1,0,0,0,0,0,2,1,1,1,1,1,0,0,0,0,0,0,0,0,0,0
3365652315,0,0,574755,0,1,0,0,4,4,0,1,0,0,0,1,0,0,0,0,0,2,1,1,1,1,1,0,0,0,0,0,0,0,0,0,0
3366162573,0,0,574755,0,1,0,0,4,4,0,1,0,0,0,1,0,0,0,0,0,2,1,1,1,1,1,0,0,0,0,0,0,0,0,0,0
3366673280,0,0,574755,0,1,0,0,4,4,0,1,0,0,0,1,0,0,0,0,0,2,1,1,1,1,1,0,0,0,0,0,0,0,0,0,0
3367183382,0,0,574755,0,1,0,0,4,4,0,1,0,0,0,1,0,0,0,0,0,2,1,1,1,1,1,0,0,0,0,0,0,0,0,0,0
3367694909,0,0,574755,0,1,0,0,4,4,0,1,0,0,0,1,0,0,0,0,0,2,1,1,1,1,1,0,0,0,0,0,0,0,0,0,0
3368205530,0,0,574755,0,1,0,0,4,4,0,1,0,0,0,1,0,0,0,0,0,2,1,1,1,1,1,0,0,0,0,0,0,0,0,0,0
3368715394,0,0,574755,0,1,0,0,4,4,0,1,0,0,0,1,0,0,0,0,0,2,1,1,1,1,1,0,0,0,0,0,0,0,0,0,0
3369215513,0,0,574755,0,1,0,0,4,4,0,1,0,0,0,1,0,0,0,0,0,2,1,1,1,1,1,0,0,0,0,0,0,0,0,0,0
3369724279,0,0,574755,0,1,0,0,4,4,0,1,0,0,0,1,0,0,0,0,0,2,1,1,1,1,1,0,0,0,0,0,0,0,0,0,0
3370235526,0,0,574755,0,1,0,0,4,4,0,1,0,0,0,1,0,0,0,0,0,2,1,1,1,1,1,0,0,0,0,0,0,0,0,0,0
3370735621,0,0,574755,0,1,0,0,4,4,0,1,0,0,0,1,0,0,0,0,0,2,1,1,1,1,1,0,0,0,0,0,0,0,0,0,0
3371245392,0,0,574755,0,1,0,0,4,4,0,1,0,0,0,1,0,0,0,0,0,2,1,1,1,1,1,0,0,0,0,0,0,0,0,0,0
3371755870,0,0,574755,0,1,0,0,4,4,0,1,0,0,0,1,0,0,0,0,0,2,1,1,1,1,1,0,0,0,0,0,0,0,0,0,0
3372266358,0,0,574755,0,1,0,0,4,4,0,1,0,0,0,1,0,0,0,0,0,2,1,1,1,1,1,0,0,0,0,0,0,0,0,0,0
3372777323,0,0,574755,0,1,0,0,4,4,0,1,0,0,0,1,0,0,0,0,0,2,1,1,1,1,1,0,0,0,0,0,0,0,0,0,0
3373287286,0,0,574755,0,1,0,0,4,4,0,1,0,0,0,1,0,0,0,0,0,2,1,1,1,1,1,0,0,0,0,0,0,0,0,0,0
3373798969,0,0,574755,0,1,0,0,4,4,0,1,0,0,0,1,0,0,0,0,0,2,1,1,1,1,1,0,0,0,0,0,0,0,0,0,0
3374309466,0,0,574755,0,1,0,0,4,4,0,1,0,0,0,1,0,0,0,0,0,2,1,1,1,1,1,0,0,0,0,0,0,0,0,0,0
3374819964,0,0,574755,0,1,0,0,4,4,0,1,0,0,0,1,0,0,0,0,0,2,1,1,1,1,1,0,0,0,0,0,0,0,0,0,0
3375330302,0,0,574755,0,1,0,0,4,4,0,1,0,0,0,1,0,0,0,0,0,2,1,1,1,1,1,0,0,0,0,0,0,0,0,0,0
3375830520,0,0,574755,0,1,0,0,4,4,0,1,0,0,0,1,0,0,0,0,0,2,1,1,1,1,1,0,0,0,0,0,0,0,0,0,0
3376340281,0,0,574755,0,1,0,0,4,4,0,1,0,0,0,1,0,0,0,0,0,2,1,1,1,1,1,0,0,0,0,0,0,0,0,0,0
3376842300,0,0,574755,0,1,0,0,4,4,0,1,0,0,0,1,0,0,0,0,0,2,1,1,1,1,1,0,0,0,0,0,0,0,0,0,0
3377352841,0,0,574755,0,1,0,0,4,4,0,1,0,0,0,1,0,0,0,0,0,2,1,1,1,1,1,0,0,0,0,0,0,0,0,0,0
3377863887,0,0,574755,0,1,0,0,4,4,0,1,0,0,0,1,0,0,0,0,0,2,1,1,1,1,1,0,0,0,0,0,0,0,0,0,0
3378374656,0,0,574755,0,1,0,0,4,4,0,1,0,0,0,1,0,0,0,0,0,2,1,1,1,1,1,0,0,0,0,0,0,0,0,0,0
3378884382,0,0,574755,0,1,0,0,4,4,0,1,0,0,0,1,0,0,0,0,0,2,1,1,1,1,1,0,0,0,0,0,0,0,0,0,0
3379384459,0,0,574755,0,1,0,0,4,4,0,1,0,0,0,1,0,0,0,0,0,2,1,1,1,1,1,0,0,0,0,0,0,0,0,0,0
3379885687,0,0,574755,0,1,0,0,4,4,0,1,0,0,0,1,0,0,0,0,0,2,1,1,1,1,1,0,0,0,0,0,0,0,0,0,0
3380395421,0,0,574755,0,1,0,0,4,4,0,1,0,0,0,1,0,0,0,0,0,2,1,1,1,1,1,0,0,0,0,0,0,0,0,0,0
3380895595,0,0,574755,0,1,0,0,4,4,0,1,0,0,0,1,0,0,0,0,0,2,1,1,1,1,1,0,0,0,0,0,0,0,0,0,0
3381405419,0,0,574755,0,1,0,0,4,4,0,1,0,0,0,1,0,0,0,0,0,2,1,1,1,1,1,0,0,0,0,0,0,0,0,0,0
3381907283,0,0,574755,0,1,0,0,4,4,0,1,0,0,0,1,0,0,0,0,0,2,1,1,1,1,1,0,0,0,0,0,0,0,0,0,0
3382417377,0,0,574755,0,1,0,0,4,4,0,1,0,0,0,1,0,0,0,0,0,2,1,1,1,1,1,0,0,0,0,0,0,0,0,0,0
3382929036,0,0,574755,0,1,0,0,4,4,0,1,0,0,0,1,0,0,0,0,0,2,1,1,1,1,1,0,0,0,0,0,0,0,0,0,0
3383439406,0,0,574755,0,1,0,0,4,4,0,1,0,0,0,1,0,0,0,0,0,2,1,1,1,1,1,0,0,0,0,0,0,0,0,0,0
3383949303,0,0,574755,0,1,0,0,4,4,0,1,0,0,0,1,0,0,0,0,0,2,1,1,1,1,1,0,0,0,0,0,0,0,0,0,0
3384460362,0,0,574755,0,1,0,0,4,4,0,1,0,0,0,1,0,0,0,0,0,2,1,1,1,1,1,0,0,0,0,0,0,0,0,0,0
3384971489,0,0,574755,0,1,0,0,4,4,0,1,0,0,0,1,0,0,0,0,0,2,1,1,1,1,1,0,0,0,0,0,0,0,0,0,0
3385481282,0,0,574755,0,1,0,0,4,4,0,1,0,0,0,1,0,0,0,0,0,2,1,1,1,1,1,0,0,0,0,0,0,0,0,0,0
3385981352,0,0,574755,0,1,0,0,4,4,0,1,0,0,0,1,0,0,0,0,0,2,1,1,1,1,1,0,0,0,0,0,0,0,0,0,0
3386491280,0,0,574755,0,1,0,0,4,4,0,1,0,0,0,1,0,0,0,0,0,2,1,1,1,1,1,0,0,0,0,0,0,0,0,0,0
3387001282,0,0,574755,0,1,0,0,4,4,0,1,0,0,0,1,0,0,0,0,0,2,1,1,1,1,1,0,0,0,0,0,0,0,0,0,0
3387501340,0,0,574755,0,1,0,0,4,4,0,1,0,0,0,1,0,0,0,0,0,2,1,1,1,1,1,0,0,0,0,0,0,0,0,0,0
3388012536,0,0,574755,0,1,0,0,4,4,0,1,0,0,0,1,0,0,0,0,0,2,1,1,1,1,1,0,0,0,0,0,0,0,0,0,0
3388522281,0,0,574755,0,1,0,0,4,4,0,1,0,0,0,1,0,0,0,0,0,2,1,1,1,1,1,0,0,0,0,0,0,0,0,0,0
3389022851,0,0,574755,0,1,0,0,4,4,0,1,0,0,0,1,0,0,0,0,0,2,1,1,1,1,1,0,0,0,0,0,0,0,0,0,0
3389533463,0,0,574755,0,1,0,0,4,4,0,1,0,0,0,1,0,0,0,0,0,2,1,1,1,1,1,0,0,0,0,0,0,0,0,0,0
3390043050,0,0,574755,0,1,0,0,4,4,0,1,0,0,0,1,0,0,0,0,0,2,1,1,1,1,1,0,0,0,0,0,0,0,0,0,0
3390553409,0,0,574755,0,1,0,0,4,4,0,1,0,0,0,1,0,0,0,0,0,2,1,1,1,1,1,0,0,0,0,0,0,0,0,0,0
3391063977,0,0,574755,0,1,0,0,4,4,0,1,0,0,0,1,0,0,0,0,0,2,1,1,1,1,1,0,0,0,0,0,0,0,0,0,0
3391574894,0,0,574755,0,1,0,0,4,4,0,1,0,0,0,1,0,0,0,0,0,2,1,1,1,1,1,0,0,0,0,0,0,0,0,0,0
3392084523,0,0,574755,0,1,0,0,4,4,0,1,0,0,0,1,0,0,0,0,0,2,1,1,1,1,1,0,0,0,0,0,0,0,0,0,0
3392595434,0,0,574755,0,1,0,0,4,4,0,1,0,0,0,1,0,0,0,0,0,2,1,1,1,1,1,0,0,0,0,0,0,0,0,0,0
3393105602,0,0,574755,0,1,0,0,4,4,0,1,0,0,0,1,0,0,0,0,0,2,1,1,1,1,1,0,0,0,0,0,0,0,0,0,0
3393616280,0,0,574755,0,1,0,0,4,4,0,1,0,0,0,1,0,0,0,0,0,2,1,1,1,1,1,0,0,0,0,0,0,0,0,0,0
3394127858,0,0,574755,0,1,0,0,4,4,0,1,0,0,0,1,0,0,0,0,0,2,1,1,1,1,1,0,0,0,0,0,0,0,0,0,0
3394638353,0,0,574755,0,1,0,0,4,4,0,1,0,0,0,1,0,0,0,0,0,2,1,1,1,1,1,0,0,0,0,0,0,0,0,0,0
3395139280,0,0,574755,0,1,0,0,4,4,0,1,0,0,0,1,0,0,0,0,0,2,1,1,1,1,1,0,0,0,0,0,0,0,0,0,0
3395639367,0,0,574755,0,1,0,0,4,4,0,1,0,0,0,1,0,0,0,0,0,2,1,1,1,1,1,0,0,0,0,0,0,0,0,0,0
3396150354,0,0,574755,0,1,0,0,4,4,0,1,0,0,0,1,0,0,0,0,0,2,1,1,1,1,1,0,0,0,0,0,0,0,0,0,0
3396660848,0,0,574755,0,1,0,0,4,4,0,1,0,0,0,1,0,0,0,0,0,2,1,1,1,1,1,0,0,0,0,0,0,0,0,0,0
3397171405,0,0,574755,0,1,0,0,4,4,0,1,0,0,0,1,0,0,0,0,0,2,1,1,1,1,1,0,0,0,0,0,0,0,0,0,0
3397682376,0,0,574755,0,1,0,0,4,4,0,1,0,0,0,1,0,0,0,0,0,2,1,1,1,1,1,0,0,0,0,0,0,0,0,0,0
3398195218,0,0,574755,0,1,0,0,4,4,0,1,0,0,0,1,0,0,0,0,0,2,1,1,1,1,1,0,0,0,0,0,0,0,0,0,0
3398705452,0,0,574755,0,1,0,0,4,4,0,1,0,0,0,1,0,0,0,0,0,2,1,1,1,1,1,0,0,0,0,0,0,0,0,0,0
3399215761,0,0,574755,0,1,0,0,4,4,0,1,0,0,0,1,0,0,0,0,0,2,1,1,1,1,1,0,0,0,0,0,0,0,0,0,0
3399727314,0,0,574755,0,1,0,0,4,4,0,1,0,0,0,1,0,0,0,0,0,2,1,1,1,1,1,0,0,0,0,0,0,0,0,0,0
3400237454,0,0,574755,0,1,0,0,4,4,0,1,0,0,0,1,0,0,0,0,0,2,1,1,1,1,1,0,0,0,0,0,0,0,0,0,0
3400748280,0,0,574755,0,1,0,0,4,4,0,1,0,0,0,1,0,0,0,0,0,2,1,1,1,1,1,0,0,0,0,0,0,0,0,0,0
3401258344,0,0,574755,0,1,0,0,4,4,0,1,0,0,0,1,0,0,0,0,0,2,1,1,1,1,1,0,0,0,0,0,0,0,0,0,0
3401758386,0,0,574755,0,1,0,0,4,4,0,1,0,0,0,1,0,0,0,0,0,2,1,1,1,1,1,0,0,0,0,0,0,0,0,0,0
3402268439,0,0,574755,0,1,0,0,4,4,0,1,0,0,0,1,0,0,0,0,0,2,1,1,1,1,1,0,0,0,0,0,0,0,0,0,0
3402769680,0,0,574755,0,1,0,0,4,4,0,1,0,0,0,1,0,0,0,0,0,2,1,1,1,1,1,0,0,0,0,0,0,0,0,0,0
3403280281,0,0,574755,0,1,0,0,4,4,0,1,0,0,0,1,0,0,0,0,0,2,1,1,1,1,1,0,0,0,0,0,0,0,0,0,0
3403790351,0,0,574755,0,1,0,0,4,4,0,1,0,0,0,1,0,0,0,0,0,2,1,1,1,1,1,0,0,0,0,0,0,0,0,0,0
3404300307,0,0,574755,0,1,0,0,4,4,0,1,0,0,0,1,0,0,0,0,0,2,1,1,1,1,1,0,0,0,0,0,0,0,0,0,0
3404811280,0,0,574755,0,1,0,0,4,4,0,1,0,0,0,1,0,0,0,0,0,2,1,1,1,1,1,0,0,0,0,0,0,0,0,0,0
3405311309,0,0,574755,0,1,0,0,4,4,0,1,0,0,0,1,0,0,0,0,0,2,1,1,1,1,1,0,0,0,0,0,0,0,0,0,0
3405821305,0,0,574755,0,1,0,0,4,4,0,1,0,0,0,1,0,0,0,0,0,2,1,1,1,1,1,0,0,0,0,0,0,0,0,0,0
3406322601,0,0,574755,0,1,0,0,4,4,0,1,0,0,0,1,0,0,0,0,0,2,1,1,1,1,1,0,0,0,0,0,0,0,0,0,0
3406823281,0,0,574755,0,1,0,0,4,4,0,1,0,0,0,1,0,0,0,0,0,2,1,1,1,1,1,0,0,0,0,0,0,0,0,0,0
3407335910,0,0,574755,0,1,0,0,4,4,0,1,0,0,0,1,0,0,0,0,0,2,1,1,1,1,1,0,0,0,0,0,0,0,0,0,0
3407846280,0,0,574755,0,1,0,0,4,4,0,1,0,0,0,1,0,0,0,0,0,2,1,1,1,1,1,0,0,0,0,0,0,0,0,0,0
3408356712,0,0,574755,0,1,0,0,4,4,0,1,0,0,0,1,0,0,0,0,0,2,1,1,1,1,1,0,0,0,0,0,0,0,0,0,0
3408867891,0,0,574755,0,1,0,0,4,4,0,1,0,0,0,1,0,0,0,0,0,2,1,1,1,1,1,0,0,0,0,0,0,0,0,0,0
3409377280,0,0,574755,0,1,0,0,4,4,0,1,0,0,0,1,0,0,0,0,0,2,1,1,1,1,1,0,0,0,0,0,0,0,0,0,0
3409878284,0,0,574755,0,1,0,0,4,4,0,1,0,0,0,1,0,0,0,0,0,2,1,1,1,1,1,0,0,0,0,0,0,0,0,0,0
3410388450,0,0,574755,0,1,0,0,4,4,0,1,0,0,0,1,0,0,0,0,0,2,1,1,1,1,1,0,0,0,0,0,0,0,0,0,0
3410899284,0,0,574755,0,1,0,0,4,4,0,1,0,0,0,1,0,0,0,0,0,2,1,1,1,1,1,0,0,0,0,0,0,0,0,0,0
3411409281,0,0,574755,0,1,0,0,4,4,0,1,0,0,0,1,0,0,0,0,0,2,1,1,1,1,1,0,0,0,0,0,0,0,0,0,0
3411912280,0,0,574755,0,1,0,0,4,4,0,1,0,0,0,1,0,0,0,0,0,2,1,1,1,1,1,0,0,0,0,0,0,0,0,0,0
3412422297,0,0,574755,0,1,0,0,4,4,0,1,0,0,0,1,0,0,0,0,0,2,1,1,1,1,1,0,0,0,0,0,0,0,0,0,0
3412934030,0,0,574755,0,1,0,0,4,4,0,1,0,0,0,1,0,0,0,0,0,2,1,1,1,1,1,0,0,0,0,0,0,0,0,0,0
3413443327,0,0,574755,0,1,0,0,4,4,0,1,0,0,0,1,0,0,0,0,0,2,1,1,1,1,1,0,0,0,0,0,0,0,0,0,0
3413954314,0,0,574755,0,1,0,0,4,4,0,1,0,0,0,1,0,0,0,0,0,2,1,1,1,1,1,0,0,0,0,0,0,0,0,0,0
3414464394,0,0,574755,0,1,0,0,4,4,0,1,0,0,0,1,0,0,0,0,0,2,1,1,1,1,1,0,0,0,0,0,0,0,0,0,0
3414965455,0,0,574755,0,1,0,0,4,4,0,1,0,0,0,1,0,0,0,0,0,2,1,1,1,1,1,0,0,0,0,0,0,0,0,0,0
3415477767,0,0,574755,0,1,0,0,4,4,0,1,0,0,0,1,0,0,0,0,0,2,1,1,1,1,1,0,0,0,0,0,0,0,0,0,0
3415979648,0,0,574755,0,1,0,0,4,4,0,1,0,0,0,1,0,0,0,0,0,2,1,1,1,1,1,0,0,0,0,0,0,0,0,0,0
3416489321,0,0,574755,0,1,0,0,4,4,0,1,0,0,0,1,0,0,0,0,0,2,1,1,1,1,1,0,0,0,0,0,0,0,0,0,0
3416989635,0,0,574755,0,1,0,0,4,4,0,1,0,0,0,1,0,0,0,0,0,2,1,1,1,1,1,0,0,0,0,0,0,0,0,0,0
3417500307,0,0,574755,0,1,0,0,4,4,0,1,0,0,0,1,0,0,0,0,0,2,1,1,1,1,1,0,0,0,0,0,0,0,0,0,0
3418010280,0,0,574755,0,1,0,0,4,4,0,1,0,0,0,1,0,0,0,0,0,2,1,1,1,1,1,0,0,0,0,0,0,0,0,0,0
3418510366,0,0,574755,0,1,0,0,4,4,0,1,0,0,0,1,0,0,0,0,0,2,1,1,1,1,1,0,0,0,0,0,0,0,0,0,0
3419020395,0,0,574755,0,1,0,0,4,4,0,1,0,0,0,1,0,0,0,0,0,2,1,1,1,1,1,0,0,0,0,0,0,0,0,0,0
3419530505,0,0,574755,0,1,0,0,4,4,0,1,0,0,0,1,0,0,0,0,0,2,1,1,1,1,1,0,0,0,0,0,0,0,0,0,0
3420032476,0,0,574755,0,1,0,0,4,4,0,1,0,0,0,1,0,0,0,0,0,2,1,1,1,1,1,0,0,0,0,0,0,0,0,0,0
3420542591,0,0,574755,0,1,0,0,4,4,0,1,0,0,0,1,0,0,0,0,0,2,1,1,1,1,1,0,0,0,0,0,0,0,0,0,0
3421053323,0,0,574755,0,1,0,0,4,4,0,1,0,0,0,1,0,0,0,0,0,2,1,1,1,1,1,0,0,0,0,0,0,0,0,0,0
3421563468,0,0,574755,0,1,0,0,4,4,0,1,0,0,0,1,0,0,0,0,0,2,1,1,1,1,1,0,0,0,0,0,0,0,0,0,0
3422065542,0,0,574755,0,1,0,0,4,4,0,1,0,0,0,1,0,0,0,0,0,2,1,1,1,1,1,0,0,0,0,0,0,0,0,0,0
3422575649,0,0,574755,0,1,0,0,4,4,0,1,0,0,0,1,0,0,0,0,0,2,1,1,1,1,1,0,0,0,0,0,0,0,0,0,0
3423086311,0,0,574755,0,1,0,0,4,4,0,1,0,0,0,1,0,0,0,0,0,2,1,1,1,1,1,0,0,0,0,0,0,0,0,0,0
3423596504,0,0,574755,0,1,0,0,4,4,0,1,0,0,0,1,0,0,0,0,0,2,1,1,1,1,1,0,0,0,0,0,0,0,0,0,0
3424106323,0,0,574755,0,1,0,0,4,4,0,1,0,0,0,1,0,0,0,0,0,2,1,1,1,1,1,0,0,0,0,0,0,0,0,0,0
3424606371,0,0,574755,0,1,0,0,4,4,0,1,0,0,0,1,0,0,0,0,0,2,1,1,1,1,1,0,0,0,0,0,0,0,0,0,0
3425106980,0,0,574755,0,1,0,0,4,4,0,1,0,0,0,1,0,0,0,0,0,2,1,1,1,1,1,0,0,0,0,0,0,0,0,0,0
3425617602,0,0,574755,0,1,0,0,4,4,0,1,0,0,0,1,0,0,0,0,0,2,1,1,1,1,1,0,0,0,0,0,0,0,0,0,0
3426128279,0,0,574755,0,1,0,0,4,4,0,1,0,0,0,1,0,0,0,0,0,2,1,1,1,1,1,0,0,0,0,0,0,0,0,0,0
3426638857,0,0,574755,0,1,0,0,4,4,0,1,0,0,0,1,0,0,0,0,0,2,1,1,1,1,1,0,0,0,0,0,0,0,0,0,0
3427149717,0,0,574755,0,1,0,0,4,4,0,1,0,0,0,1,0,0,0,0,0,2,1,1,1,1,1,0,0,0,0,0,0,0,0,0,0
3427659279,0,0,574755,0,1,0,0,4,4,0,1,0,0,0,1,0,0,0,0,0,2,1,1,1,1,1,0,0,0,0,0,0,0,0,0,0
3428159428,0,0,574755,0,1,0,0,4,4,0,1,0,0,0,1,0,0,0,0,0,2,1,1,1,1,1,0,0,0,0,0,0,0,0,0,0
3428669282,0,0,574755,0,1,0,0,4,4,0,1,0,0,0,1,0,0,0,0,0,2,1,1,1,1,1,0,0,0,0,0,0,0,0,0,0
3429179777,0,0,574755,0,1,0,0,4,4,0,1,0,0,0,1,0,0,0,0,0,2,1,1,1,1,1,0,0,0,0,0,0,0,0,0,0
3429690410,0,0,574755,0,1,0,0,4,4,0,1,0,0,0,1,0,0,0,0,0,2,1,1,1,1,1,0,0,0,0,0,0,0,0,0,0
3430202998,0,0,574755,0,1,0,0,4,4,0,1,0,0,0,1,0,0,0,0,0,2,1,1,1,1,1,0,0,0,0,0,0,0,0,0,0
3430713280,0,0,574755,0,1,0,0,4,4,0,1,0,0,0,1,0,0,0,0,0,2,1,1,1,1,1,0,0,0,0,0,0,0,0,0,0
3431223562,0,0,574755,0,1,0,0,4,4,0,1,0,0,0,1,0,0,0,0,0,2,1,1,1,1,1,0,0,0,0,0,0,0,0,0,0
3431734310,0,0,574755,0,1,0,0,4,4,0,1,0,0,0,1,0,0,0,0,0,2,1,1,1,1,1,0,0,0,0,0,0,0,0,0,0
3432244434,0,0,574755,0,1,0,0,4,4,0,1,0,0,0,1,0,0,0,0,0,2,1,1,1,1,1,0,0,0,0,0,0,0,0,0,0
3432755393,0,0,574755,0,1,0,0,4,4,0,1,0,0,0,1,0,0,0,0,0,2,1,1,1,1,1,0,0,0,0,0,0,0,0,0,0
3433265441,0,0,574755,0,1,0,0,4,4,0,1,0,0,0,1,0,0,0,0,0,2,1,1,1,1,1,0,0,0,0,0,0,0,0,0,0
3433776596,0,0,574755,0,1,0,0,4,4,0,1,0,0,0,1,0,0,0,0,0,2,1,1,1,1,1,0,0,0,0,0,0,0,0,0,0
3434287881,0,0,574755,0,1,0,0,4,4,0,1,0,0,0,1,0,0,0,0,0,2,1,1,1,1,1,0,0,0,0,0,0,0,0,0,0
3434798430,0,0,574755,0,1,0,0,4,4,0,1,0,0,0,1,0,0,0,0,0,2,1,1,1,1,1,0,0,0,0,0,0,0,0,0,0
3435308280,0,0,574755,0,1,0,0,4,4,0,1,0,0,0,1,0,0,0,0,0,2,1,1,1,1,1,0,0,0,0,0,0,0,0,0,0
3435808342,0,0,574755,0,1,0,0,4,4,0,1,0,0,0,1,0,0,0,0,0,2,1,1,1,1,1,0,0,0,0,0,0,0,0,0,0
3436318323,0,0,574755,0,1,0,0,4,4,0,1,0,0,0,1,0,0,0,0,0,2,1,1,1,1,1,0,0,0,0,0,0,0,0,0,0
3436819279,0,0,574755,0,1,0,0,4,4,0,1,0,0,0,1,0,0,0,0,0,2,1,1,1,1,1,0,0,0,0,0,0,0,0,0,0
3437328324,0,0,574755,0,1,0,0,4,4,0,1,0,0,0,1,0,0,0,0,0,2,1,1,1,1,1,0,0,0,0,0,0,0,0,0,0
3437831281,0,0,574755,0,1,0,0,4,4,0,1,0,0,0,1,0,0,0,0,0,2,1,1,1,1,1,0,0,0,0,0,0,0,0,0,0
3438342282,0,0,574755,0,1,0,0,4,4,0,1,0,0,0,1,0,0,0,0,0,2,1,1,1,1,1,0,0,0,0,0,0,0,0,0,0
3438854605,0,0,574755,0,1,0,0,4,4,0,1,0,0,0,1,0,0,0,0,0,2,1,1,1,1,1,0,0,0,0,0,0,0,0,0,0
3439364309,0,0,574755,0,1,0,0,4,4,0,1,0,0,0,1,0,0,0,0,0,2,1,1,1,1,1,0,0,0,0,0,0,0,0,0,0
3439875392,0,0,574755,0,1,0,0,4,4,0,1,0,0,0,1,0,0,0,0,0,2,1,1,1,1,1,0,0,0,0,0,0,0,0,0,0
3440377332,0,0,574755,0,1,0,0,4,4,0,1,0,0,0,1,0,0,0,0,0,2,1,1,1,1,1,0,0,0,0,0,0,0,0,0,0
3440888314,0,0,574755,0,1,0,0,4,4,0,1,0,0,0,1,0,0,0,0,0,2,1,1,1,1,1,0,0,0,0,0,0,0,0,0,0
3441398719,0,0,574755,0,1,0,0,4,4,0,1,0,0,0,1,0,0,0,0,0,2,1,1,1,1,1,0,0,0,0,0,0,0,0,0,0
