timestamp,data_rate,rate_multiplier,tx_rate_avg,tx_error_rate_avg,tx_message_count,tx_buffer_overruns,rx_rate_avg,rx_message_count,rx_message_lost_count,rx_buffer_overruns,rx_parse_errors,rx_packet_drop_count,rx_message_lost_rate,type,mode,flow_control,forwarding,mavlink_v2,ftp,streams,heartbeat_type_antenna_tracker,heartbeat_type_gcs,heartbeat_type_onboard_controller,heartbeat_type_gimbal,heartbeat_type_adsb,heartbeat_type_camera,heartbeat_type_parachute,heartbeat_type_open_drone_id,heartbeat_component_telemetry_radio,heartbeat_component_log,heartbeat_component_osd,heartbeat_component_obstacle_avoidance,heartbeat_component_vio,heartbeat_component_pairing_manager,heartbeat_component_udp_bridge,heartbeat_component_uart_bridge,avoidance_system_healthy,open_drone_id_system_healthy,parachute_system_healthy
3050761531,1200.0,0.3479541,499.99854,0.0,49997,284,20.792019,4462,0,0,0,0,0.0,0,0,1,1,1,1,53,0,0,0,0,0,0,0,0,0,0,0,0,0,0,0,0,0,0,0
3052011501,1200.0,0.3479541,827.9768,0.0,50020,284,20.999413,4464,0,0,0,0,0.0,0,0,1,1,1,1,53,0,0,0,0,0,0,0,0,0,0,0,0,0,0,0,0,0,0,0
3053014467,1200.0,0.3479541,562.3293,0.0,50034,284,20.937792,4465,0,0,0,0,0.0,0,0,1,1,1,1,53,0,0,0,0,0,0,0,0,0,0,0,0,0,0,0,0,0,0,0
3053264452,1200.0,0.3479541,562.3293,0.0,50036,284,20.937792,4465,0,0,0,0,0.0,0,0,1,1,1,1,53,0,0,0,0,0,0,0,0,0,0,0,0,0,0,0,0,0,0,0
3054514537,1200.0,0.3479541,439.95206,0.0,50064,284,20.997713,4466,0,0,0,0,0.0,0,0,1,1,1,1,53,0,0,0,0,0,0,0,0,0,0,0,0,0,0,0,0,0,0,0
3055776524,1200.0,0.3479541,951.2032,0.0,50079,284,20.960405,4467,0,0,0,0,0.0,0,0,1,1,1,1,53,0,0,0,0,0,0,0,0,0,0,0,0,0,0,0,0,0,0,0
3057036608,1200.0,0.3479541,395.99326,0.0,50097,284,20.999641,4469,0,0,0,0,0.0,0,0,1,1,1,1,53,0,0,0,0,0,0,0,0,0,0,0,0,0,0,0,0,0,0,0
3058039485,1200.0,0.3479541,958.30145,0.0,50117,284,20.94103,4470,0,0,0,0,0.0,0,0,1,1,1,1,53,0,0,0,0,0,0,0,0,0,0,0,0,0,0,0,0,0,0,0
3058289513,1200.0,0.3479541,958.30145,0.0,50120,284,20.94103,4470,0,0,0,0,0.0,0,0,1,1,1,1,53,0,0,0,0,0,0,0,0,0,0,0,0,0,0,0,0,0,0,0
3059539558,1200.0,0.3479541,430.9991,0.0,50135,284,20.999958,4471,0,0,0,0,0.0,0,0,1,1,1,1,53,0,0,0,0,0,0,0,0,0,0,0,0,0,0,0,0,0,0,0
3060800579,1200.0,0.3479541,589.1089,0.0,50165,284,20.79208,4472,0,0,0,0,0.0,0,0,1,1,1,1,53,0,0,0,0,0,0,0,0,0,0,0,0,0,0,0,0,0,0,0
3062060557,1200.0,0.3479541,577.9255,0.0,50179,284,20.997292,4474,0,0,0,0,0.0,0,0,1,1,1,1,53,0,0,0,0,0,0,0,0,0,0,0,0,0,0,0,0,0,0,0
3063060646,1200.0,0.3479541,850.5995,0.0,50203,284,20.794632,4475,0,0,0,0,0.0,0,0,1,1,1,1,53,0,0,0,0,0,0,0,0,0,0,0,0,0,0,0,0,0,0,0
3063310555,1200.0,0.3479541,850.5995,0.0,50206,284,20.794632,4475,0,0,0,0,0.0,0,0,1,1,1,1,53,0,0,0,0,0,0,0,0,0,0,0,0,0,0,0,0,0,0,0
3064573596,1200.0,0.3479541,489.82904,0.0,50221,284,20.992672,4476,0,0,0,0,0.0,0,0,1,1,1,1,53,0,0,0,0,0,0,0,0,0,0,0,0,0,0,0,0,0,0,0
3065833522,1200.0,0.3479541,429.8703,0.0,50250,284,20.944958,4478,0,0,0,0,0.0,0,0,1,1,1,1,53,0,0,0,0,0,0,0,0,0,0,0,0,0,0,0,0,0,0,0
3066833617,1200.0,0.3479541,1079.999,0.0,50261,284,20.99998,4479,0,0,0,0,0.0,0,0,1,1,1,1,53,0,0,0,0,0,0,0,0,0,0,0,0,0,0,0,0,0,0,0
3067093610,1200.0,0.3479541,382.92645,0.0,50264,284,20.995968,4479,0,0,0,0,0.0,0,0,1,1,1,1,53,0,0,0,0,0,0,0,0,0,0,0,0,0,0,0,0,0,0,0
3068343560,1200.0,0.3479541,562.413,0.0,50279,284,20.79344,4480,0,0,0,0,0.0,0,0,1,1,1,1,53,0,0,0,0,0,0,0,0,0,0,0,0,0,0,0,0,0,0,0
3069594693,1200.0,0.3479541,796.2802,0.0,50305,284,20.981033,4481,0,0,0,0,0.0,0,0,1,1,1,1,53,0,0,0,0,0,0,0,0,0,0,0,0,0,0,0,0,0,0,0
3070847491,1200.0,0.3479541,572.2948,0.0,50322,284,20.792717,4482,0,0,0,0,0.0,0,0,1,1,1,1,53,0,0,0,0,0,0,0,0,0,0,0,0,0,0,0,0,0,0,0
3071857462,1200.0,0.3479541,433.69888,0.0,50346,284,20.937187,4484,0,0,0,0,0.0,0,0,1,1,1,1,53,0,0,0,0,0,0,0,0,0,0,0,0,0,0,0,0,0,0,0
3072107428,1200.0,0.3479541,999.9991,0.0,50349,284,20.792059,4484,0,0,0,0,0.0,0,0,1,1,1,1,53,0,0,0,0,0,0,0,0,0,0,0,0,0,0,0,0,0,0,0
3073358552,1200.0,0.3479541,460.4392,0.0,50365,284,20.974455,4485,0,0,0,0,0.0,0,0,1,1,1,1,53,0,0,0,0,0,0,0,0,0,0,0,0,0,0,0,0,0,0,0
3074619604,1200.0,0.3479541,489.61713,0.0,50390,284,20.983591,4486,0,0,0,0,0.0,0,0,1,1,1,1,53,0,0,0,0,0,0,0,0,0,0,0,0,0,0,0,0,0,0,0
3075872494,1200.0,0.3479541,828.7137,0.0,50406,284,20.792099,4488,0,0,0,0,0.0,0,0,1,1,1,1,53,0,0,0,0,0,0,0,0,0,0,0,0,0,0,0,0,0,0,0
3076872604,1200.0,0.3479541,566.3011,0.0,50418,284,20.937187,4489,0,0,0,0,0.0,0,0,1,1,1,1,53,0,0,0,0,0,0,0,0,0,0,0,0,0,0,0,0,0,0,0
3077132470,1200.0,0.3479541,445.96475,0.0,50423,284,20.99834,4489,0,0,0,0,0.0,0,0,1,1,1,1,53,0,0,0,0,0,0,0,0,0,0,0,0,0,0,0,0,0,0,0
3078383426,1200.0,0.3479541,976.0708,0.0,50447,284,20.980026,4490,0,0,0,0,0.0,0,0,1,1,1,1,53,0,0,0,0,0,0,0,0,0,0,0,0,0,0,0,0,0,0,0
3079643683,1200.0,0.3479541,528.6883,0.0,50463,284,20.791113,4491,0,0,0,0,0.0,0,0,1,1,1,1,53,0,0,0,0,0,0,0,0,0,0,0,0,0,0,0,0,0,0,0
3080903580,1200.0,0.3479541,513.8243,0.0,50492,284,20.790577,4493,0,0,0,0,0.0,0,0,1,1,1,1,53,0,0,0,0,0,0,0,0,0,0,0,0,0,0,0,0,0,0,0
3081906513,1200.0,0.3479541,811.8796,0.0,50503,284,20.792038,4494,0,0,0,0,0.0,0,0,1,1,1,1,53,0,0,0,0,0,0,0,0,0,0,0,0,0,0,0,0,0,0,0
3082156425,1200.0,0.3479541,473.65152,0.0,50505,284,20.940384,4494,0,0,0,0,0.0,0,0,1,1,1,1,53,0,0,0,0,0,0,0,0,0,0,0,0,0,0,0,0,0,0,0
3083406426,1200.0,0.3479541,916.9386,0.0,50532,284,20.998592,4495,0,0,0,0,0.0,0,0,1,1,1,1,53,0,0,0,0,0,0,0,0,0,0,0,0,0,0,0,0,0,0,0
3084666561,1200.0,0.3479541,540.60846,0.0,50549,284,20.792635,4496,0,0,0,0,0.0,0,0,1,1,1,1,53,0,0,0,0,0,0,0,0,0,0,0,0,0,0,0,0,0,0,0
3085926457,1200.0,0.3479541,493.97333,0.0,50574,284,20.998865,4498,0,0,0,0,0.0,0,0,1,1,1,1,53,0,0,0,0,0,0,0,0,0,0,0,0,0,0,0,0,0,0,0
3086927601,1200.0,0.3479541,857.97595,0.0,50587,284,20.999413,4499,0,0,0,0,0.0,0,0,1,1,1,1,53,0,0,0,0,0,0,0,0,0,0,0,0,0,0,0,0,0,0,0
3087177645,1200.0,0.3479541,498.56174,0.0,50589,284,20.981556,4499,0,0,0,0,0.0,0,0,1,1,1,1,53,0,0,0,0,0,0,0,0,0,0,0,0,0,0,0,0,0,0,0
3088430468,1200.0,0.3479541,504.98032,0.0,50604,284,20.999182,4500,0,0,0,0,0.0,0,0,1,1,1,1,53,0,0,0,0,0,0,0,0,0,0,0,0,0,0,0,0,0,0,0
3089680467,1200.0,0.3479541,950.18463,0.0,50631,284,20.937962,4501,0,0,0,0,0.0,0,0,1,1,1,1,53,0,0,0,0,0,0,0,0,0,0,0,0,0,0,0,0,0,0,0
3090941427,1200.0,0.3479541,439.9947,0.0,50650,284,20.999746,4503,0,0,0,0,0.0,0,0,1,1,1,1,53,0,0,0,0,0,0,0,0,0,0,0,0,0,0,0,0,0,0,0
3091941665,1200.0,0.3479541,585.3789,0.0,50671,284,20.977743,4504,0,0,0,0,0.0,0,0,1,1,1,1,53,0,0,0,0,0,0,0,0,0,0,0,0,0,0,0,0,0,0,0
3092201561,1200.0,0.3479541,859.86584,0.0,50674,284,20.996723,4504,0,0,0,0,0.0,0,0,1,1,1,1,53,0,0,0,0,0,0,0,0,0,0,0,0,0,0,0,0,0,0,0
3093451963,1200.0,0.3479541,531.8048,0.0,50690,284,20.796837,4505,0,0,0,0,0.0,0,0,1,1,1,1,53,0,0,0,0,0,0,0,0,0,0,0,0,0,0,0,0,0,0,0
3094714467,1200.0,0.3479541,426.96713,0.0,50718,284,20.998383,4506,0,0,0,0,0.0,0,0,1,1,1,1,53,0,0,0,0,0,0,0,0,0,0,0,0,0,0,0,0,0,0,0
3095964505,1200.0,0.3479541,950.2235,0.0,50734,284,20.938818,4508,0,0,0,0,0.0,0,0,1,1,1,1,53,0,0,0,0,0,0,0,0,0,0,0,0,0,0,0,0,0,0,0
3096964726,1200.0,0.3479541,557.9827,0.0,50746,284,20.99935,4509,0,0,0,0,0.0,0,0,1,1,1,1,53,0,0,0,0,0,0,0,0,0,0,0,0,0,0,0,0,0,0,0
3097224621,1200.0,0.3479541,445.92734,0.0,50750,284,20.996578,4509,0,0,0,0,0.0,0,0,1,1,1,1,53,0,0,0,0,0,0,0,0,0,0,0,0,0,0,0,0,0,0,0
3098474614,1200.0,0.3479541,911.8649,0.0,50773,284,20.791708,4510,0,0,0,0,0.0,0,0,1,1,1,1,53,0,0,0,0,0,0,0,0,0,0,0,0,0,0,0,0,0,0,0
3099734672,1200.0,0.3479541,439.69583,0.0,50789,284,20.796425,4511,0,0,0,0,0.0,0,0,1,1,1,1,53,0,0,0,0,0,0,0,0,0,0,0,0,0,0,0,0,0,0,0
3100989431,1200.0,0.3479541,568.31683,0.0,50818,284,20.79208,4513,0,0,0,0,0.0,0,0,1,1,1,1,53,0,0,0,0,0,0,0,0,0,0,0,0,0,0,0,0,0,0,0
3101989951,1200.0,0.3479541,893.5332,0.0,50832,284,20.895542,4514,0,0,0,0,0.0,0,0,1,1,1,1,53,0,0,0,0,0,0,0,0,0,0,0,0,0,0,0,0,0,0,0
3102250640,1200.0,0.3479541,550.7351,0.0,50834,284,20.989904,4514,0,0,0,0,0.0,0,0,1,1,1,1,53,0,0,0,0,0,0,0,0,0,0,0,0,0,0,0,0,0,0,0
3103510779,1200.0,0.3479541,813.5777,0.0,50858,284,20.989105,4515,0,0,0,0,0.0,0,0,1,1,1,1,53,0,0,0,0,0,0,0,0,0,0,0,0,0,0,0,0,0,0,0
3104770570,1200.0,0.3479541,529.9995,0.0,50876,284,20.99998,4516,0,0,0,0,0.0,0,0,1,1,1,1,53,0,0,0,0,0,0,0,0,0,0,0,0,0,0,0,0,0,0,0
3106023657,1200.0,0.3479541,439.5291,0.0,50901,284,20.788538,4518,0,0,0,0,0.0,0,0,1,1,1,1,53,0,0,0,0,0,0,0,0,0,0,0,0,0,0,0,0,0,0,0
3107025023,1200.0,0.3479541,1023.4272,0.0,50914,284,20.926943,4519,0,0,0,0,0.0,0,0,1,1,1,1,53,0,0,0,0,0,0,0,0,0,0,0,0,0,0,0,0,0,0,0
3107275731,1200.0,0.3479541,382.64032,0.0,50916,284,20.98028,4519,0,0,0,0,0.0,0,0,1,1,1,1,53,0,0,0,0,0,0,0,0,0,0,0,0,0,0,0,0,0,0,0
3108526621,1200.0,0.3479541,576.66205,0.0,50933,284,20.987701,4520,0,0,0,0,0.0,0,0,1,1,1,1,53,0,0,0,0,0,0,0,0,0,0,0,0,0,0,0,0,0,0,0
3109776426,1200.0,0.3479541,827.23395,0.0,50958,284,20.980572,4521,0,0,0,0,0.0,0,0,1,1,1,1,53,0,0,0,0,0,0,0,0,0,0,0,0,0,0,0,0,0,0,0
3111039695,1200.0,0.3479541,445.05557,0.0,50976,284,20.955532,4523,0,0,0,0,0.0,0,0,1,1,1,1,53,0,0,0,0,0,0,0,0,0,0,0,0,0,0,0,0,0,0,0
3112049491,1200.0,0.3479541,539.5667,0.0,50999,284,20.98315,4524,0,0,0,0,0.0,0,0,1,1,1,1,53,0,0,0,0,0,0,0,0,0,0,0,0,0,0,0,0,0,0,0
3112300034,1200.0,0.3479541,983.2063,0.0,51001,284,20.792881,4524,0,0,0,0,0.0,0,0,1,1,1,1,53,0,0,0,0,0,0,0,0,0,0,0,0,0,0,0,0,0,0,0
3113549450,1200.0,0.3479541,474.9036,0.0,51017,284,20.995737,4525,0,0,0,0,0.0,0,0,1,1,1,1,53,0,0,0,0,0,0,0,0,0,0,0,0,0,0,0,0,0,0,0
3114809938,1200.0,0.3479541,484.25525,0.0,51044,284,20.796238,4527,0,0,0,0,0.0,0,0,1,1,1,1,53,0,0,0,0,0,0,0,0,0,0,0,0,0,0,0,0,0,0,0
3115810472,1200.0,0.3479541,827.17535,0.0,51055,284,20.979084,4528,0,0,0,0,0.0,0,0,1,1,1,1,53,0,0,0,0,0,0,0,0,0,0,0,0,0,0,0,0,0,0,0
3116070530,1200.0,0.3479541,827.17535,0.0,51059,284,20.979084,4528,0,0,0,0,0.0,0,0,1,1,1,1,53,0,0,0,0,0,0,0,0,0,0,0,0,0,0,0,0,0,0,0
3117323640,1200.0,0.3479541,478.51807,0.0,51076,284,20.935165,4529,0,0,0,0,0.0,0,0,1,1,1,1,53,0,0,0,0,0,0,0,0,0,0,0,0,0,0,0,0,0,0,0
3118573864,1200.0,0.3479541,943.7073,0.0,51100,284,20.795229,4530,0,0,0,0,0.0,0,0,1,1,1,1,53,0,0,0,0,0,0,0,0,0,0,0,0,0,0,0,0,0,0,0
3119833464,1200.0,0.3479541,567.8416,0.0,51118,284,20.994144,4531,0,0,0,0,0.0,0,0,1,1,1,1,53,0,0,0,0,0,0,0,0,0,0,0,0,0,0,0,0,0,0,0
3120833626,1200.0,0.3479541,392.1324,0.0,51141,284,20.794899,4532,0,0,0,0,0.0,0,0,1,1,1,1,53,0,0,0,0,0,0,0,0,0,0,0,0,0,0,0,0,0,0,0
3121083535,1200.0,0.3479541,392.1324,0.0,51145,284,20.794899,4533,0,0,0,0,0.0,0,0,1,1,1,1,53,0,0,0,0,0,0,0,0,0,0,0,0,0,0,0,0,0,0,0
3122343454,1200.0,0.3479541,426.5186,0.0,51159,284,20.781647,4534,0,0,0,0,0.0,0,0,1,1,1,1,53,0,0,0,0,0,0,0,0,0,0,0,0,0,0,0,0,0,0,0
3123593423,1200.0,0.3479541,895.4609,0.0,51186,284,20.801636,4535,0,0,0,0,0.0,0,0,1,1,1,1,53,0,0,0,0,0,0,0,0,0,0,0,0,0,0,0,0,0,0,0
3124847489,1200.0,0.3479541,557.26416,0.0,51203,284,20.93479,4537,0,0,0,0,0.0,0,0,1,1,1,1,53,0,0,0,0,0,0,0,0,0,0,0,0,0,0,0,0,0,0,0
3125857427,1200.0,0.3479541,537.3031,0.0,51215,284,20.972797,4538,0,0,0,0,0.0,0,0,1,1,1,1,53,0,0,0,0,0,0,0,0,0,0,0,0,0,0,0,0,0,0,0
3126107705,1200.0,0.3479541,537.3031,0.0,51228,284,20.972797,4538,0,0,0,0,0.0,0,0,1,1,1,1,53,0,0,0,0,0,0,0,0,0,0,0,0,0,0,0,0,0,0,0
3127357451,1200.0,0.3479541,485.16003,0.0,51242,284,20.792572,4539,0,0,0,0,0.0,0,0,1,1,1,1,53,0,0,0,0,0,0,0,0,0,0,0,0,0,0,0,0,0,0,0
3128617520,1200.0,0.3479541,466.3357,0.0,51258,284,20.792038,4540,0,0,0,0,0.0,0,0,1,1,1,1,53,0,0,0,0,0,0,0,0,0,0,0,0,0,0,0,0,0,0,0
3129867502,1200.0,0.3479541,1029.7468,0.0,51286,284,20.792965,4542,0,0,0,0,0.0,0,0,1,1,1,1,53,0,0,0,0,0,0,0,0,0,0,0,0,0,0,0,0,0,0,0
3130870747,1200.0,0.3479541,381.85443,0.0,51300,284,20.937187,4543,0,0,0,0,0.0,0,0,1,1,1,1,53,0,0,0,0,0,0,0,0,0,0,0,0,0,0,0,0,0,0,0
3131120852,1200.0,0.3479541,381.85443,0.0,51304,284,20.937187,4543,0,0,0,0,0.0,0,0,1,1,1,1,53,0,0,0,0,0,0,0,0,0,0,0,0,0,0,0,0,0,0,0
3132381550,1200.0,0.3479541,836.2198,0.0,51327,284,20.980425,4544,0,0,0,0,0.0,0,0,1,1,1,1,53,0,0,0,0,0,0,0,0,0,0,0,0,0,0,0,0,0,0,0
3133631530,1200.0,0.3479541,532.6728,0.0,51343,284,20.792059,4545,0,0,0,0,0.0,0,0,1,1,1,1,53,0,0,0,0,0,0,0,0,0,0,0,0,0,0,0,0,0,0,0
3134891419,1200.0,0.3479541,412.9587,0.0,51372,284,20.9979,4547,0,0,0,0,0.0,0,0,1,1,1,1,53,0,0,0,0,0,0,0,0,0,0,0,0,0,0,0,0,0,0,0
3135891426,1200.0,0.3479541,1000.13965,0.0,51383,284,20.794983,4548,0,0,0,0,0.0,0,0,1,1,1,1,53,0,0,0,0,0,0,0,0,0,0,0,0,0,0,0,0,0,0,0
3136141711,1200.0,0.3479541,1000.13965,0.0,51387,284,20.794983,4548,0,0,0,0,0.0,0,0,1,1,1,1,53,0,0,0,0,0,0,0,0,0,0,0,0,0,0,0,0,0,0,0
3137404878,1200.0,0.3479541,528.3442,0.0,51400,284,20.934391,4549,0,0,0,0,0.0,0,0,1,1,1,1,53,0,0,0,0,0,0,0,0,0,0,0,0,0,0,0,0,0,0,0
3138655877,1200.0,0.3479541,789.1839,0.0,51427,284,20.794056,4550,0,0,0,0,0.0,0,0,1,1,1,1,53,0,0,0,0,0,0,0,0,0,0,0,0,0,0,0,0,0,0,0
3139905899,1200.0,0.3479541,567.3895,0.0,51443,284,20.977428,4552,0,0,0,0,0.0,0,0,1,1,1,1,53,0,0,0,0,0,0,0,0,0,0,0,0,0,0,0,0,0,0,0
3140910425,1200.0,0.3479541,445.996,0.0,51469,284,20.999813,4553,0,0,0,0,0.0,0,0,1,1,1,1,53,0,0,0,0,0,0,0,0,0,0,0,0,0,0,0,0,0,0,0
3141160599,1200.0,0.3479541,445.996,0.0,51470,284,20.999813,4553,0,0,0,0,0.0,0,0,1,1,1,1,53,0,0,0,0,0,0,0,0,0,0,0,0,0,0,0,0,0,0,0
3142410542,1200.0,0.3479541,489.1278,0.0,51487,284,20.792881,4554,0,0,0,0,0.0,0,0,1,1,1,1,53,0,0,0,0,0,0,0,0,0,0,0,0,0,0,0,0,0,0,0
3143671510,1200.0,0.3479541,827.7393,0.0,51511,284,20.993387,4555,0,0,0,0,0.0,0,0,1,1,1,1,53,0,0,0,0,0,0,0,0,0,0,0,0,0,0,0,0,0,0,0
3144932798,1200.0,0.3479541,488.1774,0.0,51529,284,20.964674,4557,0,0,0,0,0.0,0,0,1,1,1,1,53,0,0,0,0,0,0,0,0,0,0,0,0,0,0,0,0,0,0,0
3145935840,1200.0,0.3479541,514.92535,0.0,51539,284,20.996956,4558,0,0,0,0,0.0,0,0,1,1,1,1,53,0,0,0,0,0,0,0,0,0,0,0,0,0,0,0,0,0,0,0
3146176476,1200.0,0.3479541,514.92535,0.0,51552,284,20.996956,4558,0,0,0,0,0.0,0,0,1,1,1,1,53,0,0,0,0,0,0,0,0,0,0,0,0,0,0,0,0,0,0,0
3147437689,1200.0,0.3479541,439.5319,0.0,51569,284,20.97766,4559,0,0,0,0,0.0,0,0,1,1,1,1,53,0,0,0,0,0,0,0,0,0,0,0,0,0,0,0,0,0,0,0
3148687799,1200.0,0.3479541,489.14038,0.0,51585,284,20.793417,4560,0,0,0,0,0.0,0,0,1,1,1,1,53,0,0,0,0,0,0,0,0,0,0,0,0,0,0,0,0,0,0,0
3149947630,1200.0,0.3479541,929.95996,0.0,51613,284,20.999096,4562,0,0,0,0,0.0,0,0,1,1,1,1,53,0,0,0,0,0,0,0,0,0,0,0,0,0,0,0,0,0,0,0
3150957456,1200.0,0.3479541,458.9959,0.0,51626,284,20.999813,4563,0,0,0,0,0.0,0,0,1,1,1,1,53,0,0,0,0,0,0,0,0,0,0,0,0,0,0,0,0,0,0,0
3151200546,1200.0,0.3479541,458.9959,0.0,51627,284,20.999813,4563,0,0,0,0,0.0,0,0,1,1,1,1,53,0,0,0,0,0,0,0,0,0,0,0,0,0,0,0,0,0,0,0
3152460425,1200.0,0.3479541,943.61847,0.0,51655,284,20.793272,4564,0,0,0,0,0.0,0,0,1,1,1,1,53,0,0,0,0,0,0,0,0,0,0,0,0,0,0,0,0,0,0,0
3153711651,1200.0,0.3479541,527.55426,0.0,51672,284,20.982271,4565,0,0,0,0,0.0,0,0,1,1,1,1,53,0,0,0,0,0,0,0,0,0,0,0,0,0,0,0,0,0,0,0
3154972029,1200.0,0.3479541,471.2545,0.0,51697,284,20.79064,4567,0,0,0,0,0.0,0,0,1,1,1,1,53,0,0,0,0,0,0,0,0,0,0,0,0,0,0,0,0,0,0,0
3155981424,1200.0,0.3479541,819.73224,0.0,51709,284,20.79031,4568,0,0,0,0,0.0,0,0,1,1,1,1,53,0,0,0,0,0,0,0,0,0,0,0,0,0,0,0,0,0,0,0
3156231662,1200.0,0.3479541,819.73224,0.0,51713,284,20.79031,4568,0,0,0,0,0.0,0,0,1,1,1,1,53,0,0,0,0,0,0,0,0,0,0,0,0,0,0,0,0,0,0,0
3157484667,1200.0,0.3479541,462.4335,0.0,51727,284,20.794655,4569,0,0,0,0,0.0,0,0,1,1,1,1,53,0,0,0,0,0,0,0,0,0,0,0,0,0,0,0,0,0,0,0
3158736461,1200.0,0.3479541,948.22754,0.0,51755,284,20.894836,4570,0,0,0,0,0.0,0,0,1,1,1,1,53,0,0,0,0,0,0,0,0,0,0,0,0,0,0,0,0,0,0,0
3159997167,1200.0,0.3479541,575.223,0.0,51771,284,20.791193,4572,0,0,0,0,0.0,0,0,1,1,1,1,53,0,0,0,0,0,0,0,0,0,0,0,0,0,0,0,0,0,0,0
3161006578,1200.0,0.3479541,379.22034,0.0,51794,284,20.792759,4573,0,0,0,0,0.0,0,0,1,1,1,1,53,0,0,0,0,0,0,0,0,0,0,0,0,0,0,0,0,0,0,0
3161256465,1200.0,0.3479541,379.22034,0.0,51795,284,20.792759,4573,0,0,0,0,0.0,0,0,1,1,1,1,53,0,0,0,0,0,0,0,0,0,0,0,0,0,0,0,0,0,0,0
3162506465,1200.0,0.3479541,443.98138,0.0,51812,284,20.999119,4574,0,0,0,0,0.0,0,0,1,1,1,1,53,0,0,0,0,0,0,0,0,0,0,0,0,0,0,0,0,0,0,0
3163759719,1200.0,0.3479541,580.28357,0.0,51840,284,20.938066,4575,0,0,0,0,0.0,0,0,1,1,1,1,53,0,0,0,0,0,0,0,0,0,0,0,0,0,0,0,0,0,0,0
3165019448,1200.0,0.3479541,827.97437,0.0,51856,284,20.99935,4577,0,0,0,0,0.0,0,0,1,1,1,1,53,0,0,0,0,0,0,0,0,0,0,0,0,0,0,0,0,0,0,0
3166020465,1200.0,0.3479541,590.4031,0.0,51868,284,20.97879,4578,0,0,0,0,0.0,0,0,1,1,1,1,53,0,0,0,0,0,0,0,0,0,0,0,0,0,0,0,0,0,0,0
3166270578,1200.0,0.3479541,590.4031,0.0,51872,284,20.97879,4578,0,0,0,0,0.0,0,0,1,1,1,1,53,0,0,0,0,0,0,0,0,0,0,0,0,0,0,0,0,0,0,0
3167520443,1200.0,0.3479541,489.91965,0.0,51895,284,20.996555,4579,0,0,0,0,0.0,0,0,1,1,1,1,53,0,0,0,0,0,0,0,0,0,0,0,0,0,0,0,0,0,0,0
3168780504,1200.0,0.3479541,439.67538,0.0,51912,284,20.795456,4580,0,0,0,0,0.0,0,0,1,1,1,1,53,0,0,0,0,0,0,0,0,0,0,0,0,0,0,0,0,0,0,0
3170033451,1200.0,0.3479541,1063.8075,0.0,51939,284,20.937168,4582,0,0,0,0,0.0,0,0,1,1,1,1,53,0,0,0,0,0,0,0,0,0,0,0,0,0,0,0,0,0,0,0
3171033577,1200.0,0.3479541,382.94217,0.0,51953,284,20.996828,4583,0,0,0,0,0.0,0,0,1,1,1,1,53,0,0,0,0,0,0,0,0,0,0,0,0,0,0,0,0,0,0,0
3171293464,1200.0,0.3479541,382.94217,0.0,51955,284,20.996828,4583,0,0,0,0,0.0,0,0,1,1,1,1,53,0,0,0,0,0,0,0,0,0,0,0,0,0,0,0,0,0,0,0
3172544428,1200.0,0.3479541,783.28644,0.0,51980,284,20.980886,4584,0,0,0,0,0.0,0,0,1,1,1,1,53,0,0,0,0,0,0,0,0,0,0,0,0,0,0,0,0,0,0,0
3173794676,1200.0,0.3479541,577.9722,0.0,51997,284,20.998991,4586,0,0,0,0,0.0,0,0,1,1,1,1,53,0,0,0,0,0,0,0,0,0,0,0,0,0,0,0,0,0,0,0
3175054490,1200.0,0.3479541,421.80304,0.0,52024,284,20.793108,4587,0,0,0,0,0.0,0,0,1,1,1,1,53,0,0,0,0,0,0,0,0,0,0,0,0,0,0,0,0,0,0,0
3176057497,1200.0,0.3479541,987.1287,0.0,52035,284,20.79208,4588,0,0,0,0,0.0,0,0,1,1,1,1,53,0,0,0,0,0,0,0,0,0,0,0,0,0,0,0,0,0,0,0
3176317571,1200.0,0.3479541,987.1287,0.0,52039,284,20.79208,4588,0,0,0,0,0.0,0,0,1,1,1,1,53,0,0,0,0,0,0,0,0,0,0,0,0,0,0,0,0,0,0,0
3177568505,1200.0,0.3479541,542.44946,0.0,52054,284,20.978708,4589,0,0,0,0,0.0,0,0,1,1,1,1,53,0,0,0,0,0,0,0,0,0,0,0,0,0,0,0,0,0,0,0
3178828506,1200.0,0.3479541,815.9861,0.0,52082,284,20.999641,4590,0,0,0,0,0.0,0,0,1,1,1,1,53,0,0,0,0,0,0,0,0,0,0,0,0,0,0,0,0,0,0,0
3179829567,1200.0,0.3479541,567.4275,0.0,52094,284,20.978832,4592,0,0,0,0,0.0,0,0,1,1,1,1,53,0,0,0,0,0,0,0,0,0,0,0,0,0,0,0,0,0,0,0
3180089431,1200.0,0.3479541,567.4275,0.0,52097,284,20.978832,4592,0,0,0,0,0.0,0,0,1,1,1,1,53,0,0,0,0,0,0,0,0,0,0,0,0,0,0,0,0,0,0,0
3181342426,1200.0,0.3479541,454.473,0.0,52124,284,20.792881,4593,0,0,0,0,0.0,0,0,1,1,1,1,53,0,0,0,0,0,0,0,0,0,0,0,0,0,0,0,0,0,0,0
3182592824,1200.0,0.3479541,528.77466,0.0,52140,284,20.79451,4594,0,0,0,0,0.0,0,0,1,1,1,1,53,0,0,0,0,0,0,0,0,0,0,0,0,0,0,0,0,0,0,0
3183853498,1200.0,0.3479541,531.46906,0.0,52166,284,20.979042,4596,0,0,0,0,0.0,0,0,1,1,1,1,53,0,0,0,0,0,0,0,0,0,0,0,0,0,0,0,0,0,0,0
3184853688,1200.0,0.3479541,777.227,0.0,52177,284,20.792059,4596,0,0,0,0,0.0,0,0,1,1,1,1,53,0,0,0,0,0,0,0,0,0,0,0,0,0,0,0,0,0,0,0
3185103649,1200.0,0.3479541,777.227,0.0,52181,284,20.792059,4597,0,0,0,0,0.0,0,0,1,1,1,1,53,0,0,0,0,0,0,0,0,0,0,0,0,0,0,0,0,0,0,0
3186363583,1200.0,0.3479541,509.87927,0.0,52199,284,20.791193,4598,0,0,0,0,0.0,0,0,1,1,1,1,53,0,0,0,0,0,0,0,0,0,0,0,0,0,0,0,0,0,0,0
3187627518,1200.0,0.3479541,425.4272,0.0,52223,284,20.922647,4599,0,0,0,0,0.0,0,0,1,1,1,1,53,0,0,0,0,0,0,0,0,0,0,0,0,0,0,0,0,0,0,0
3188888719,1200.0,0.3479541,493.51935,0.0,52241,284,20.979567,4601,0,0,0,0,0.0,0,0,1,1,1,1,53,0,0,0,0,0,0,0,0,0,0,0,0,0,0,0,0,0,0,0
3189898455,1200.0,0.3479541,870.9974,0.0,52261,284,20.999937,4602,0,0,0,0,0.0,0,0,1,1,1,1,53,0,0,0,0,0,0,0,0,0,0,0,0,0,0,0,0,0,0,0
3190138718,1200.0,0.3479541,870.9974,0.0,52266,284,20.999937,4602,0,0,0,0,0.0,0,0,1,1,1,1,53,0,0,0,0,0,0,0,0,0,0,0,0,0,0,0,0,0,0,0
3191398597,1200.0,0.3479541,485.98883,0.0,52280,284,20.999517,4603,0,0,0,0,0.0,0,0,1,1,1,1,53,0,0,0,0,0,0,0,0,0,0,0,0,0,0,0,0,0,0,0
3192650421,1200.0,0.3479541,956.4337,0.0,52309,284,20.792038,4604,0,0,0,0,0.0,0,0,1,1,1,1,53,0,0,0,0,0,0,0,0,0,0,0,0,0,0,0,0,0,0,0
3193902043,1200.0,0.3479541,473.5802,0.0,52325,284,20.937231,4606,0,0,0,0,0.0,0,0,1,1,1,1,53,0,0,0,0,0,0,0,0,0,0,0,0,0,0,0,0,0,0,0
3194912003,1200.0,0.3479541,510.86932,0.0,52338,284,20.791193,4607,0,0,0,0,0.0,0,0,1,1,1,1,53,0,0,0,0,0,0,0,0,0,0,0,0,0,0,0,0,0,0,0
3195152643,1200.0,0.3479541,510.86932,0.0,52350,284,20.791193,4607,0,0,0,0,0.0,0,0,1,1,1,1,53,0,0,0,0,0,0,0,0,0,0,0,0,0,0,0,0,0,0,0
3196412520,1200.0,0.3479541,840.1473,0.0,52365,284,20.978708,4608,0,0,0,0,0.0,0,0,1,1,1,1,53,0,0,0,0,0,0,0,0,0,0,0,0,0,0,0,0,0,0,0
3197672450,1200.0,0.3479541,426.99915,0.0,52379,284,20.999958,4609,0,0,0,0,0.0,0,0,1,1,1,1,53,0,0,0,0,0,0,0,0,0,0,0,0,0,0,0,0,0,0,0
3198922498,1200.0,0.3479541,1005.95874,0.0,52408,284,20.99914,4611,0,0,0,0,0.0,0,0,1,1,1,1,53,0,0,0,0,0,0,0,0,0,0,0,0,0,0,0,0,0,0,0
3199926426,1200.0,0.3479541,503.4544,0.0,52421,284,20.935728,4612,0,0,0,0,0.0,0,0,1,1,1,1,53,0,0,0,0,0,0,0,0,0,0,0,0,0,0,0,0,0,0,0
3200176935,1200.0,0.3479541,503.4544,0.0,52424,284,20.935728,4612,0,0,0,0,0.0,0,0,1,1,1,1,53,0,0,0,0,0,0,0,0,0,0,0,0,0,0,0,0,0,0,0
3201436462,1200.0,0.3479541,445.4681,0.0,52449,284,20.974957,4613,0,0,0,0,0.0,0,0,1,1,1,1,53,0,0,0,0,0,0,0,0,0,0,0,0,0,0,0,0,0,0,0
3202696453,1200.0,0.3479541,466.3463,0.0,52465,284,20.792511,4614,0,0,0,0,0.0,0,0,1,1,1,1,53,0,0,0,0,0,0,0,0,0,0,0,0,0,0,0,0,0,0,0
3203946492,1200.0,0.3479541,581.99945,0.0,52494,284,20.99998,4616,0,0,0,0,0.0,0,0,1,1,1,1,53,0,0,0,0,0,0,0,0,0,0,0,0,0,0,0,0,0,0,0
3204946544,1200.0,0.3479541,840.958,0.0,52504,284,20.998951,4617,0,0,0,0,0.0,0,0,1,1,1,1,53,0,0,0,0,0,0,0,0,0,0,0,0,0,0,0,0,0,0,0
3205209669,1200.0,0.3479541,840.958,0.0,52508,284,20.998951,4617,0,0,0,0,0.0,0,0,1,1,1,1,53,0,0,0,0,0,0,0,0,0,0,0,0,0,0,0,0,0,0,0
3206459759,1200.0,0.3479541,536.417,0.0,52525,284,20.938211,4618,0,0,0,0,0.0,0,0,1,1,1,1,53,0,0,0,0,0,0,0,0,0,0,0,0,0,0,0,0,0,0,0
3207710466,1200.0,0.3479541,534.60175,0.0,52549,284,20.984367,4619,0,0,0,0,0.0,0,0,1,1,1,1,53,0,0,0,0,0,0,0,0,0,0,0,0,0,0,0,0,0,0,0
3208970496,1200.0,0.3479541,430.9892,0.0,52565,284,20.999474,4621,0,0,0,0,0.0,0,0,1,1,1,1,53,0,0,0,0,0,0,0,0,0,0,0,0,0,0,0,0,0,0,0
3209970530,1200.0,0.3479541,1026.8778,0.0,52590,284,20.997501,4622,0,0,0,0,0.0,0,0,1,1,1,1,53,0,0,0,0,0,0,0,0,0,0,0,0,0,0,0,0,0,0,0
3210220474,1200.0,0.3479541,1026.8778,0.0,52594,284,20.997501,4622,0,0,0,0,0.0,0,0,1,1,1,1,53,0,0,0,0,0,0,0,0,0,0,0,0,0,0,0,0,0,0,0
3211480575,1200.0,0.3479541,392.13477,0.0,52609,284,20.795025,4623,0,0,0,0,0.0,0,0,1,1,1,1,53,0,0,0,0,0,0,0,0,0,0,0,0,0,0,0,0,0,0,0
3212733450,1200.0,0.3479541,781.64026,0.0,52634,284,20.936792,4624,0,0,0,0,0.0,0,0,1,1,1,1,53,0,0,0,0,0,0,0,0,0,0,0,0,0,0,0,0,0,0,0
3213984681,1200.0,0.3479541,498.04004,0.0,52651,284,20.792923,4626,0,0,0,0,0.0,0,0,1,1,1,1,53,0,0,0,0,0,0,0,0,0,0,0,0,0,0,0,0,0,0,0
3214986637,1200.0,0.3479541,459.6207,0.0,52662,284,20.937168,4627,0,0,0,0,0.0,0,0,1,1,1,1,53,0,0,0,0,0,0,0,0,0,0,0,0,0,0,0,0,0,0,0
3215246677,1200.0,0.3479541,459.6207,0.0,52678,284,20.937168,4627,0,0,0,0,0.0,0,0,1,1,1,1,53,0,0,0,0,0,0,0,0,0,0,0,0,0,0,0,0,0,0,0
3216499422,1200.0,0.3479541,1036.8093,0.0,52692,284,20.996138,4628,0,0,0,0,0.0,0,0,1,1,1,1,53,0,0,0,0,0,0,0,0,0,0,0,0,0,0,0,0,0,0,0
3217759600,1200.0,0.3479541,489.9461,0.0,52709,284,20.99769,4629,0,0,0,0,0.0,0,0,1,1,1,1,53,0,0,0,0,0,0,0,0,0,0,0,0,0,0,0,0,0,0,0
3219010723,1200.0,0.3479541,783.27075,0.0,52734,284,20.980467,4631,0,0,0,0,0.0,0,0,1,1,1,1,53,0,0,0,0,0,0,0,0,0,0,0,0,0,0,0,0,0,0,0
3220011597,1200.0,0.3479541,576.4092,0.0,52747,284,20.978498,4632,0,0,0,0,0.0,0,0,1,1,1,1,53,0,0,0,0,0,0,0,0,0,0,0,0,0,0,0,0,0,0,0
3220261623,1200.0,0.3479541,576.4092,0.0,52750,284,20.978498,4632,0,0,0,0,0.0,0,0,1,1,1,1,53,0,0,0,0,0,0,0,0,0,0,0,0,0,0,0,0,0,0,0
3221524580,1200.0,0.3479541,422.78232,0.0,52777,284,20.792572,4633,0,0,0,0,0.0,0,0,1,1,1,1,53,0,0,0,0,0,0,0,0,0,0,0,0,0,0,0,0,0,0,0
3222774541,1200.0,0.3479541,545.6607,0.0,52794,284,20.796505,4634,0,0,0,0,0.0,0,0,1,1,1,1,53,0,0,0,0,0,0,0,0,0,0,0,0,0,0,0,0,0,0,0
3224026674,1200.0,0.3479541,466.4305,0.0,52819,284,20.974392,4636,0,0,0,0,0.0,0,0,1,1,1,1,53,0,0,0,0,0,0,0,0,0,0,0,0,0,0,0,0,0,0,0
3225031479,1200.0,0.3479541,871.76245,0.0,52831,284,20.874584,4637,0,0,0,0,0.0,0,0,1,1,1,1,53,0,0,0,0,0,0,0,0,0,0,0,0,0,0,0,0,0,0,0
3225281425,1200.0,0.3479541,871.76245,0.0,52835,284,20.874584,4637,0,0,0,0,0.0,0,0,1,1,1,1,53,0,0,0,0,0,0,0,0,0,0,0,0,0,0,0,0,0,0,0
3226541429,1200.0,0.3479541,439.64096,0.0,52851,284,20.793829,4638,0,0,0,0,0.0,0,0,1,1,1,1,53,0,0,0,0,0,0,0,0,0,0,0,0,0,0,0,0,0,0,0
3227792617,1200.0,0.3479541,528.5,0.0,52877,284,20.980152,4639,0,0,0,0,0.0,0,0,1,1,1,1,53,0,0,0,0,0,0,0,0,0,0,0,0,0,0,0,0,0,0,0
3229043638,1200.0,0.3479541,550.4875,0.0,52893,284,20.980467,4641,0,0,0,0,0.0,0,0,1,1,1,1,53,0,0,0,0,0,0,0,0,0,0,0,0,0,0,0,0,0,0,0
3230046673,1200.0,0.3479541,805.9398,0.0,52914,284,20.792059,4642,0,0,0,0,0.0,0,0,1,1,1,1,53,0,0,0,0,0,0,0,0,0,0,0,0,0,0,0,0,0,0,0
3230296470,1200.0,0.3479541,805.9398,0.0,52918,284,20.792059,4642,0,0,0,0,0.0,0,0,1,1,1,1,53,0,0,0,0,0,0,0,0,0,0,0,0,0,0,0,0,0,0,0
3231556427,1200.0,0.3479541,488.5349,0.0,52934,284,20.93721,4643,0,0,0,0,0.0,0,0,1,1,1,1,53,0,0,0,0,0,0,0,0,0,0,0,0,0,0,0,0,0,0,0
3232816871,1200.0,0.3479541,1026.5299,0.0,52961,284,20.990387,4645,0,0,0,0,0.0,0,0,1,1,1,1,53,0,0,0,0,0,0,0,0,0,0,0,0,0,0,0,0,0,0,0
3233817454,1200.0,0.3479541,382.7925,0.0,52975,284,20.988623,4645,0,0,0,0,0.0,0,0,1,1,1,1,53,0,0,0,0,0,0,0,0,0,0,0,0,0,0,0,0,0,0,0
3234067682,1200.0,0.3479541,382.7925,0.0,52978,284,20.988623,4646,0,0,0,0,0.0,0,0,1,1,1,1,53,0,0,0,0,0,0,0,0,0,0,0,0,0,0,0,0,0,0,0
3235328424,1200.0,0.3479541,580.97675,0.0,53003,284,20.999159,4647,0,0,0,0,0.0,0,0,1,1,1,1,53,0,0,0,0,0,0,0,0,0,0,0,0,0,0,0,0,0,0,0
3236581690,1200.0,0.3479541,812.65186,0.0,53017,284,20.913836,4648,0,0,0,0,0.0,0,0,1,1,1,1,53,0,0,0,0,0,0,0,0,0,0,0,0,0,0,0,0,0,0,0
3237842503,1200.0,0.3479541,425.66885,0.0,53035,284,20.983675,4650,0,0,0,0,0.0,0,0,1,1,1,1,53,0,0,0,0,0,0,0,0,0,0,0,0,0,0,0,0,0,0,0
3238852538,1200.0,0.3479541,987.1688,0.0,53058,284,20.792923,4651,0,0,0,0,0.0,0,0,1,1,1,1,53,0,0,0,0,0,0,0,0,0,0,0,0,0,0,0,0,0,0,0
3239102425,1200.0,0.3479541,987.1688,0.0,53061,284,20.792923,4651,0,0,0,0,0.0,0,0,1,1,1,1,53,0,0,0,0,0,0,0,0,0,0,0,0,0,0,0,0,0,0,0
3240352420,1200.0,0.3479541,460.9433,0.0,53079,284,20.997417,4652,0,0,0,0,0.0,0,0,1,1,1,1,53,0,0,0,0,0,0,0,0,0,0,0,0,0,0,0,0,0,0,0
3241602453,1200.0,0.3479541,542.99677,0.0,53102,284,20.999874,4653,0,0,0,0,0.0,0,0,1,1,1,1,53,0,0,0,0,0,0,0,0,0,0,0,0,0,0,0,0,0,0,0
3242855956,1200.0,0.3479541,566.2384,0.0,53120,284,20.934872,4655,0,0,0,0,0.0,0,0,1,1,1,1,53,0,0,0,0,0,0,0,0,0,0,0,0,0,0,0,0,0,0,0
3243856456,1200.0,0.3479541,458.98303,0.0,53134,284,20.999224,4656,0,0,0,0,0.0,0,0,1,1,1,1,53,0,0,0,0,0,0,0,0,0,0,0,0,0,0,0,0,0,0,0
3244117462,1200.0,0.3479541,458.98303,0.0,53147,284,20.999224,4656,0,0,0,0,0.0,0,0,1,1,1,1,53,0,0,0,0,0,0,0,0,0,0,0,0,0,0,0,0,0,0,0
3245367502,1200.0,0.3479541,1000.14874,0.0,53162,284,20.9612,4657,0,0,0,0,0.0,0,0,1,1,1,1,53,0,0,0,0,0,0,0,0,0,0,0,0,0,0,0,0,0,0,0
3246627566,1200.0,0.3479541,492.999,0.0,53177,284,20.999958,4658,0,0,0,0,0.0,0,0,1,1,1,1,53,0,0,0,0,0,0,0,0,0,0,0,0,0,0,0,0,0,0,0
3247890425,1200.0,0.3479541,780.6362,0.0,53203,284,20.936604,4660,0,0,0,0,0.0,0,0,1,1,1,1,53,0,0,0,0,0,0,0,0,0,0,0,0,0,0,0,0,0,0,0
3248892633,1200.0,0.3479541,512.9961,0.0,53215,284,20.958984,4661,0,0,0,0,0.0,0,0,1,1,1,1,53,0,0,0,0,0,0,0,0,0,0,0,0,0,0,0,0,0,0,0
3249152502,1200.0,0.3479541,512.9961,0.0,53219,284,20.958984,4661,0,0,0,0,0.0,0,0,1,1,1,1,53,0,0,0,0,0,0,0,0,0,0,0,0,0,0,0,0,0,0,0
3250402786,1200.0,0.3479541,993.9563,0.0,53246,284,20.999077,4662,0,0,0,0,0.0,0,0,1,1,1,1,53,0,0,0,0,0,0,0,0,0,0,0,0,0,0,0,0,0,0,0
3251656473,1200.0,0.3479541,425.5638,0.0,53262,284,20.978498,4663,0,0,0,0,0.0,0,0,1,1,1,1,53,0,0,0,0,0,0,0,0,0,0,0,0,0,0,0,0,0,0,0
3252918451,1200.0,0.3479541,868.3314,0.0,53287,284,20.983843,4665,0,0,0,0,0.0,0,0,1,1,1,1,53,0,0,0,0,0,0,0,0,0,0,0,0,0,0,0,0,0,0,0
3253918455,1200.0,0.3479541,484.40417,0.0,53301,284,20.974201,4666,0,0,0,0,0.0,0,0,1,1,1,1,53,0,0,0,0,0,0,0,0,0,0,0,0,0,0,0,0,0,0,0
3254168651,1200.0,0.3479541,484.40417,0.0,53304,284,20.974201,4666,0,0,0,0,0.0,0,0,1,1,1,1,53,0,0,0,0,0,0,0,0,0,0,0,0,0,0,0,0,0,0,0
3255428702,1200.0,0.3479541,502.93915,0.0,53329,284,20.99746,4667,0,0,0,0,0.0,0,0,1,1,1,1,53,0,0,0,0,0,0,0,0,0,0,0,0,0,0,0,0,0,0,0
3256682487,1200.0,0.3479541,961.41296,0.0,53344,284,20.92194,4668,0,0,0,0,0.0,0,0,1,1,1,1,53,0,0,0,0,0,0,0,0,0,0,0,0,0,0,0,0,0,0,0
3257943436,1200.0,0.3479541,561.9826,0.0,53363,284,20.99935,4670,0,0,0,0,0.0,0,0,1,1,1,1,53,0,0,0,0,0,0,0,0,0,0,0,0,0,0,0,0,0,0,0
3258943606,1200.0,0.3479541,839.15753,0.0,53383,284,20.978937,4671,0,0,0,0,0.0,0,0,1,1,1,1,53,0,0,0,0,0,0,0,0,0,0,0,0,0,0,0,0,0,0,0
3259193611,1200.0,0.3479541,839.15753,0.0,53387,284,20.978937,4671,0,0,0,0,0.0,0,0,1,1,1,1,53,0,0,0,0,0,0,0,0,0,0,0,0,0,0,0,0,0,0,0
3260453423,1200.0,0.3479541,516.889,0.0,53403,284,20.794384,4672,0,0,0,0,0.0,0,0,1,1,1,1,53,0,0,0,0,0,0,0,0,0,0,0,0,0,0,0,0,0,0,0
3261713498,1200.0,0.3479541,477.2074,0.0,53430,284,20.791193,4673,0,0,0,0,0.0,0,0,1,1,1,1,53,0,0,0,0,0,0,0,0,0,0,0,0,0,0,0,0,0,0,0
3262977475,1200.0,0.3479541,501.49402,0.0,53447,284,20.937126,4675,0,0,0,0,0.0,0,0,1,1,1,1,53,0,0,0,0,0,0,0,0,0,0,0,0,0,0,0,0,0,0,0
3263978625,1200.0,0.3479541,457.08307,0.0,53461,284,20.957956,4676,0,0,0,0,0.0,0,0,1,1,1,1,53,0,0,0,0,0,0,0,0,0,0,0,0,0,0,0,0,0,0,0
3264228599,1200.0,0.3479541,457.08307,0.0,53473,284,20.957956,4676,0,0,0,0,0.0,0,0,1,1,1,1,53,0,0,0,0,0,0,0,0,0,0,0,0,0,0,0,0,0,0,0
3265488606,1200.0,0.3479541,941.5916,0.0,53489,284,20.792244,4677,0,0,0,0,0.0,0,0,1,1,1,1,53,0,0,0,0,0,0,0,0,0,0,0,0,0,0,0,0,0,0,0
3266748931,1200.0,0.3479541,470.86108,0.0,53504,284,32.990265,4678,0,0,0,0,0.0,0,0,1,1,1,1,53,0,0,0,0,0,0,0,0,0,0,0,0,0,0,0,0,0,0,0
3268001423,1200.0,0.3479541,873.5392,0.0,53531,284,20.941008,4680,0,0,0,0,0.0,0,0,1,1,1,1,53,0,0,0,0,0,0,0,0,0,0,0,0,0,0,0,0,0,0,0
3269001590,1200.0,0.3479541,537.8709,0.0,53543,284,41.989925,4681,0,0,0,0,0.0,0,0,1,1,1,1,53,0,0,0,0,0,0,0,0,0,0,0,0,0,0,0,0,0,0,0
3269251443,1200.0,0.3479541,537.8709,0.0,53547,284,41.989925,4681,0,0,0,0,0.0,0,0,1,1,1,1,53,0,0,0,0,0,0,0,0,0,0,0,0,0,0,0,0,0,0,0
3270502686,1200.0,0.3479541,826.3357,0.0,53573,284,0.0,4682,0,0,0,0,0.0,0,0,1,1,1,1,53,0,0,0,0,0,0,0,0,0,0,0,0,0,0,0,0,0,0,0
3271762908,1200.0,0.3479541,546.5585,0.0,53589,284,20.792986,4683,0,0,0,0,0.0,0,0,1,1,1,1,53,0,0,0,0,0,0,0,0,0,0,0,0,0,0,0,0,0,0,0
3273012642,1200.0,0.3479541,1027.8378,0.0,53616,284,20.794407,4685,0,0,0,0,0.0,0,0,1,1,1,1,53,0,0,0,0,0,0,0,0,0,0,0,0,0,0,0,0,0,0,0
3274022555,1200.0,0.3479541,417.82217,0.0,53629,284,0.0,4686,0,0,0,0,0.0,0,0,1,1,1,1,53,0,0,0,0,0,0,0,0,0,0,0,0,0,0,0,0,0,0,0
3274265722,1200.0,0.3479541,417.82217,0.0,53632,284,0.0,4686,0,0,0,0,0.0,0,0,1,1,1,1,53,0,0,0,0,0,0,0,0,0,0,0,0,0,0,0,0,0,0,0
3275525673,1200.0,0.3479541,564.20526,0.0,53656,284,41.86682,4687,0,0,0,0,0.0,0,0,1,1,1,1,53,0,0,0,0,0,0,0,0,0,0,0,0,0,0,0,0,0,0,0
3276786823,1200.0,0.3479541,795.19366,0.0,53672,284,20.978727,4688,0,0,0,0,0.0,0,0,1,1,1,1,53,0,0,0,0,0,0,0,0,0,0,0,0,0,0,0,0,0,0,0
3278036665,1200.0,0.3479541,458.77838,0.0,53687,284,41.97972,4690,0,0,0,0,0.0,0,0,1,1,1,1,53,0,0,0,0,0,0,0,0,0,0,0,0,0,0,0,0,0,0,0
3279046588,1200.0,0.3479541,1039.3414,0.0,53712,284,20.806644,4691,0,0,0,0,0.0,0,0,1,1,1,1,53,0,0,0,0,0,0,0,0,0,0,0,0,0,0,0,0,0,0,0
3279296698,1200.0,0.3479541,1039.3414,0.0,53715,284,20.806644,4691,0,0,0,0,0.0,0,0,1,1,1,1,53,0,0,0,0,0,0,0,0,0,0,0,0,0,0,0,0,0,0,0
3280549578,1200.0,0.3479541,454.3929,0.0,53731,284,0.0,4692,0,0,0,0,0.0,0,0,1,1,1,1,53,0,0,0,0,0,0,0,0,0,0,0,0,0,0,0,0,0,0,0
3281809608,1200.0,0.3479541,509.56406,0.0,53757,284,41.881977,4693,0,0,0,0,0.0,0,0,1,1,1,1,53,0,0,0,0,0,0,0,0,0,0,0,0,0,0,0,0,0,0,0
3283060641,1200.0,0.3479541,605.3825,0.0,53773,284,20.978603,4695,0,0,0,0,0.0,0,0,1,1,1,1,53,0,0,0,0,0,0,0,0,0,0,0,0,0,0,0,0,0,0,0
3284070424,1200.0,0.3479541,379.20868,0.0,53787,284,20.792122,4696,0,0,0,0,0.0,0,0,1,1,1,1,53,0,0,0,0,0,0,0,0,0,0,0,0,0,0,0,0,0,0,0
3284311466,1200.0,0.3479541,379.20868,0.0,53800,284,20.792122,4696,0,0,0,0,0.0,0,0,1,1,1,1,53,0,0,0,0,0,0,0,0,0,0,0,0,0,0,0,0,0,0,0
3285571423,1200.0,0.3479541,1038.9092,0.0,53815,284,20.977974,4697,0,0,0,0,0.0,0,0,1,1,1,1,53,0,0,0,0,0,0,0,0,0,0,0,0,0,0,0,0,0,0,0
3286834619,1200.0,0.3479541,492.56076,0.0,53830,284,20.938818,4699,0,0,0,0,0.0,0,0,1,1,1,1,53,0,0,0,0,0,0,0,0,0,0,0,0,0,0,0,0,0,0,0
3287844521,1200.0,0.3479541,505.94757,0.0,53855,284,20.792366,4700,0,0,0,0,0.0,0,0,1,1,1,1,53,0,0,0,0,0,0,0,0,0,0,0,0,0,0,0,0,0,0,0
3288084939,1200.0,0.3479541,837.623,0.0,53857,284,20.792059,4700,0,0,0,0,0.0,0,0,1,1,1,1,53,0,0,0,0,0,0,0,0,0,0,0,0,0,0,0,0,0,0,0
3289346426,1200.0,0.3479541,473.95493,0.0,53871,284,20.953796,4701,0,0,0,0,0.0,0,0,1,1,1,1,53,0,0,0,0,0,0,0,0,0,0,0,0,0,0,0,0,0,0,0
3290600444,1200.0,0.3479541,876.5749,0.0,53897,284,20.98982,4702,0,0,0,0,0.0,0,0,1,1,1,1,53,0,0,0,0,0,0,0,0,0,0,0,0,0,0,0,0,0,0,0
3291850428,1200.0,0.3479541,562.1399,0.0,53917,284,20.93074,4703,0,0,0,0,0.0,0,0,1,1,1,1,53,0,0,0,0,0,0,0,0,0,0,0,0,0,0,0,0,0,0,0
3292852674,1200.0,0.3479541,537.9995,0.0,53939,284,20.99998,4704,0,0,0,0,0.0,0,0,1,1,1,1,53,0,0,0,0,0,0,0,0,0,0,0,0,0,0,0,0,0,0,0
3293112626,1200.0,0.3479541,842.31616,0.0,53941,284,4.990025,4705,0,0,0,0,0.0,0,0,1,1,1,1,53,0,0,0,0,0,0,0,0,0,0,0,0,0,0,0,0,0,0,0
3294364704,1200.0,0.3479541,501.9995,0.0,53959,284,36.999966,4706,0,0,0,0,0.0,0,0,1,1,1,1,53,0,0,0,0,0,0,0,0,0,0,0,0,0,0,0,0,0,0,0
3295616661,1200.0,0.3479541,467.92477,0.0,53982,284,20.907278,4707,0,0,0,0,0.0,0,0,1,1,1,1,53,0,0,0,0,0,0,0,0,0,0,0,0,0,0,0,0,0,0,0
3296877607,1200.0,0.3479541,1015.0414,0.0,54000,284,20.795969,4709,0,0,0,0,0.0,0,0,1,1,1,1,53,0,0,0,0,0,0,0,0,0,0,0,0,0,0,0,0,0,0,0
3297887497,1200.0,0.3479541,394.70203,0.0,54014,284,20.984158,4710,0,0,0,0,0.0,0,0,1,1,1,1,53,0,0,0,0,0,0,0,0,0,0,0,0,0,0,0,0,0,0,0
3298137446,1200.0,0.3479541,560.3394,0.0,54016,284,20.789978,4710,0,0,0,0,0.0,0,0,1,1,1,1,53,0,0,0,0,0,0,0,0,0,0,0,0,0,0,0,0,0,0,0
3299387489,1200.0,0.3479541,814.9015,0.0,54041,284,20.793356,4711,0,0,0,0,0.0,0,0,1,1,1,1,53,0,0,0,0,0,0,0,0,0,0,0,0,0,0,0,0,0,0,0
3300637423,1200.0,0.3479541,550.9796,0.0,54055,284,20.999224,4712,0,0,0,0,0.0,0,0,1,1,1,1,53,0,0,0,0,0,0,0,0,0,0,0,0,0,0,0,0,0,0,0
3301900586,1200.0,0.3479541,433.72272,0.0,54085,284,20.938337,4714,0,0,0,0,0.0,0,0,1,1,1,1,53,0,0,0,0,0,0,0,0,0,0,0,0,0,0,0,0,0,0,0
3302911031,1200.0,0.3479541,996.93024,0.0,54098,284,20.998531,4715,0,0,0,0,0.0,0,0,1,1,1,1,53,0,0,0,0,0,0,0,0,0,0,0,0,0,0,0,0,0,0,0
3303151036,1200.0,0.3479541,469.3497,0.0,54102,284,20.793974,4715,0,0,0,0,0.0,0,0,1,1,1,1,53,0,0,0,0,0,0,0,0,0,0,0,0,0,0,0,0,0,0,0
3304410640,1200.0,0.3479541,524.75354,0.0,54125,284,20.792122,4716,0,0,0,0,0.0,0,0,1,1,1,1,53,0,0,0,0,0,0,0,0,0,0,0,0,0,0,0,0,0,0,0
3305661009,1200.0,0.3479541,775.24756,0.0,54141,284,20.79208,4717,0,0,0,0,0.0,0,0,1,1,1,1,53,0,0,0,0,0,0,0,0,0,0,0,0,0,0,0,0,0,0,0
3306910606,1200.0,0.3479541,578.9583,0.0,54157,284,20.998487,4719,0,0,0,0,0.0,0,0,1,1,1,1,53,0,0,0,0,0,0,0,0,0,0,0,0,0,0,0,0,0,0,0
3307920514,1200.0,0.3479541,480.2318,0.0,54181,284,20.793543,4720,0,0,0,0,0.0,0,0,1,1,1,1,53,0,0,0,0,0,0,0,0,0,0,0,0,0,0,0,0,0,0,0
3308162784,1200.0,0.3479541,952.4347,0.0,54184,284,20.791193,4720,0,0,0,0,0.0,0,0,1,1,1,1,53,0,0,0,0,0,0,0,0,0,0,0,0,0,0,0,0,0,0,0
3309423472,1200.0,0.3479541,504.50464,0.0,54200,284,20.937939,4721,0,0,0,0,0.0,0,0,1,1,1,1,53,0,0,0,0,0,0,0,0,0,0,0,0,0,0,0,0,0,0,0
3310674574,1200.0,0.3479541,826.09705,0.0,54223,284,20.977072,4722,0,0,0,0,0.0,0,0,1,1,1,1,53,0,0,0,0,0,0,0,0,0,0,0,0,0,0,0,0,0,0,0
3311935560,1200.0,0.3479541,495.20422,0.0,54242,284,20.966309,4724,0,0,0,0,0.0,0,0,1,1,1,1,53,0,0,0,0,0,0,0,0,0,0,0,0,0,0,0,0,0,0,0
3312935676,1200.0,0.3479541,522.0903,0.0,54265,284,20.804358,4725,0,0,0,0,0.0,0,0,1,1,1,1,53,0,0,0,0,0,0,0,0,0,0,0,0,0,0,0,0,0,0,0
3313188937,1200.0,0.3479541,980.8127,0.0,54269,284,20.99599,4725,0,0,0,0,0.0,0,0,1,1,1,1,53,0,0,0,0,0,0,0,0,0,0,0,0,0,0,0,0,0,0,0
3314438709,1200.0,0.3479541,424.82578,0.0,54283,284,20.942116,4726,0,0,0,0,0.0,0,0,1,1,1,1,53,0,0,0,0,0,0,0,0,0,0,0,0,0,0,0,0,0,0,0
3315700421,1200.0,0.3479541,501.02234,0.0,54301,284,20.793417,4727,0,0,0,0,0.0,0,0,1,1,1,1,53,0,0,0,0,0,0,0,0,0,0,0,0,0,0,0,0,0,0,0
3316950497,1200.0,0.3479541,894.2134,0.0,54325,284,20.958126,4729,0,0,0,0,0.0,0,0,1,1,1,1,53,0,0,0,0,0,0,0,0,0,0,0,0,0,0,0,0,0,0,0
3317960433,1200.0,0.3479541,444.99957,0.0,54339,284,20.99998,4730,0,0,0,0,0.0,0,0,1,1,1,1,53,0,0,0,0,0,0,0,0,0,0,0,0,0,0,0,0,0,0,0
3318210466,1200.0,0.3479541,510.86987,0.0,54341,284,20.791216,4730,0,0,0,0,0.0,0,0,1,1,1,1,53,0,0,0,0,0,0,0,0,0,0,0,0,0,0,0,0,0,0,0
3319473502,1200.0,0.3479541,949.19324,0.0,54368,284,20.938086,4731,0,0,0,0,0.0,0,0,1,1,1,1,53,0,0,0,0,0,0,0,0,0,0,0,0,0,0,0,0,0,0,0
3320733478,1200.0,0.3479541,513.9995,0.0,54382,284,20.99998,4732,0,0,0,0,0.0,0,0,1,1,1,1,53,0,0,0,0,0,0,0,0,0,0,0,0,0,0,0,0,0,0,0
3321983486,1200.0,0.3479541,508.93842,0.0,54411,284,20.99746,4734,0,0,0,0,0.0,0,0,1,1,1,1,53,0,0,0,0,0,0,0,0,0,0,0,0,0,0,0,0,0,0,0
3322983548,1200.0,0.3479541,850.4791,0.0,54424,284,20.791689,4735,0,0,0,0,0.0,0,0,1,1,1,1,53,0,0,0,0,0,0,0,0,0,0,0,0,0,0,0,0,0,0,0
3323243510,1200.0,0.3479541,516.8424,0.0,54426,284,20.792511,4735,0,0,0,0,0.0,0,0,1,1,1,1,53,0,0,0,0,0,0,0,0,0,0,0,0,0,0,0,0,0,0,0
3324493444,1200.0,0.3479541,474.2274,0.0,54454,284,20.790762,4736,0,0,0,0,0.0,0,0,1,1,1,1,53,0,0,0,0,0,0,0,0,0,0,0,0,0,0,0,0,0,0,0
3325746697,1200.0,0.3479541,942.6676,0.0,54468,284,20.794138,4737,0,0,0,0,0.0,0,0,1,1,1,1,53,0,0,0,0,0,0,0,0,0,0,0,0,0,0,0,0,0,0,0
3327006571,1200.0,0.3479541,564.2019,0.0,54485,284,20.933287,4739,0,0,0,0,0.0,0,0,1,1,1,1,53,0,0,0,0,0,0,0,0,0,0,0,0,0,0,0,0,0,0,0
3328007424,1200.0,0.3479541,391.15457,0.0,54508,284,20.795559,4740,0,0,0,0,0.0,0,0,1,1,1,1,53,0,0,0,0,0,0,0,0,0,0,0,0,0,0,0,0,0,0,0
3328267517,1200.0,0.3479541,958.1396,0.0,54511,284,20.98116,4740,0,0,0,0,0.0,0,0,1,1,1,1,53,0,0,0,0,0,0,0,0,0,0,0,0,0,0,0,0,0,0,0
3329518114,1200.0,0.3479541,425.74258,0.0,54525,284,20.79208,4741,0,0,0,0,0.0,0,0,1,1,1,1,53,0,0,0,0,0,0,0,0,0,0,0,0,0,0,0,0,0,0,0
3330767573,1200.0,0.3479541,902.9729,0.0,54554,284,20.999369,4742,0,0,0,0,0.0,0,0,1,1,1,1,53,0,0,0,0,0,0,0,0,0,0,0,0,0,0,0,0,0,0,0
3332027422,1200.0,0.3479541,538.9935,0.0,54570,284,20.999746,4744,0,0,0,0,0.0,0,0,1,1,1,1,53,0,0,0,0,0,0,0,0,0,0,0,0,0,0,0,0,0,0,0
3333030670,1200.0,0.3479541,571.2866,0.0,54592,284,20.792059,4745,0,0,0,0,0.0,0,0,1,1,1,1,53,0,0,0,0,0,0,0,0,0,0,0,0,0,0,0,0,0,0,0
3333280650,1200.0,0.3479541,822.5103,0.0,54595,284,20.936626,4745,0,0,0,0,0.0,0,0,1,1,1,1,53,0,0,0,0,0,0,0,0,0,0,0,0,0,0,0,0,0,0,0
3334531448,1200.0,0.3479541,484.1915,0.0,54610,284,20.7935,4746,0,0,0,0,0.0,0,0,1,1,1,1,53,0,0,0,0,0,0,0,0,0,0,0,0,0,0,0,0,0,0,0
3335782462,1200.0,0.3479541,430.5694,0.0,54627,284,20.97902,4747,0,0,0,0,0.0,0,0,1,1,1,1,53,0,0,0,0,0,0,0,0,0,0,0,0,0,0,0,0,0,0,0
3337045872,1200.0,0.3479541,1077.921,0.0,54652,284,20.979,4749,0,0,0,0,0.0,0,0,1,1,1,1,53,0,0,0,0,0,0,0,0,0,0,0,0,0,0,0,0,0,0,0
3338046549,1200.0,0.3479541,380.70978,0.0,54667,284,20.929071,4750,0,0,0,0,0.0,0,0,1,1,1,1,53,0,0,0,0,0,0,0,0,0,0,0,0,0,0,0,0,0,0,0
3338306495,1200.0,0.3479541,565.65497,0.0,54668,284,20.987198,4750,0,0,0,0,0.0,0,0,1,1,1,1,53,0,0,0,0,0,0,0,0,0,0,0,0,0,0,0,0,0,0,0
3339557464,1200.0,0.3479541,795.2056,0.0,54695,284,20.979042,4751,0,0,0,0,0.0,0,0,1,1,1,1,53,0,0,0,0,0,0,0,0,0,0,0,0,0,0,0,0,0,0,0
3340807604,1200.0,0.3479541,576.9631,0.0,54710,284,20.998655,4752,0,0,0,0,0.0,0,0,1,1,1,1,53,0,0,0,0,0,0,0,0,0,0,0,0,0,0,0,0,0,0,0
3341817495,1200.0,0.3479541,428.72305,0.0,54735,284,20.792572,4754,0,0,0,0,0.0,0,0,1,1,1,1,53,0,0,0,0,0,0,0,0,0,0,0,0,0,0,0,0,0,0,0
3342067551,1200.0,0.3479541,428.72305,0.0,54739,284,20.792572,4754,0,0,0,0,0.0,0,0,1,1,1,1,53,0,0,0,0,0,0,0,0,0,0,0,0,0,0,0,0,0,0,0
3343330888,1200.0,0.3479541,457.6276,0.0,54754,284,20.93721,4755,0,0,0,0,0.0,0,0,1,1,1,1,53,0,0,0,0,0,0,0,0,0,0,0,0,0,0,0,0,0,0,0
3344581633,1200.0,0.3479541,528.94336,0.0,54778,284,20.997753,4756,0,0,0,0,0.0,0,0,1,1,1,1,53,0,0,0,0,0,0,0,0,0,0,0,0,0,0,0,0,0,0,0
3345841427,1200.0,0.3479541,795.28906,0.0,54794,284,20.981243,4758,0,0,0,0,0.0,0,0,1,1,1,1,53,0,0,0,0,0,0,0,0,0,0,0,0,0,0,0,0,0,0,0
3346841571,1200.0,0.3479541,567.95575,0.0,54807,284,20.998363,4759,0,0,0,0,0.0,0,0,1,1,1,1,53,0,0,0,0,0,0,0,0,0,0,0,0,0,0,0,0,0,0,0
3347091422,1200.0,0.3479541,567.95575,0.0,54809,284,20.998363,4759,0,0,0,0,0.0,0,0,1,1,1,1,53,0,0,0,0,0,0,0,0,0,0,0,0,0,0,0,0,0,0,0
3348341473,1200.0,0.3479541,1005.7992,0.0,54836,284,20.789158,4760,0,0,0,0,0.0,0,0,1,1,1,1,53,0,0,0,0,0,0,0,0,0,0,0,0,0,0,0,0,0,0,0
3349604611,1200.0,0.3479541,491.596,0.0,54853,284,20.940195,4761,0,0,0,0,0.0,0,0,1,1,1,1,53,0,0,0,0,0,0,0,0,0,0,0,0,0,0,0,0,0,0,0
3350856573,1200.0,0.3479541,517.97614,0.0,54880,284,20.999033,4763,0,0,0,0,0.0,0,0,1,1,1,1,53,0,0,0,0,0,0,0,0,0,0,0,0,0,0,0,0,0,0,0
3351856622,1200.0,0.3479541,848.31775,0.0,54894,284,20.958439,4764,0,0,0,0,0.0,0,0,1,1,1,1,53,0,0,0,0,0,0,0,0,0,0,0,0,0,0,0,0,0,0,0
3352106547,1200.0,0.3479541,848.31775,0.0,54895,284,20.958439,4764,0,0,0,0,0.0,0,0,1,1,1,1,53,0,0,0,0,0,0,0,0,0,0,0,0,0,0,0,0,0,0,0
3353370424,1200.0,0.3479541,911.4744,0.0,54923,284,20.919085,4765,0,0,0,0,0.0,0,0,1,1,1,1,53,0,0,0,0,0,0,0,0,0,0,0,0,0,0,0,0,0,0,0
3354620543,1200.0,0.3479541,539.60394,0.0,54938,284,20.79208,4766,0,0,0,0,0.0,0,0,1,1,1,1,53,0,0,0,0,0,0,0,0,0,0,0,0,0,0,0,0,0,0,0
3355871500,1200.0,0.3479541,493.507,0.0,54955,284,20.979042,4768,0,0,0,0,0.0,0,0,1,1,1,1,53,0,0,0,0,0,0,0,0,0,0,0,0,0,0,0,0,0,0,0
3356871567,1200.0,0.3479541,857.9623,0.0,54977,284,20.999077,4768,0,0,0,0,0.0,0,0,1,1,1,1,53,0,0,0,0,0,0,0,0,0,0,0,0,0,0,0,0,0,0,0
3357131532,1200.0,0.3479541,857.9623,0.0,54979,284,20.999077,4769,0,0,0,0,0.0,0,0,1,1,1,1,53,0,0,0,0,0,0,0,0,0,0,0,0,0,0,0,0,0,0,0
3358381539,1200.0,0.3479541,499.0267,0.0,54994,284,20.792778,4770,0,0,0,0,0.0,0,0,1,1,1,1,53,0,0,0,0,0,0,0,0,0,0,0,0,0,0,0,0,0,0,0
3359634453,1200.0,0.3479541,950.08514,0.0,55021,284,20.93577,4771,0,0,0,0,0.0,0,0,1,1,1,1,53,0,0,0,0,0,0,0,0,0,0,0,0,0,0,0,0,0,0,0
3360894492,1200.0,0.3479541,483.10806,0.0,55039,284,20.789486,4773,0,0,0,0,0.0,0,0,1,1,1,1,53,0,0,0,0,0,0,0,0,0,0,0,0,0,0,0,0,0,0,0
3361896784,1200.0,0.3479541,537.5119,0.0,55061,284,20.98095,4773,0,0,0,0,0.0,0,0,1,1,1,1,53,0,0,0,0,0,0,0,0,0,0,0,0,0,0,0,0,0,0,0
3362146544,1200.0,0.3479541,537.5119,0.0,55062,284,20.98095,4774,0,0,0,0,0.0,0,0,1,1,1,1,53,0,0,0,0,0,0,0,0,0,0,0,0,0,0,0,0,0,0,0
3363396563,1200.0,0.3479541,534.9807,0.0,55080,284,20.999245,4775,0,0,0,0,0.0,0,0,1,1,1,1,53,0,0,0,0,0,0,0,0,0,0,0,0,0,0,0,0,0,0,0
3364659638,1200.0,0.3479541,424.6708,0.0,55105,284,20.934477,4776,0,0,0,0,0.0,0,0,1,1,1,1,53,0,0,0,0,0,0,0,0,0,0,0,0,0,0,0,0,0,0,0
3365919469,1200.0,0.3479541,982.31537,0.0,55122,284,20.794983,4778,0,0,0,0,0.0,0,0,1,1,1,1,53,0,0,0,0,0,0,0,0,0,0,0,0,0,0,0,0,0,0,0
3366920420,1200.0,0.3479541,515.35834,0.0,55135,284,20.973886,4779,0,0,0,0,0.0,0,0,1,1,1,1,53,0,0,0,0,0,0,0,0,0,0,0,0,0,0,0,0,0,0,0
3367170427,1200.0,0.3479541,515.35834,0.0,55138,284,20.973886,4779,0,0,0,0,0.0,0,0,1,1,1,1,53,0,0,0,0,0,0,0,0,0,0,0,0,0,0,0,0,0,0,0
3368430574,1200.0,0.3479541,910.1353,0.0,55162,284,20.797434,4780,0,0,0,0,0.0,0,0,1,1,1,1,53,0,0,0,0,0,0,0,0,0,0,0,0,0,0,0,0,0,0,0
3369690459,1200.0,0.3479541,482.99954,0.0,55179,284,20.99998,4781,0,0,0,0,0.0,0,0,1,1,1,1,53,0,0,0,0,0,0,0,0,0,0,0,0,0,0,0,0,0,0,0
3370943818,1200.0,0.3479541,531.3597,0.0,55206,284,20.935371,4783,0,0,0,0,0.0,0,0,1,1,1,1,53,0,0,0,0,0,0,0,0,0,0,0,0,0,0,0,0,0,0,0
3371953469,1200.0,0.3479541,895.9641,0.0,55221,284,20.999159,4784,0,0,0,0,0.0,0,0,1,1,1,1,53,0,0,0,0,0,0,0,0,0,0,0,0,0,0,0,0,0,0,0
3372203452,1200.0,0.3479541,895.9641,0.0,55223,284,20.999159,4784,0,0,0,0,0.0,0,0,1,1,1,1,53,0,0,0,0,0,0,0,0,0,0,0,0,0,0,0,0,0,0,0
3373464474,1200.0,0.3479541,843.6379,0.0,55248,284,20.79389,4785,0,0,0,0,0.0,0,0,1,1,1,1,53,0,0,0,0,0,0,0,0,0,0,0,0,0,0,0,0,0,0,0
3374719472,1200.0,0.3479541,486.54974,0.0,55263,284,20.894773,4786,0,0,0,0,0.0,0,0,1,1,1,1,53,0,0,0,0,0,0,0,0,0,0,0,0,0,0,0,0,0,0,0
3375971456,1200.0,0.3479541,442.10736,0.0,55280,284,20.957685,4788,0,0,0,0,0.0,0,0,1,1,1,1,53,0,0,0,0,0,0,0,0,0,0,0,0,0,0,0,0,0,0,0
3376972714,1200.0,0.3479541,1014.86456,0.0,55303,284,20.792347,4789,0,0,0,0,0.0,0,0,1,1,1,1,53,0,0,0,0,0,0,0,0,0,0,0,0,0,0,0,0,0,0,0
3377232596,1200.0,0.3479541,1014.86456,0.0,55305,284,20.792347,4789,0,0,0,0,0.0,0,0,1,1,1,1,53,0,0,0,0,0,0,0,0,0,0,0,0,0,0,0,0,0,0,0
3378476534,1200.0,0.3479541,576.5123,0.0,55322,284,20.909775,4790,0,0,0,0,0.0,0,0,1,1,1,1,53,0,0,0,0,0,0,0,0,0,0,0,0,0,0,0,0,0,0,0
3379737606,1200.0,0.3479541,807.1944,0.0,55348,284,20.798874,4791,0,0,0,0,0.0,0,0,1,1,1,1,53,0,0,0,0,0,0,0,0,0,0,0,0,0,0,0,0,0,0,0
3380987854,1200.0,0.3479541,488.60474,0.0,55365,284,20.983027,4793,0,0,0,0,0.0,0,0,1,1,1,1,53,0,0,0,0,0,0,0,0,0,0,0,0,0,0,0,0,0,0,0
3381997460,1200.0,0.3479541,493.959,0.0,55389,284,20.998259,4794,0,0,0,0,0.0,0,0,1,1,1,1,53,0,0,0,0,0,0,0,0,0,0,0,0,0,0,0,0,0,0,0
3382247657,1200.0,0.3479541,493.959,0.0,55391,284,20.998259,4794,0,0,0,0,0.0,0,0,1,1,1,1,53,0,0,0,0,0,0,0,0,0,0,0,0,0,0,0,0,0,0,0
3383500560,1200.0,0.3479541,457.6326,0.0,55407,284,20.937439,4795,0,0,0,0,0.0,0,0,1,1,1,1,53,0,0,0,0,0,0,0,0,0,0,0,0,0,0,0,0,0,0,0
3384760637,1200.0,0.3479541,497.13403,0.0,55433,284,20.796444,4796,0,0,0,0,0.0,0,0,1,1,1,1,53,0,0,0,0,0,0,0,0,0,0,0,0,0,0,0,0,0,0,0
3386011466,1200.0,0.3479541,782.99927,0.0,55447,284,20.99998,4798,0,0,0,0,0.0,0,0,1,1,1,1,53,0,0,0,0,0,0,0,0,0,0,0,0,0,0,0,0,0,0,0
3387011639,1200.0,0.3479541,605.3952,0.0,55461,284,20.979042,4799,0,0,0,0,0.0,0,0,1,1,1,1,53,0,0,0,0,0,0,0,0,0,0,0,0,0,0,0,0,0,0,0
3387271620,1200.0,0.3479541,605.3952,0.0,55464,284,20.979042,4799,0,0,0,0,0.0,0,0,1,1,1,1,53,0,0,0,0,0,0,0,0,0,0,0,0,0,0,0,0,0,0,0
3388521550,1200.0,0.3479541,971.3641,0.0,55490,284,20.793726,4800,0,0,0,0,0.0,0,0,1,1,1,1,53,0,0,0,0,0,0,0,0,0,0,0,0,0,0,0,0,0,0,0
3389774467,1200.0,0.3479541,535.7185,0.0,55508,284,20.949886,4801,0,0,0,0,0.0,0,0,1,1,1,1,53,0,0,0,0,0,0,0,0,0,0,0,0,0,0,0,0,0,0,0
3391034426,1200.0,0.3479541,478.70895,0.0,55532,284,20.98724,4803,0,0,0,0,0.0,0,0,1,1,1,1,53,0,0,0,0,0,0,0,0,0,0,0,0,0,0,0,0,0,0,0
3392037536,1200.0,0.3479541,896.00183,0.0,55545,284,20.976631,4804,0,0,0,0,0.0,0,0,1,1,1,1,53,0,0,0,0,0,0,0,0,0,0,0,0,0,0,0,0,0,0,0
3392287583,1200.0,0.3479541,896.00183,0.0,55548,284,20.976631,4804,0,0,0,0,0.0,0,0,1,1,1,1,53,0,0,0,0,0,0,0,0,0,0,0,0,0,0,0,0,0,0,0
3393550574,1200.0,0.3479541,900.6673,0.0,55576,284,20.945751,4805,0,0,0,0,0.0,0,0,1,1,1,1,53,0,0,0,0,0,0,0,0,0,0,0,0,0,0,0,0,0,0,0
3394800463,1200.0,0.3479541,516.78815,0.0,55592,284,20.991394,4806,0,0,0,0,0.0,0,0,1,1,1,1,53,0,0,0,0,0,0,0,0,0,0,0,0,0,0,0,0,0,0,0
3396060645,1200.0,0.3479541,576.99945,0.0,55606,284,20.99998,4808,0,0,0,0,0.0,0,0,1,1,1,1,53,0,0,0,0,0,0,0,0,0,0,0,0,0,0,0,0,0,0,0
3397070574,1200.0,0.3479541,816.83246,0.0,55630,284,20.792099,4809,0,0,0,0,0.0,0,0,1,1,1,1,53,0,0,0,0,0,0,0,0,0,0,0,0,0,0,0,0,0,0,0
3397320544,1200.0,0.3479541,816.83246,0.0,55632,284,20.792099,4809,0,0,0,0,0.0,0,0,1,1,1,1,53,0,0,0,0,0,0,0,0,0,0,0,0,0,0,0,0,0,0,0
3398580457,1200.0,0.3479541,429.9957,0.0,55647,284,20.99979,4810,0,0,0,0,0.0,0,0,1,1,1,1,53,0,0,0,0,0,0,0,0,0,0,0,0,0,0,0,0,0,0,0
3399840528,1200.0,0.3479541,1067.4387,0.0,55676,284,20.794262,4811,0,0,0,0,0.0,0,0,1,1,1,1,53,0,0,0,0,0,0,0,0,0,0,0,0,0,0,0,0,0,0,0
3400843501,1200.0,0.3479541,380.77844,0.0,55689,284,20.932846,4813,0,0,0,0,0.0,0,0,1,1,1,1,53,0,0,0,0,0,0,0,0,0,0,0,0,0,0,0,0,0,0,0
3401093445,1200.0,0.3479541,380.77844,0.0,55692,284,20.932846,4813,0,0,0,0,0.0,0,0,1,1,1,1,53,0,0,0,0,0,0,0,0,0,0,0,0,0,0,0,0,0,0,0
3402343600,1200.0,0.3479541,582.29816,0.0,55716,284,20.796362,4814,0,0,0,0,0.0,0,0,1,1,1,1,53,0,0,0,0,0,0,0,0,0,0,0,0,0,0,0,0,0,0,0
3403596542,1200.0,0.3479541,575.2742,0.0,55733,284,20.937187,4815,0,0,0,0,0.0,0,0,1,1,1,1,53,0,0,0,0,0,0,0,0,0,0,0,0,0,0,0,0,0,0,0
3404849497,1200.0,0.3479541,410.96835,0.0,55758,284,20.998383,4817,0,0,0,0,0.0,0,0,1,1,1,1,53,0,0,0,0,0,0,0,0,0,0,0,0,0,0,0,0,0,0,0
3405859465,1200.0,0.3479541,1006.05835,0.0,55772,284,20.938776,4817,0,0,0,0,0.0,0,0,1,1,1,1,53,0,0,0,0,0,0,0,0,0,0,0,0,0,0,0,0,0,0,0
3406099495,1200.0,0.3479541,1006.05835,0.0,55774,284,20.938776,4818,0,0,0,0,0.0,0,0,1,1,1,1,53,0,0,0,0,0,0,0,0,0,0,0,0,0,0,0,0,0,0,0
3407359421,1200.0,0.3479541,459.94528,0.0,55790,284,20.997501,4819,0,0,0,0,0.0,0,0,1,1,1,1,53,0,0,0,0,0,0,0,0,0,0,0,0,0,0,0,0,0,0,0
3408619423,1200.0,0.3479541,820.8238,0.0,55817,284,20.792881,4820,0,0,0,0,0.0,0,0,1,1,1,1,53,0,0,0,0,0,0,0,0,0,0,0,0,0,0,0,0,0,0,0
3409879548,1200.0,0.3479541,562.3774,0.0,55833,284,20.792122,4822,0,0,0,0,0.0,0,0,1,1,1,1,53,0,0,0,0,0,0,0,0,0,0,0,0,0,0,0,0,0,0,0
3410889426,1200.0,0.3479541,441.5846,0.0,55858,284,20.792099,4823,0,0,0,0,0.0,0,0,1,1,1,1,53,0,0,0,0,0,0,0,0,0,0,0,0,0,0,0,0,0,0,0
3411129541,1200.0,0.3479541,441.5846,0.0,55861,284,20.792099,4823,0,0,0,0,0.0,0,0,1,1,1,1,53,0,0,0,0,0,0,0,0,0,0,0,0,0,0,0,0,0,0,0
3412382696,1200.0,0.3479541,1036.925,0.0,55877,284,20.958061,4824,0,0,0,0,0.0,0,0,1,1,1,1,53,0,0,0,0,0,0,0,0,0,0,0,0,0,0,0,0,0,0,0
3413643567,1200.0,0.3479541,518.9175,0.0,55901,284,20.99666,4825,0,0,0,0,0.0,0,0,1,1,1,1,53,0,0,0,0,0,0,0,0,0,0,0,0,0,0,0,0,0,0,0
3414903425,1200.0,0.3479541,797.3095,0.0,55918,284,20.981829,4827,0,0,0,0,0.0,0,0,1,1,1,1,53,0,0,0,0,0,0,0,0,0,0,0,0,0,0,0,0,0,0,0
3415903514,1200.0,0.3479541,514.9532,0.0,55929,284,20.99809,4828,0,0,0,0,0.0,0,0,1,1,1,1,53,0,0,0,0,0,0,0,0,0,0,0,0,0,0,0,0,0,0,0
3416163465,1200.0,0.3479541,514.9532,0.0,55932,284,20.99809,4828,0,0,0,0,0.0,0,0,1,1,1,1,53,0,0,0,0,0,0,0,0,0,0,0,0,0,0,0,0,0,0,0
3417413430,1200.0,0.3479541,982.9931,0.0,55960,284,20.999853,4829,0,0,0,0,0.0,0,0,1,1,1,1,53,0,0,0,0,0,0,0,0,0,0,0,0,0,0,0,0,0,0,0
3418666651,1200.0,0.3479541,492.5853,0.0,55975,284,20.939861,4830,0,0,0,0,0.0,0,0,1,1,1,1,53,0,0,0,0,0,0,0,0,0,0,0,0,0,0,0,0,0,0,0
3419927621,1200.0,0.3479541,897.03217,0.0,55999,284,20.977365,4832,0,0,0,0,0.0,0,0,1,1,1,1,53,0,0,0,0,0,0,0,0,0,0,0,0,0,0,0,0,0,0,0
3420928427,1200.0,0.3479541,454.4977,0.0,56015,284,20.794014,4833,0,0,0,0,0.0,0,0,1,1,1,1,53,0,0,0,0,0,0,0,0,0,0,0,0,0,0,0,0,0,0,0
3421188575,1200.0,0.3479541,454.4977,0.0,56018,284,20.794014,4833,0,0,0,0,0.0,0,0,1,1,1,1,53,0,0,0,0,0,0,0,0,0,0,0,0,0,0,0,0,0,0,0
3422441751,1200.0,0.3479541,526.44196,0.0,56044,284,20.977764,4834,0,0,0,0,0.0,0,0,1,1,1,1,53,0,0,0,0,0,0,0,0,0,0,0,0,0,0,0,0,0,0,0
3423691626,1200.0,0.3479541,487.96976,0.0,56061,284,20.9987,4835,0,0,0,0,0.0,0,0,1,1,1,1,53,0,0,0,0,0,0,0,0,0,0,0,0,0,0,0,0,0,0,0
3424951995,1200.0,0.3479541,510.9022,0.0,56085,284,20.79253,4837,0,0,0,0,0.0,0,0,1,1,1,1,53,0,0,0,0,0,0,0,0,0,0,0,0,0,0,0,0,0,0,0
3425961805,1200.0,0.3479541,819.8344,0.0,56099,284,20.792902,4838,0,0,0,0,0.0,0,0,1,1,1,1,53,0,0,0,0,0,0,0,0,0,0,0,0,0,0,0,0,0,0,0
3426201536,1200.0,0.3479541,819.8344,0.0,56101,284,20.792902,4838,0,0,0,0,0.0,0,0,1,1,1,1,53,0,0,0,0,0,0,0,0,0,0,0,0,0,0,0,0,0,0,0
3427461597,1200.0,0.3479541,536.985,0.0,56116,284,20.999413,4839,0,0,0,0,0.0,0,0,1,1,1,1,53,0,0,0,0,0,0,0,0,0,0,0,0,0,0,0,0,0,0,0
3428711635,1200.0,0.3479541,983.64655,0.0,56143,284,20.802193,4840,0,0,0,0,0.0,0,0,1,1,1,1,53,0,0,0,0,0,0,0,0,0,0,0,0,0,0,0,0,0,0,0
3429964451,1200.0,0.3479541,512.7185,0.0,56159,284,20.785885,4842,0,0,0,0,0.0,0,0,1,1,1,1,53,0,0,0,0,0,0,0,0,0,0,0,0,0,0,0,0,0,0,0
3430964539,1200.0,0.3479541,444.83496,0.0,56183,284,20.945145,4843,0,0,0,0,0.0,0,0,1,1,1,1,53,0,0,0,0,0,0,0,0,0,0,0,0,0,0,0,0,0,0,0
3431224431,1200.0,0.3479541,444.83496,0.0,56185,284,20.945145,4843,0,0,0,0,0.0,0,0,1,1,1,1,53,0,0,0,0,0,0,0,0,0,0,0,0,0,0,0,0,0,0,0
3432485533,1200.0,0.3479541,973.20276,0.0,56202,284,20.7907,4844,0,0,0,0,0.0,0,0,1,1,1,1,53,0,0,0,0,0,0,0,0,0,0,0,0,0,0,0,0,0,0,0
3433735600,1200.0,0.3479541,581.865,0.0,56228,284,20.995129,4845,0,0,0,0,0.0,0,0,1,1,1,1,53,0,0,0,0,0,0,0,0,0,0,0,0,0,0,0,0,0,0,0
3434985642,1200.0,0.3479541,820.03827,0.0,56245,284,20.79807,4847,0,0,0,0,0.0,0,0,1,1,1,1,53,0,0,0,0,0,0,0,0,0,0,0,0,0,0,0,0,0,0,0
3435988504,1200.0,0.3479541,549.2567,0.0,56257,284,20.933558,4848,0,0,0,0,0.0,0,0,1,1,1,1,53,0,0,0,0,0,0,0,0,0,0,0,0,0,0,0,0,0,0,0
3436238629,1200.0,0.3479541,549.2567,0.0,56259,284,20.933558,4848,0,0,0,0,0.0,0,0,1,1,1,1,53,0,0,0,0,0,0,0,0,0,0,0,0,0,0,0,0,0,0,0
3437498519,1200.0,0.3479541,877.4397,0.0,56286,284,20.797104,4849,0,0,0,0,0.0,0,0,1,1,1,1,53,0,0,0,0,0,0,0,0,0,0,0,0,0,0,0,0,0,0,0
3438749464,1200.0,0.3479541,443.52368,0.0,56301,284,20.97747,4850,0,0,0,0,0.0,0,0,1,1,1,1,53,0,0,0,0,0,0,0,0,0,0,0,0,0,0,0,0,0,0,0
3440009427,1200.0,0.3479541,1026.8809,0.0,56328,284,20.997564,4852,0,0,0,0,0.0,0,0,1,1,1,1,53,0,0,0,0,0,0,0,0,0,0,0,0,0,0,0,0,0,0,0
3441009472,1200.0,0.3479541,418.8745,0.0,56343,284,20.795189,4853,0,0,0,0,0.0,0,0,1,1,1,1,53,0,0,0,0,0,0,0,0,0,0,0,0,0,0,0,0,0,0,0
