timestamp,id,event_sequence,arguments[0],arguments[1],arguments[2],arguments[3],arguments[4],arguments[5],arguments[6],arguments[7],arguments[8],arguments[9],arguments[10],arguments[11],arguments[12],arguments[13],arguments[14],arguments[15],arguments[16],arguments[17],arguments[18],arguments[19],arguments[20],arguments[21],arguments[22],arguments[23],arguments[24],log_levels
265713728,17154777,49,8,0,0,0,20,0,0,0,0,0,0,0,0,0,0,0,0,0,0,0,0,0,0,0,0,102
265713735,19865031,50,0,64,0,0,20,0,0,0,0,0,0,0,0,0,0,0,0,0,0,0,0,0,0,0,0,51
265713742,16856624,51,32,0,0,0,20,0,0,0,0,0,0,0,0,0,0,0,0,0,0,0,0,0,0,0,0,102
265713749,17231145,52,255,255,255,255,7,0,0,0,0,0,0,0,0,0,0,0,0,0,0,0,0,0,0,0,0,68
265713757,23579003,53,255,255,255,255,12,0,0,0,0,0,0,0,0,0,0,0,0,0,0,0,0,0,0,0,0,102
265713764,18691879,54,0,2,8,2,40,0,0,0,0,0,0,0,0,0,0,0,0,0,0,0,0,0,0,0,0,136
2951217495,31011876,55,0,0,0,0,0,0,0,0,0,0,0,0,0,0,0,0,0,0,0,0,0,0,0,0,0,102
2951217794,27825120,56,0,0,0,16,0,128,0,0,0,192,59,129,255,192,59,129,255,0,0,0,0,0,0,0,0,136
2951217803,30612409,57,60,0,126,0,20,0,0,0,0,0,0,0,0,0,0,0,0,0,0,0,0,0,0,0,0,51
2951217811,26788467,58,56,0,0,0,20,0,0,0,0,0,0,0,0,0,0,0,0,0,0,0,0,0,0,0,0,51
2951217821,17154777,59,8,0,0,0,20,0,0,0,0,0,0,0,0,0,0,0,0,0,0,0,0,0,0,0,0,102
2951217829,19865031,60,0,64,0,0,20,0,0,0,0,0,0,0,0,0,0,0,0,0,0,0,0,0,0,0,0,51
2951217837,16856624,61,32,0,0,0,20,0,0,0,0,0,0,0,0,0,0,0,0,0,0,0,0,0,0,0,0,102
2951217844,17231145,62,255,255,255,255,7,0,0,0,0,0,0,0,0,0,0,0,0,0,0,0,0,0,0,0,0,68
2951217851,18691879,63,0,2,24,2,40,0,0,0,0,0,0,0,0,0,0,0,0,0,0,0,0,0,0,0,0,136
3049937764,17980399,64,231,7,12,6,18,2,40,0,0,0,0,0,0,0,0,0,0,0,0,0,0,0,0,0,0,102
