timestamp,mode_req_angular_velocity,mode_req_attitude,mode_req_local_alt,mode_req_local_position,mode_req_local_position_relaxed,mode_req_global_position,mode_req_mission,mode_req_offboard_signal,mode_req_home_position,mode_req_wind_and_flight_time_compliance,mode_req_prevent_arming,mode_req_manual_control,mode_req_other,angular_velocity_invalid,attitude_invalid,local_altitude_invalid,local_position_invalid,local_position_invalid_relaxed,local_velocity_invalid,global_position_invalid,auto_mission_missing,offboard_control_signal_lost,home_position_invalid,manual_control_signal_lost,gcs_connection_lost,battery_warning,battery_low_remaining_time,battery_unhealthy,primary_geofence_breached,mission_failure,vtol_fixed_wing_system_failure,wind_limit_exceeded,flight_time_limit_exceeded,local_position_accuracy_low,fd_critical_failure,fd_esc_arming_failure,fd_imbalanced_prop,fd_motor_failure
3049909996,8311870,8310846,8261694,8257592,4,56,8,16384,32,2621464,3944480,33799,0,0,0,0,1,1,1,1,1,1,1,1,0,0,0,0,0,0,0,0,0,0,0,0,0,0
3050453558,8311870,8310846,8261694,8257592,4,56,8,16384,32,2621464,3944480,33799,0,0,0,0,1,1,1,1,1,1,1,1,0,0,0,0,0,0,0,0,0,0,0,0,0,0
3050986644,8311870,8310846,8261694,8257592,4,56,8,16384,32,2621464,3944480,33799,0,0,0,0,1,1,1,1,1,1,1,1,0,0,0,0,0,0,0,0,0,0,0,0,0,0
3051496727,8311870,8310846,8261694,8257592,4,56,8,16384,32,2621464,3944480,33799,0,0,0,0,1,1,1,1,1,1,1,1,0,0,0,0,0,0,0,0,0,0,0,0,0,0
3052018759,8311870,8310846,8261694,8257592,4,56,8,16384,32,2621464,3944480,33799,0,0,0,0,1,1,1,1,1,1,1,1,0,0,0,0,0,0,0,0,0,0,0,0,0,0
3052550878,8311870,8310846,8261694,8257592,4,56,8,16384,32,2621464,3944480,33799,0,0,0,0,1,1,1,1,1,1,1,1,0,0,0,0,0,0,0,0,0,0,0,0,0,0
3053064127,8311870,8310846,8261694,8257592,4,56,8,16384,32,2621464,3944480,33799,0,0,0,0,1,1,1,1,1,1,1,1,0,0,0,0,0,0,0,0,0,0,0,0,0,0
3053617677,8311870,8310846,8261694,8257592,4,56,8,16384,32,2621464,3944480,33799,0,0,0,0,1,1,1,1,1,1,1,1,0,0,0,0,0,0,0,0,0,0,0,0,0,0
3054151477,8311870,8310846,8261694,8257592,4,56,8,16384,32,2621464,3944480,33799,0,0,0,0,1,1,1,1,1,1,1,1,0,0,0,0,0,0,0,0,0,0,0,0,0,0
3054695073,8311870,8310846,8261694,8257592,4,56,8,16384,32,2621464,3944480,33799,0,0,0,0,1,1,1,1,1,1,1,1,0,0,0,0,0,0,0,0,0,0,0,0,0,0
3055227531,8311870,8310846,8261694,8257592,4,56,8,16384,32,2621464,3944480,33799,0,0,0,0,1,1,1,1,1,1,1,1,0,0,0,0,0,0,0,0,0,0,0,0,0,0
3055761048,8311870,8310846,8261694,8257592,4,56,8,16384,32,2621464,3944480,33799,0,0,0,0,1,1,1,1,1,1,1,1,0,0,0,0,0,0,0,0,0,0,0,0,0,0
3056314785,8311870,8310846,8261694,8257592,4,56,8,16384,32,2621464,3944480,33799,0,0,0,0,1,1,1,1,1,1,1,1,0,0,0,0,0,0,0,0,0,0,0,0,0,0
3056848727,8311870,8310846,8261694,8257592,4,56,8,16384,32,2621464,3944480,33799,0,0,0,0,1,1,1,1,1,1,1,1,0,0,0,0,0,0,0,0,0,0,0,0,0,0
3057380569,8311870,8310846,8261694,8257592,4,56,8,16384,32,2621464,3944480,33799,0,0,0,0,1,1,1,1,1,1,1,1,0,0,0,0,0,0,0,0,0,0,0,0,0,0
3057902690,8311870,8310846,8261694,8257592,4,56,8,16384,32,2621464,3944480,33799,0,0,0,0,1,1,1,1,1,1,1,1,0,0,0,0,0,0,0,0,0,0,0,0,0,0
3058447499,8311870,8310846,8261694,8257592,4,56,8,16384,32,2621464,3944480,33799,0,0,0,0,1,1,1,1,1,1,1,1,0,0,0,0,0,0,0,0,0,0,0,0,0,0
3058979840,8311870,8310846,8261694,8257592,4,56,8,16384,32,2621464,3944480,33799,0,0,0,0,1,1,1,1,1,1,1,1,0,0,0,0,0,0,0,0,0,0,0,0,0,0
3059523568,8311870,8310846,8261694,8257592,4,56,8,16384,32,2621464,3944480,33799,0,0,0,0,1,1,1,1,1,1,1,1,0,0,0,0,0,0,0,0,0,0,0,0,0,0
3060045682,8311870,8310846,8261694,8257592,4,56,8,16384,32,2621464,3944480,33799,0,0,0,0,1,1,1,1,1,1,1,1,0,0,0,0,0,0,0,0,0,0,0,0,0,0
3060577550,8311870,8310846,8261694,8257592,4,56,8,16384,32,2621464,3944480,33799,0,0,0,0,1,1,1,1,1,1,1,1,0,0,0,0,0,0,0,0,0,0,0,0,0,0
3061110560,8311870,8310846,8261694,8257592,4,56,8,16384,32,2621464,3944480,33799,0,0,0,0,1,1,1,1,1,1,1,1,0,0,0,0,0,0,0,0,0,0,0,0,0,0
3061644490,8311870,8310846,8261694,8257592,4,56,8,16384,32,2621464,3944480,33799,0,0,0,0,1,1,1,1,1,1,1,1,0,0,0,0,0,0,0,0,0,0,0,0,0,0
3062188018,8311870,8310846,8261694,8257592,4,56,8,16384,32,2621464,3944480,33799,0,0,0,0,1,1,1,1,1,1,1,1,0,0,0,0,0,0,0,0,0,0,0,0,0,0
3062730722,8311870,8310846,8261694,8257592,4,56,8,16384,32,2621464,3944480,33799,0,0,0,0,1,1,1,1,1,1,1,1,0,0,0,0,0,0,0,0,0,0,0,0,0,0
3063285775,8311870,8310846,8261694,8257592,4,56,8,16384,32,2621464,3944480,33799,0,0,0,0,1,1,1,1,1,1,1,1,0,0,0,0,0,0,0,0,0,0,0,0,0,0
3063818709,8311870,8310846,8261694,8257592,4,56,8,16384,32,2621464,3944480,33799,0,0,0,0,1,1,1,1,1,1,1,1,0,0,0,0,0,0,0,0,0,0,0,0,0,0
3064351478,8311870,8310846,8261694,8257592,4,56,8,16384,32,2621464,3944480,33799,0,0,0,0,1,1,1,1,1,1,1,1,0,0,0,0,0,0,0,0,0,0,0,0,0,0
3064872806,8311870,8310846,8261694,8257592,4,56,8,16384,32,2621464,3944480,33799,0,0,0,0,1,1,1,1,1,1,1,1,0,0,0,0,0,0,0,0,0,0,0,0,0,0
3065405874,8311870,8310846,8261694,8257592,4,56,8,16384,32,2621464,3944480,33799,0,0,0,0,1,1,1,1,1,1,1,1,0,0,0,0,0,0,0,0,0,0,0,0,0,0
3065926915,8311870,8310846,8261694,8257592,4,56,8,16384,32,2621464,3944480,33799,0,0,0,0,1,1,1,1,1,1,1,1,0,0,0,0,0,0,0,0,0,0,0,0,0,0
3066482708,8311870,8310846,8261694,8257592,4,56,8,16384,32,2621464,3944480,33799,0,0,0,0,1,1,1,1,1,1,1,1,0,0,0,0,0,0,0,0,0,0,0,0,0,0
3067025810,8311870,8310846,8261694,8257592,4,56,8,16384,32,2621464,3944480,33799,0,0,0,0,1,1,1,1,1,1,1,1,0,0,0,0,0,0,0,0,0,0,0,0,0,0
3067549247,8311870,8310846,8261694,8257592,4,56,8,16384,32,2621464,3944480,33799,0,0,0,0,1,1,1,1,1,1,1,1,0,0,0,0,0,0,0,0,0,0,0,0,0,0
3068071591,8311870,8310846,8261694,8257592,4,56,8,16384,32,2621464,3944480,33799,0,0,0,0,1,1,1,1,1,1,1,1,0,0,0,0,0,0,0,0,0,0,0,0,0,0
3068615713,8311870,8310846,8261694,8257592,4,56,8,16384,32,2621464,3944480,33799,0,0,0,0,1,1,1,1,1,1,1,1,0,0,0,0,0,0,0,0,0,0,0,0,0,0
3069159732,8311870,8310846,8261694,8257592,4,56,8,16384,32,2621464,3944480,33799,0,0,0,0,1,1,1,1,1,1,1,1,0,0,0,0,0,0,0,0,0,0,0,0,0,0
3069703524,8311870,8310846,8261694,8257592,4,56,8,16384,32,2621464,3944480,33799,0,0,0,0,1,1,1,1,1,1,1,1,0,0,0,0,0,0,0,0,0,0,0,0,0,0
3070217397,8311870,8310846,8261694,8257592,4,56,8,16384,32,2621464,3944480,33799,0,0,0,0,1,1,1,1,1,1,1,1,0,0,0,0,0,0,0,0,0,0,0,0,0,0
3070738600,8311870,8310846,8261694,8257592,4,56,8,16384,32,2621464,3944480,33799,0,0,0,0,1,1,1,1,1,1,1,1,0,0,0,0,0,0,0,0,0,0,0,0,0,0
3071281697,8311870,8310846,8261694,8257592,4,56,8,16384,32,2621464,3944480,33799,0,0,0,0,1,1,1,1,1,1,1,1,0,0,0,0,0,0,0,0,0,0,0,0,0,0
3071816014,8311870,8310846,8261694,8257592,4,56,8,16384,32,2621464,3944480,33799,0,0,0,0,1,1,1,1,1,1,1,1,0,0,0,0,0,0,0,0,0,0,0,0,0,0
3072358585,8311870,8310846,8261694,8257592,4,56,8,16384,32,2621464,3944480,33799,0,0,0,0,1,1,1,1,1,1,1,1,0,0,0,0,0,0,0,0,0,0,0,0,0,0
3072915188,8311870,8310846,8261694,8257592,4,56,8,16384,32,2621464,3944480,33799,0,0,0,0,1,1,1,1,1,1,1,1,0,0,0,0,0,0,0,0,0,0,0,0,0,0
3073436048,8311870,8310846,8261694,8257592,4,56,8,16384,32,2621464,3944480,33799,0,0,0,0,1,1,1,1,1,1,1,1,0,0,0,0,0,0,0,0,0,0,0,0,0,0
3073949598,8311870,8310846,8261694,8257592,4,56,8,16384,32,2621464,3944480,33799,0,0,0,0,1,1,1,1,1,1,1,1,0,0,0,0,0,0,0,0,0,0,0,0,0,0
3074471729,8311870,8310846,8261694,8257592,4,56,8,16384,32,2621464,3944480,33799,0,0,0,0,1,1,1,1,1,1,1,1,0,0,0,0,0,0,0,0,0,0,0,0,0,0
3075016042,8311870,8310846,8261694,8257592,4,56,8,16384,32,2621464,3944480,33799,0,0,0,0,1,1,1,1,1,1,1,1,0,0,0,0,0,0,0,0,0,0,0,0,0,0
3075570502,8311870,8310846,8261694,8257592,4,56,8,16384,32,2621464,3944480,33799,0,0,0,0,1,1,1,1,1,1,1,1,0,0,0,0,0,0,0,0,0,0,0,0,0,0
3076113700,8311870,8310846,8261694,8257592,4,56,8,16384,32,2621464,3944480,33799,0,0,0,0,1,1,1,1,1,1,1,1,0,0,0,0,0,0,0,0,0,0,0,0,0,0
3076646613,8311870,8310846,8261694,8257592,4,56,8,16384,32,2621464,3944480,33799,0,0,0,0,1,1,1,1,1,1,1,1,0,0,0,0,0,0,0,0,0,0,0,0,0,0
3077169764,8311870,8310846,8261694,8257592,4,56,8,16384,32,2621464,3944480,33799,0,0,0,0,1,1,1,1,1,1,1,1,0,0,0,0,0,0,0,0,0,0,0,0,0,0
3077701708,8311870,8310846,8261694,8257592,4,56,8,16384,32,2621464,3944480,33799,0,0,0,0,1,1,1,1,1,1,1,1,0,0,0,0,0,0,0,0,0,0,0,0,0,0
3078233757,8311870,8310846,8261694,8257592,4,56,8,16384,32,2621464,3944480,33799,0,0,0,0,1,1,1,1,1,1,1,1,0,0,0,0,0,0,0,0,0,0,0,0,0,0
3078767559,8311870,8310846,8261694,8257592,4,56,8,16384,32,2621464,3944480,33799,0,0,0,0,1,1,1,1,1,1,1,1,0,0,0,0,0,0,0,0,0,0,0,0,0,0
3079312634,8311870,8310846,8261694,8257592,4,56,8,16384,32,2621464,3944480,33799,0,0,0,0,1,1,1,1,1,1,1,1,0,0,0,0,0,0,0,0,0,0,0,0,0,0
3079834778,8311870,8310846,8261694,8257592,4,56,8,16384,32,2621464,3944480,33799,0,0,0,0,1,1,1,1,1,1,1,1,0,0,0,0,0,0,0,0,0,0,0,0,0,0
3080368629,8311870,8310846,8261694,8257592,4,56,8,16384,32,2621464,3944480,33799,0,0,0,0,1,1,1,1,1,1,1,1,0,0,0,0,0,0,0,0,0,0,0,0,0,0
3080911802,8311870,8310846,8261694,8257592,4,56,8,16384,32,2621464,3944480,33799,0,0,0,0,1,1,1,1,1,1,1,1,0,0,0,0,0,0,0,0,0,0,0,0,0,0
3081433524,8311870,8310846,8261694,8257592,4,56,8,16384,32,2621464,3944480,33799,0,0,0,0,1,1,1,1,1,1,1,1,0,0,0,0,0,0,0,0,0,0,0,0,0,0
3081977868,8311870,8310846,8261694,8257592,4,56,8,16384,32,2621464,3944480,33799,0,0,0,0,1,1,1,1,1,1,1,1,0,0,0,0,0,0,0,0,0,0,0,0,0,0
3082511811,8311870,8310846,8261694,8257592,4,56,8,16384,32,2621464,3944480,33799,0,0,0,0,1,1,1,1,1,1,1,1,0,0,0,0,0,0,0,0,0,0,0,0,0,0
3083056651,8311870,8310846,8261694,8257592,4,56,8,16384,32,2621464,3944480,33799,0,0,0,0,1,1,1,1,1,1,1,1,0,0,0,0,0,0,0,0,0,0,0,0,0,0
3083599907,8311870,8310846,8261694,8257592,4,56,8,16384,32,2621464,3944480,33799,0,0,0,0,1,1,1,1,1,1,1,1,0,0,0,0,0,0,0,0,0,0,0,0,0,0
3084122929,8311870,8310846,8261694,8257592,4,56,8,16384,32,2621464,3944480,33799,0,0,0,0,1,1,1,1,1,1,1,1,0,0,0,0,0,0,0,0,0,0,0,0,0,0
3084636326,8311870,8310846,8261694,8257592,4,56,8,16384,32,2621464,3944480,33799,0,0,0,0,1,1,1,1,1,1,1,1,0,0,0,0,0,0,0,0,0,0,0,0,0,0
3085168616,8311870,8310846,8261694,8257592,4,56,8,16384,32,2621464,3944480,33799,0,0,0,0,1,1,1,1,1,1,1,1,0,0,0,0,0,0,0,0,0,0,0,0,0,0
3085689532,8311870,8310846,8261694,8257592,4,56,8,16384,32,2621464,3944480,33799,0,0,0,0,1,1,1,1,1,1,1,1,0,0,0,0,0,0,0,0,0,0,0,0,0,0
3086223600,8311870,8310846,8261694,8257592,4,56,8,16384,32,2621464,3944480,33799,0,0,0,0,1,1,1,1,1,1,1,1,0,0,0,0,0,0,0,0,0,0,0,0,0,0
3086766984,8311870,8310846,8261694,8257592,4,56,8,16384,32,2621464,3944480,33799,0,0,0,0,1,1,1,1,1,1,1,1,0,0,0,0,0,0,0,0,0,0,0,0,0,0
3087311584,8311870,8310846,8261694,8257592,4,56,8,16384,32,2621464,3944480,33799,0,0,0,0,1,1,1,1,1,1,1,1,0,0,0,0,0,0,0,0,0,0,0,0,0,0
3087865968,8311870,8310846,8261694,8257592,4,56,8,16384,32,2621464,3944480,33799,0,0,0,0,1,1,1,1,1,1,1,1,0,0,0,0,0,0,0,0,0,0,0,0,0,0
3088388835,8311870,8310846,8261694,8257592,4,56,8,16384,32,2621464,3944480,33799,0,0,0,0,1,1,1,1,1,1,1,1,0,0,0,0,0,0,0,0,0,0,0,0,0,0
3088942579,8311870,8310846,8261694,8257592,4,56,8,16384,32,2621464,3944480,33799,0,0,0,0,1,1,1,1,1,1,1,1,0,0,0,0,0,0,0,0,0,0,0,0,0,0
3089464525,8311870,8310846,8261694,8257592,4,56,8,16384,32,2621464,3944480,33799,0,0,0,0,1,1,1,1,1,1,1,1,0,0,0,0,0,0,0,0,0,0,0,0,0,0
3089998587,8311870,8310846,8261694,8257592,4,56,8,16384,32,2621464,3944480,33799,0,0,0,0,1,1,1,1,1,1,1,1,0,0,0,0,0,0,0,0,0,0,0,0,0,0
3090531025,8311870,8310846,8261694,8257592,4,56,8,16384,32,2621464,3944480,33799,0,0,0,0,1,1,1,1,1,1,1,1,0,0,0,0,0,0,0,0,0,0,0,0,0,0
3091073862,8311870,8310846,8261694,8257592,4,56,8,16384,32,2621464,3944480,33799,0,0,0,0,1,1,1,1,1,1,1,1,0,0,0,0,0,0,0,0,0,0,0,0,0,0
3091585725,8311870,8310846,8261694,8257592,4,56,8,16384,32,2621464,3944480,33799,0,0,0,0,1,1,1,1,1,1,1,1,0,0,0,0,0,0,0,0,0,0,0,0,0,0
3092118659,8311870,8310846,8261694,8257592,4,56,8,16384,32,2621464,3944480,33799,0,0,0,0,1,1,1,1,1,1,1,1,0,0,0,0,0,0,0,0,0,0,0,0,0,0
3092630552,8311870,8310846,8261694,8257592,4,56,8,16384,32,2621464,3944480,33799,0,0,0,0,1,1,1,1,1,1,1,1,0,0,0,0,0,0,0,0,0,0,0,0,0,0
3093140732,8311870,8310846,8261694,8257592,4,56,8,16384,32,2621464,3944480,33799,0,0,0,0,1,1,1,1,1,1,1,1,0,0,0,0,0,0,0,0,0,0,0,0,0,0
3093674658,8311870,8310846,8261694,8257592,4,56,8,16384,32,2621464,3944480,33799,0,0,0,0,1,1,1,1,1,1,1,1,0,0,0,0,0,0,0,0,0,0,0,0,0,0
3094206603,8311870,8310846,8261694,8257592,4,56,8,16384,32,2621464,3944480,33799,0,0,0,0,1,1,1,1,1,1,1,1,0,0,0,0,0,0,0,0,0,0,0,0,0,0
3094729786,8311870,8310846,8261694,8257592,4,56,8,16384,32,2621464,3944480,33799,0,0,0,0,1,1,1,1,1,1,1,1,0,0,0,0,0,0,0,0,0,0,0,0,0,0
3095250623,8311870,8310846,8261694,8257592,4,56,8,16384,32,2621464,3944480,33799,0,0,0,0,1,1,1,1,1,1,1,1,0,0,0,0,0,0,0,0,0,0,0,0,0,0
3095796247,8311870,8310846,8261694,8257592,4,56,8,16384,32,2621464,3944480,33799,0,0,0,0,1,1,1,1,1,1,1,1,0,0,0,0,0,0,0,0,0,0,0,0,0,0
3096318858,8311870,8310846,8261694,8257592,4,56,8,16384,32,2621464,3944480,33799,0,0,0,0,1,1,1,1,1,1,1,1,0,0,0,0,0,0,0,0,0,0,0,0,0,0
3096863599,8311870,8310846,8261694,8257592,4,56,8,16384,32,2621464,3944480,33799,0,0,0,0,1,1,1,1,1,1,1,1,0,0,0,0,0,0,0,0,0,0,0,0,0,0
3097406777,8311870,8310846,8261694,8257592,4,56,8,16384,32,2621464,3944480,33799,0,0,0,0,1,1,1,1,1,1,1,1,0,0,0,0,0,0,0,0,0,0,0,0,0,0
3097951552,8311870,8310846,8261694,8257592,4,56,8,16384,32,2621464,3944480,33799,0,0,0,0,1,1,1,1,1,1,1,1,0,0,0,0,0,0,0,0,0,0,0,0,0,0
3098494658,8311870,8310846,8261694,8257592,4,56,8,16384,32,2621464,3944480,33799,0,0,0,0,1,1,1,1,1,1,1,1,0,0,0,0,0,0,0,0,0,0,0,0,0,0
3099028691,8311870,8310846,8261694,8257592,4,56,8,16384,32,2621464,3944480,33799,0,0,0,0,1,1,1,1,1,1,1,1,0,0,0,0,0,0,0,0,0,0,0,0,0,0
3099572093,8311870,8310846,8261694,8257592,4,56,8,16384,32,2621464,3944480,33799,0,0,0,0,1,1,1,1,1,1,1,1,0,0,0,0,0,0,0,0,0,0,0,0,0,0
3100114742,8311870,8310846,8261694,8257592,4,56,8,16384,32,2621464,3944480,33799,0,0,0,0,1,1,1,1,1,1,1,1,0,0,0,0,0,0,0,0,0,0,0,0,0,0
3100659701,8311870,8310846,8261694,8257592,4,56,8,16384,32,2621464,3944480,33799,0,0,0,0,1,1,1,1,1,1,1,1,0,0,0,0,0,0,0,0,0,0,0,0,0,0
3101192791,8311870,8310846,8261694,8257592,4,56,8,16384,32,2621464,3944480,33799,0,0,0,0,1,1,1,1,1,1,1,1,0,0,0,0,0,0,0,0,0,0,0,0,0,0
3101726374,8311870,8310846,8261694,8257592,4,56,8,16384,32,2621464,3944480,33799,0,0,0,0,1,1,1,1,1,1,1,1,0,0,0,0,0,0,0,0,0,0,0,0,0,0
3102260803,8311870,8310846,8261694,8257592,4,56,8,16384,32,2621464,3944480,33799,0,0,0,0,1,1,1,1,1,1,1,1,0,0,0,0,0,0,0,0,0,0,0,0,0,0
3102792737,8311870,8310846,8261694,8257592,4,56,8,16384,32,2621464,3944480,33799,0,0,0,0,1,1,1,1,1,1,1,1,0,0,0,0,0,0,0,0,0,0,0,0,0,0
3103337527,8311870,8310846,8261694,8257592,4,56,8,16384,32,2621464,3944480,33799,0,0,0,0,1,1,1,1,1,1,1,1,0,0,0,0,0,0,0,0,0,0,0,0,0,0
3103880590,8311870,8310846,8261694,8257592,4,56,8,16384,32,2621464,3944480,33799,0,0,0,0,1,1,1,1,1,1,1,1,0,0,0,0,0,0,0,0,0,0,0,0,0,0
3104414720,8311870,8310846,8261694,8257592,4,56,8,16384,32,2621464,3944480,33799,0,0,0,0,1,1,1,1,1,1,1,1,0,0,0,0,0,0,0,0,0,0,0,0,0,0
3104947104,8311870,8310846,8261694,8257592,4,56,8,16384,32,2621464,3944480,33799,0,0,0,0,1,1,1,1,1,1,1,1,0,0,0,0,0,0,0,0,0,0,0,0,0,0
3105479633,8311870,8310846,8261694,8257592,4,56,8,16384,32,2621464,3944480,33799,0,0,0,0,1,1,1,1,1,1,1,1,0,0,0,0,0,0,0,0,0,0,0,0,0,0
3106002785,8311870,8310846,8261694,8257592,4,56,8,16384,32,2621464,3944480,33799,0,0,0,0,1,1,1,1,1,1,1,1,0,0,0,0,0,0,0,0,0,0,0,0,0,0
3106545935,8311870,8310846,8261694,8257592,4,56,8,16384,32,2621464,3944480,33799,0,0,0,0,1,1,1,1,1,1,1,1,0,0,0,0,0,0,0,0,0,0,0,0,0,0
3107090586,8311870,8310846,8261694,8257592,4,56,8,16384,32,2621464,3944480,33799,0,0,0,0,1,1,1,1,1,1,1,1,0,0,0,0,0,0,0,0,0,0,0,0,0,0
3107622549,8311870,8310846,8261694,8257592,4,56,8,16384,32,2621464,3944480,33799,0,0,0,0,1,1,1,1,1,1,1,1,0,0,0,0,0,0,0,0,0,0,0,0,0,0
3108134137,8311870,8310846,8261694,8257592,4,56,8,16384,32,2621464,3944480,33799,0,0,0,0,1,1,1,1,1,1,1,1,0,0,0,0,0,0,0,0,0,0,0,0,0,0
3108646048,8311870,8310846,8261694,8257592,4,56,8,16384,32,2621464,3944480,33799,0,0,0,0,1,1,1,1,1,1,1,1,0,0,0,0,0,0,0,0,0,0,0,0,0,0
3109168522,8311870,8310846,8261694,8257592,4,56,8,16384,32,2621464,3944480,33799,0,0,0,0,1,1,1,1,1,1,1,1,0,0,0,0,0,0,0,0,0,0,0,0,0,0
3109711567,8311870,8310846,8261694,8257592,4,56,8,16384,32,2621464,3944480,33799,0,0,0,0,1,1,1,1,1,1,1,1,0,0,0,0,0,0,0,0,0,0,0,0,0,0
3110233543,8311870,8310846,8261694,8257592,4,56,8,16384,32,2621464,3944480,33799,0,0,0,0,1,1,1,1,1,1,1,1,0,0,0,0,0,0,0,0,0,0,0,0,0,0
3110754555,8311870,8310846,8261694,8257592,4,56,8,16384,32,2621464,3944480,33799,0,0,0,0,1,1,1,1,1,1,1,1,0,0,0,0,0,0,0,0,0,0,0,0,0,0
3111311004,8311870,8310846,8261694,8257592,4,56,8,16384,32,2621464,3944480,33799,0,0,0,0,1,1,1,1,1,1,1,1,0,0,0,0,0,0,0,0,0,0,0,0,0,0
3111842935,8311870,8310846,8261694,8257592,4,56,8,16384,32,2621464,3944480,33799,0,0,0,0,1,1,1,1,1,1,1,1,0,0,0,0,0,0,0,0,0,0,0,0,0,0
3112377131,8311870,8310846,8261694,8257592,4,56,8,16384,32,2621464,3944480,33799,0,0,0,0,1,1,1,1,1,1,1,1,0,0,0,0,0,0,0,0,0,0,0,0,0,0
3112908724,8311870,8310846,8261694,8257592,4,56,8,16384,32,2621464,3944480,33799,0,0,0,0,1,1,1,1,1,1,1,1,0,0,0,0,0,0,0,0,0,0,0,0,0,0
3113430619,8311870,8310846,8261694,8257592,4,56,8,16384,32,2621464,3944480,33799,0,0,0,0,1,1,1,1,1,1,1,1,0,0,0,0,0,0,0,0,0,0,0,0,0,0
3113964509,8311870,8310846,8261694,8257592,4,56,8,16384,32,2621464,3944480,33799,0,0,0,0,1,1,1,1,1,1,1,1,0,0,0,0,0,0,0,0,0,0,0,0,0,0
3114518807,8311870,8310846,8261694,8257592,4,56,8,16384,32,2621464,3944480,33799,0,0,0,0,1,1,1,1,1,1,1,1,0,0,0,0,0,0,0,0,0,0,0,0,0,0
3115050803,8311870,8310846,8261694,8257592,4,56,8,16384,32,2621464,3944480,33799,0,0,0,0,1,1,1,1,1,1,1,1,0,0,0,0,0,0,0,0,0,0,0,0,0,0
3115585739,8311870,8310846,8261694,8257592,4,56,8,16384,32,2621464,3944480,33799,0,0,0,0,1,1,1,1,1,1,1,1,0,0,0,0,0,0,0,0,0,0,0,0,0,0
3116129033,8311870,8310846,8261694,8257592,4,56,8,16384,32,2621464,3944480,33799,0,0,0,0,1,1,1,1,1,1,1,1,0,0,0,0,0,0,0,0,0,0,0,0,0,0
3116664641,8311870,8310846,8261694,8257592,4,56,8,16384,32,2621464,3944480,33799,0,0,0,0,1,1,1,1,1,1,1,1,0,0,0,0,0,0,0,0,0,0,0,0,0,0
3117198801,8311870,8310846,8261694,8257592,4,56,8,16384,32,2621464,3944480,33799,0,0,0,0,1,1,1,1,1,1,1,1,0,0,0,0,0,0,0,0,0,0,0,0,0,0
3117732597,8311870,8310846,8261694,8257592,4,56,8,16384,32,2621464,3944480,33799,0,0,0,0,1,1,1,1,1,1,1,1,0,0,0,0,0,0,0,0,0,0,0,0,0,0
3118275702,8311870,8310846,8261694,8257592,4,56,8,16384,32,2621464,3944480,33799,0,0,0,0,1,1,1,1,1,1,1,1,0,0,0,0,0,0,0,0,0,0,0,0,0,0
3118797672,8311870,8310846,8261694,8257592,4,56,8,16384,32,2621464,3944480,33799,0,0,0,0,1,1,1,1,1,1,1,1,0,0,0,0,0,0,0,0,0,0,0,0,0,0
3119330777,8311870,8310846,8261694,8257592,4,56,8,16384,32,2621464,3944480,33799,0,0,0,0,1,1,1,1,1,1,1,1,0,0,0,0,0,0,0,0,0,0,0,0,0,0
3119863746,8311870,8310846,8261694,8257592,4,56,8,16384,32,2621464,3944480,33799,0,0,0,0,1,1,1,1,1,1,1,1,0,0,0,0,0,0,0,0,0,0,0,0,0,0
3120396591,8311870,8310846,8261694,8257592,4,56,8,16384,32,2621464,3944480,33799,0,0,0,0,1,1,1,1,1,1,1,1,0,0,0,0,0,0,0,0,0,0,0,0,0,0
3120929618,8311870,8310846,8261694,8257592,4,56,8,16384,32,2621464,3944480,33799,0,0,0,0,1,1,1,1,1,1,1,1,0,0,0,0,0,0,0,0,0,0,0,0,0,0
3121450557,8311870,8310846,8261694,8257592,4,56,8,16384,32,2621464,3944480,33799,0,0,0,0,1,1,1,1,1,1,1,1,0,0,0,0,0,0,0,0,0,0,0,0,0,0
3121972567,8311870,8310846,8261694,8257592,4,56,8,16384,32,2621464,3944480,33799,0,0,0,0,1,1,1,1,1,1,1,1,0,0,0,0,0,0,0,0,0,0,0,0,0,0
3122493744,8311870,8310846,8261694,8257592,4,56,8,16384,32,2621464,3944480,33799,0,0,0,0,1,1,1,1,1,1,1,1,0,0,0,0,0,0,0,0,0,0,0,0,0,0
3123018565,8311870,8310846,8261694,8257592,4,56,8,16384,32,2621464,3944480,33799,0,0,0,0,1,1,1,1,1,1,1,1,0,0,0,0,0,0,0,0,0,0,0,0,0,0
3123562967,8311870,8310846,8261694,8257592,4,56,8,16384,32,2621464,3944480,33799,0,0,0,0,1,1,1,1,1,1,1,1,0,0,0,0,0,0,0,0,0,0,0,0,0,0
3124096132,8311870,8310846,8261694,8257592,4,56,8,16384,32,2621464,3944480,33799,0,0,0,0,1,1,1,1,1,1,1,1,0,0,0,0,0,0,0,0,0,0,0,0,0,0
3124649598,8311870,8310846,8261694,8257592,4,56,8,16384,32,2621464,3944480,33799,0,0,0,0,1,1,1,1,1,1,1,1,0,0,0,0,0,0,0,0,0,0,0,0,0,0
3125160530,8311870,8310846,8261694,8257592,4,56,8,16384,32,2621464,3944480,33799,0,0,0,0,1,1,1,1,1,1,1,1,0,0,0,0,0,0,0,0,0,0,0,0,0,0
3125694387,8311870,8310846,8261694,8257592,4,56,8,16384,32,2621464,3944480,33799,0,0,0,0,1,1,1,1,1,1,1,1,0,0,0,0,0,0,0,0,0,0,0,0,0,0
3126227714,8311870,8310846,8261694,8257592,4,56,8,16384,32,2621464,3944480,33799,0,0,0,0,1,1,1,1,1,1,1,1,0,0,0,0,0,0,0,0,0,0,0,0,0,0
3126759782,8311870,8310846,8261694,8257592,4,56,8,16384,32,2621464,3944480,33799,0,0,0,0,1,1,1,1,1,1,1,1,0,0,0,0,0,0,0,0,0,0,0,0,0,0
3127293599,8311870,8310846,8261694,8257592,4,56,8,16384,32,2621464,3944480,33799,0,0,0,0,1,1,1,1,1,1,1,1,0,0,0,0,0,0,0,0,0,0,0,0,0,0
3127825798,8311870,8310846,8261694,8257592,4,56,8,16384,32,2621464,3944480,33799,0,0,0,0,1,1,1,1,1,1,1,1,0,0,0,0,0,0,0,0,0,0,0,0,0,0
3128370578,8311870,8310846,8261694,8257592,4,56,8,16384,32,2621464,3944480,33799,0,0,0,0,1,1,1,1,1,1,1,1,0,0,0,0,0,0,0,0,0,0,0,0,0,0
3128913591,8311870,8310846,8261694,8257592,4,56,8,16384,32,2621464,3944480,33799,0,0,0,0,1,1,1,1,1,1,1,1,0,0,0,0,0,0,0,0,0,0,0,0,0,0
3129457566,8311870,8310846,8261694,8257592,4,56,8,16384,32,2621464,3944480,33799,0,0,0,0,1,1,1,1,1,1,1,1,0,0,0,0,0,0,0,0,0,0,0,0,0,0
3130001750,8311870,8310846,8261694,8257592,4,56,8,16384,32,2621464,3944480,33799,0,0,0,0,1,1,1,1,1,1,1,1,0,0,0,0,0,0,0,0,0,0,0,0,0,0
3130534869,8311870,8310846,8261694,8257592,4,56,8,16384,32,2621464,3944480,33799,0,0,0,0,1,1,1,1,1,1,1,1,0,0,0,0,0,0,0,0,0,0,0,0,0,0
3131067896,8311870,8310846,8261694,8257592,4,56,8,16384,32,2621464,3944480,33799,0,0,0,0,1,1,1,1,1,1,1,1,0,0,0,0,0,0,0,0,0,0,0,0,0,0
3131610558,8311870,8310846,8261694,8257592,4,56,8,16384,32,2621464,3944480,33799,0,0,0,0,1,1,1,1,1,1,1,1,0,0,0,0,0,0,0,0,0,0,0,0,0,0
3132143711,8311870,8310846,8261694,8257592,4,56,8,16384,32,2621464,3944480,33799,0,0,0,0,1,1,1,1,1,1,1,1,0,0,0,0,0,0,0,0,0,0,0,0,0,0
3132688566,8311870,8310846,8261694,8257592,4,56,8,16384,32,2621464,3944480,33799,0,0,0,0,1,1,1,1,1,1,1,1,0,0,0,0,0,0,0,0,0,0,0,0,0,0
3133231525,8311870,8310846,8261694,8257592,4,56,8,16384,32,2621464,3944480,33799,0,0,0,0,1,1,1,1,1,1,1,1,0,0,0,0,0,0,0,0,0,0,0,0,0,0
3133763583,8311870,8310846,8261694,8257592,4,56,8,16384,32,2621464,3944480,33799,0,0,0,0,1,1,1,1,1,1,1,1,0,0,0,0,0,0,0,0,0,0,0,0,0,0
3134286744,8311870,8310846,8261694,8257592,4,56,8,16384,32,2621464,3944480,33799,0,0,0,0,1,1,1,1,1,1,1,1,0,0,0,0,0,0,0,0,0,0,0,0,0,0
3134820841,8311870,8310846,8261694,8257592,4,56,8,16384,32,2621464,3944480,33799,0,0,0,0,1,1,1,1,1,1,1,1,0,0,0,0,0,0,0,0,0,0,0,0,0,0
3135331682,8311870,8310846,8261694,8257592,4,56,8,16384,32,2621464,3944480,33799,0,0,0,0,1,1,1,1,1,1,1,1,0,0,0,0,0,0,0,0,0,0,0,0,0,0
3135855002,8311870,8310846,8261694,8257592,4,56,8,16384,32,2621464,3944480,33799,0,0,0,0,1,1,1,1,1,1,1,1,0,0,0,0,0,0,0,0,0,0,0,0,0,0
3136375903,8311870,8310846,8261694,8257592,4,56,8,16384,32,2621464,3944480,33799,0,0,0,0,1,1,1,1,1,1,1,1,0,0,0,0,0,0,0,0,0,0,0,0,0,0
3136897883,8311870,8310846,8261694,8257592,4,56,8,16384,32,2621464,3944480,33799,0,0,0,0,1,1,1,1,1,1,1,1,0,0,0,0,0,0,0,0,0,0,0,0,0,0
3137442794,8311870,8310846,8261694,8257592,4,56,8,16384,32,2621464,3944480,33799,0,0,0,0,1,1,1,1,1,1,1,1,0,0,0,0,0,0,0,0,0,0,0,0,0,0
3137976190,8311870,8310846,8261694,8257592,4,56,8,16384,32,2621464,3944480,33799,0,0,0,0,1,1,1,1,1,1,1,1,0,0,0,0,0,0,0,0,0,0,0,0,0,0
3138518674,8311870,8310846,8261694,8257592,4,56,8,16384,32,2621464,3944480,33799,0,0,0,0,1,1,1,1,1,1,1,1,0,0,0,0,0,0,0,0,0,0,0,0,0,0
3139051763,8311870,8310846,8261694,8257592,4,56,8,16384,32,2621464,3944480,33799,0,0,0,0,1,1,1,1,1,1,1,1,0,0,0,0,0,0,0,0,0,0,0,0,0,0
3139574084,8311870,8310846,8261694,8257592,4,56,8,16384,32,2621464,3944480,33799,0,0,0,0,1,1,1,1,1,1,1,1,0,0,0,0,0,0,0,0,0,0,0,0,0,0
3140084681,8311870,8310846,8261694,8257592,4,56,8,16384,32,2621464,3944480,33799,0,0,0,0,1,1,1,1,1,1,1,1,0,0,0,0,0,0,0,0,0,0,0,0,0,0
3140616715,8311870,8310846,8261694,8257592,4,56,8,16384,32,2621464,3944480,33799,0,0,0,0,1,1,1,1,1,1,1,1,0,0,0,0,0,0,0,0,0,0,0,0,0,0
3141149938,8311870,8310846,8261694,8257592,4,56,8,16384,32,2621464,3944480,33799,0,0,0,0,1,1,1,1,1,1,1,1,0,0,0,0,0,0,0,0,0,0,0,0,0,0
3141672135,8311870,8310846,8261694,8257592,4,56,8,16384,32,2621464,3944480,33799,0,0,0,0,1,1,1,1,1,1,1,1,0,0,0,0,0,0,0,0,0,0,0,0,0,0
3142204525,8311870,8310846,8261694,8257592,4,56,8,16384,32,2621464,3944480,33799,0,0,0,0,1,1,1,1,1,1,1,1,0,0,0,0,0,0,0,0,0,0,0,0,0,0
3142726567,8311870,8310846,8261694,8257592,4,56,8,16384,32,2621464,3944480,33799,0,0,0,0,1,1,1,1,1,1,1,1,0,0,0,0,0,0,0,0,0,0,0,0,0,0
3143248954,8311870,8310846,8261694,8257592,4,56,8,16384,32,2621464,3944480,33799,0,0,0,0,1,1,1,1,1,1,1,1,0,0,0,0,0,0,0,0,0,0,0,0,0,0
3143770065,8311870,8310846,8261694,8257592,4,56,8,16384,32,2621464,3944480,33799,0,0,0,0,1,1,1,1,1,1,1,1,0,0,0,0,0,0,0,0,0,0,0,0,0,0
3144302567,8311870,8310846,8261694,8257592,4,56,8,16384,32,2621464,3944480,33799,0,0,0,0,1,1,1,1,1,1,1,1,0,0,0,0,0,0,0,0,0,0,0,0,0,0
3144836397,8311870,8310846,8261694,8257592,4,56,8,16384,32,2621464,3944480,33799,0,0,0,0,1,1,1,1,1,1,1,1,0,0,0,0,0,0,0,0,0,0,0,0,0,0
3145370940,8311870,8310846,8261694,8257592,4,56,8,16384,32,2621464,3944480,33799,0,0,0,0,1,1,1,1,1,1,1,1,0,0,0,0,0,0,0,0,0,0,0,0,0,0
3145891797,8311870,8310846,8261694,8257592,4,56,8,16384,32,2621464,3944480,33799,0,0,0,0,1,1,1,1,1,1,1,1,0,0,0,0,0,0,0,0,0,0,0,0,0,0
3146436115,8311870,8310846,8261694,8257592,4,56,8,16384,32,2621464,3944480,33799,0,0,0,0,1,1,1,1,1,1,1,1,0,0,0,0,0,0,0,0,0,0,0,0,0,0
3146968678,8311870,8310846,8261694,8257592,4,56,8,16384,32,2621464,3944480,33799,0,0,0,0,1,1,1,1,1,1,1,1,0,0,0,0,0,0,0,0,0,0,0,0,0,0
3147503477,8311870,8310846,8261694,8257592,4,56,8,16384,32,2621464,3944480,33799,0,0,0,0,1,1,1,1,1,1,1,1,0,0,0,0,0,0,0,0,0,0,0,0,0,0
3148046535,8311870,8310846,8261694,8257592,4,56,8,16384,32,2621464,3944480,33799,0,0,0,0,1,1,1,1,1,1,1,1,0,0,0,0,0,0,0,0,0,0,0,0,0,0
3148589559,8311870,8310846,8261694,8257592,4,56,8,16384,32,2621464,3944480,33799,0,0,0,0,1,1,1,1,1,1,1,1,0,0,0,0,0,0,0,0,0,0,0,0,0,0
3149123700,8311870,8310846,8261694,8257592,4,56,8,16384,32,2621464,3944480,33799,0,0,0,0,1,1,1,1,1,1,1,1,0,0,0,0,0,0,0,0,0,0,0,0,0,0
3149666881,8311870,8310846,8261694,8257592,4,56,8,16384,32,2621464,3944480,33799,0,0,0,0,1,1,1,1,1,1,1,1,0,0,0,0,0,0,0,0,0,0,0,0,0,0
3150200972,8311870,8310846,8261694,8257592,4,56,8,16384,32,2621464,3944480,33799,0,0,0,0,1,1,1,1,1,1,1,1,0,0,0,0,0,0,0,0,0,0,0,0,0,0
3150732638,8311870,8310846,8261694,8257592,4,56,8,16384,32,2621464,3944480,33799,0,0,0,0,1,1,1,1,1,1,1,1,0,0,0,0,0,0,0,0,0,0,0,0,0,0
3151265746,8311870,8310846,8261694,8257592,4,56,8,16384,32,2621464,3944480,33799,0,0,0,0,1,1,1,1,1,1,1,1,0,0,0,0,0,0,0,0,0,0,0,0,0,0
3151820705,8311870,8310846,8261694,8257592,4,56,8,16384,32,2621464,3944480,33799,0,0,0,0,1,1,1,1,1,1,1,1,0,0,0,0,0,0,0,0,0,0,0,0,0,0
3152342590,8311870,8310846,8261694,8257592,4,56,8,16384,32,2621464,3944480,33799,0,0,0,0,1,1,1,1,1,1,1,1,0,0,0,0,0,0,0,0,0,0,0,0,0,0
3152874583,8311870,8310846,8261694,8257592,4,56,8,16384,32,2621464,3944480,33799,0,0,0,0,1,1,1,1,1,1,1,1,0,0,0,0,0,0,0,0,0,0,0,0,0,0
3153419670,8311870,8310846,8261694,8257592,4,56,8,16384,32,2621464,3944480,33799,0,0,0,0,1,1,1,1,1,1,1,1,0,0,0,0,0,0,0,0,0,0,0,0,0,0
3153954558,8311870,8310846,8261694,8257592,4,56,8,16384,32,2621464,3944480,33799,0,0,0,0,1,1,1,1,1,1,1,1,0,0,0,0,0,0,0,0,0,0,0,0,0,0
3154487628,8311870,8310846,8261694,8257592,4,56,8,16384,32,2621464,3944480,33799,0,0,0,0,1,1,1,1,1,1,1,1,0,0,0,0,0,0,0,0,0,0,0,0,0,0
3155008606,8311870,8310846,8261694,8257592,4,56,8,16384,32,2621464,3944480,33799,0,0,0,0,1,1,1,1,1,1,1,1,0,0,0,0,0,0,0,0,0,0,0,0,0,0
3155530597,8311870,8310846,8261694,8257592,4,56,8,16384,32,2621464,3944480,33799,0,0,0,0,1,1,1,1,1,1,1,1,0,0,0,0,0,0,0,0,0,0,0,0,0,0
3156062671,8311870,8310846,8261694,8257592,4,56,8,16384,32,2621464,3944480,33799,0,0,0,0,1,1,1,1,1,1,1,1,0,0,0,0,0,0,0,0,0,0,0,0,0,0
3156608224,8311870,8310846,8261694,8257592,4,56,8,16384,32,2621464,3944480,33799,0,0,0,0,1,1,1,1,1,1,1,1,0,0,0,0,0,0,0,0,0,0,0,0,0,0
3157109883,8311870,8310846,8261694,8257592,4,56,8,16384,32,2621464,3944480,33799,0,0,0,0,1,1,1,1,1,1,1,1,0,0,0,0,0,0,0,0,0,0,0,0,0,0
3157664674,8311870,8310846,8261694,8257592,4,56,8,16384,32,2621464,3944480,33799,0,0,0,0,1,1,1,1,1,1,1,1,0,0,0,0,0,0,0,0,0,0,0,0,0,0
3158175828,8311870,8310846,8261694,8257592,4,56,8,16384,32,2621464,3944480,33799,0,0,0,0,1,1,1,1,1,1,1,1,0,0,0,0,0,0,0,0,0,0,0,0,0,0
3158708687,8311870,8310846,8261694,8257592,4,56,8,16384,32,2621464,3944480,33799,0,0,0,0,1,1,1,1,1,1,1,1,0,0,0,0,0,0,0,0,0,0,0,0,0,0
3159252826,8311870,8310846,8261694,8257592,4,56,8,16384,32,2621464,3944480,33799,0,0,0,0,1,1,1,1,1,1,1,1,0,0,0,0,0,0,0,0,0,0,0,0,0,0
3159775347,8311870,8310846,8261694,8257592,4,56,8,16384,32,2621464,3944480,33799,0,0,0,0,1,1,1,1,1,1,1,1,0,0,0,0,0,0,0,0,0,0,0,0,0,0
3160317555,8311870,8310846,8261694,8257592,4,56,8,16384,32,2621464,3944480,33799,0,0,0,0,1,1,1,1,1,1,1,1,0,0,0,0,0,0,0,0,0,0,0,0,0,0
3160851661,8311870,8310846,8261694,8257592,4,56,8,16384,32,2621464,3944480,33799,0,0,0,0,1,1,1,1,1,1,1,1,0,0,0,0,0,0,0,0,0,0,0,0,0,0
3161405922,8311870,8310846,8261694,8257592,4,56,8,16384,32,2621464,3944480,33799,0,0,0,0,1,1,1,1,1,1,1,1,0,0,0,0,0,0,0,0,0,0,0,0,0,0
3161928567,8311870,8310846,8261694,8257592,4,56,8,16384,32,2621464,3944480,33799,0,0,0,0,1,1,1,1,1,1,1,1,0,0,0,0,0,0,0,0,0,0,0,0,0,0
3162471556,8311870,8310846,8261694,8257592,4,56,8,16384,32,2621464,3944480,33799,0,0,0,0,1,1,1,1,1,1,1,1,0,0,0,0,0,0,0,0,0,0,0,0,0,0
3162993643,8311870,8310846,8261694,8257592,4,56,8,16384,32,2621464,3944480,33799,0,0,0,0,1,1,1,1,1,1,1,1,0,0,0,0,0,0,0,0,0,0,0,0,0,0
3163538296,8311870,8310846,8261694,8257592,4,56,8,16384,32,2621464,3944480,33799,0,0,0,0,1,1,1,1,1,1,1,1,0,0,0,0,0,0,0,0,0,0,0,0,0,0
3164071088,8311870,8310846,8261694,8257592,4,56,8,16384,32,2621464,3944480,33799,0,0,0,0,1,1,1,1,1,1,1,1,0,0,0,0,0,0,0,0,0,0,0,0,0,0
3164603793,8311870,8310846,8261694,8257592,4,56,8,16384,32,2621464,3944480,33799,0,0,0,0,1,1,1,1,1,1,1,1,0,0,0,0,0,0,0,0,0,0,0,0,0,0
3165137470,8311870,8310846,8261694,8257592,4,56,8,16384,32,2621464,3944480,33799,0,0,0,0,1,1,1,1,1,1,1,1,0,0,0,0,0,0,0,0,0,0,0,0,0,0
3165670675,8311870,8310846,8261694,8257592,4,56,8,16384,32,2621464,3944480,33799,0,0,0,0,1,1,1,1,1,1,1,1,0,0,0,0,0,0,0,0,0,0,0,0,0,0
3166192711,8311870,8310846,8261694,8257592,4,56,8,16384,32,2621464,3944480,33799,0,0,0,0,1,1,1,1,1,1,1,1,0,0,0,0,0,0,0,0,0,0,0,0,0,0
3166747526,8311870,8310846,8261694,8257592,4,56,8,16384,32,2621464,3944480,33799,0,0,0,0,1,1,1,1,1,1,1,1,0,0,0,0,0,0,0,0,0,0,0,0,0,0
3167269704,8311870,8310846,8261694,8257592,4,56,8,16384,32,2621464,3944480,33799,0,0,0,0,1,1,1,1,1,1,1,1,0,0,0,0,0,0,0,0,0,0,0,0,0,0
3167801598,8311870,8310846,8261694,8257592,4,56,8,16384,32,2621464,3944480,33799,0,0,0,0,1,1,1,1,1,1,1,1,0,0,0,0,0,0,0,0,0,0,0,0,0,0
3168324667,8311870,8310846,8261694,8257592,4,56,8,16384,32,2621464,3944480,33799,0,0,0,0,1,1,1,1,1,1,1,1,0,0,0,0,0,0,0,0,0,0,0,0,0,0
3168857625,8311870,8310846,8261694,8257592,4,56,8,16384,32,2621464,3944480,33799,0,0,0,0,1,1,1,1,1,1,1,1,0,0,0,0,0,0,0,0,0,0,0,0,0,0
3169391852,8311870,8310846,8261694,8257592,4,56,8,16384,32,2621464,3944480,33799,0,0,0,0,1,1,1,1,1,1,1,1,0,0,0,0,0,0,0,0,0,0,0,0,0,0
3169923769,8311870,8310846,8261694,8257592,4,56,8,16384,32,2621464,3944480,33799,0,0,0,0,1,1,1,1,1,1,1,1,0,0,0,0,0,0,0,0,0,0,0,0,0,0
3170456524,8311870,8310846,8261694,8257592,4,56,8,16384,32,2621464,3944480,33799,0,0,0,0,1,1,1,1,1,1,1,1,0,0,0,0,0,0,0,0,0,0,0,0,0,0
3170967047,8311870,8310846,8261694,8257592,4,56,8,16384,32,2621464,3944480,33799,0,0,0,0,1,1,1,1,1,1,1,1,0,0,0,0,0,0,0,0,0,0,0,0,0,0
3171511670,8311870,8310846,8261694,8257592,4,56,8,16384,32,2621464,3944480,33799,0,0,0,0,1,1,1,1,1,1,1,1,0,0,0,0,0,0,0,0,0,0,0,0,0,0
3172054637,8311870,8310846,8261694,8257592,4,56,8,16384,32,2621464,3944480,33799,0,0,0,0,1,1,1,1,1,1,1,1,0,0,0,0,0,0,0,0,0,0,0,0,0,0
3172599717,8311870,8310846,8261694,8257592,4,56,8,16384,32,2621464,3944480,33799,0,0,0,0,1,1,1,1,1,1,1,1,0,0,0,0,0,0,0,0,0,0,0,0,0,0
3173153522,8311870,8310846,8261694,8257592,4,56,8,16384,32,2621464,3944480,33799,0,0,0,0,1,1,1,1,1,1,1,1,0,0,0,0,0,0,0,0,0,0,0,0,0,0
3173698736,8311870,8310846,8261694,8257592,4,56,8,16384,32,2621464,3944480,33799,0,0,0,0,1,1,1,1,1,1,1,1,0,0,0,0,0,0,0,0,0,0,0,0,0,0
3174230534,8311870,8310846,8261694,8257592,4,56,8,16384,32,2621464,3944480,33799,0,0,0,0,1,1,1,1,1,1,1,1,0,0,0,0,0,0,0,0,0,0,0,0,0,0
3174752599,8311870,8310846,8261694,8257592,4,56,8,16384,32,2621464,3944480,33799,0,0,0,0,1,1,1,1,1,1,1,1,0,0,0,0,0,0,0,0,0,0,0,0,0,0
3175286760,8311870,8310846,8261694,8257592,4,56,8,16384,32,2621464,3944480,33799,0,0,0,0,1,1,1,1,1,1,1,1,0,0,0,0,0,0,0,0,0,0,0,0,0,0
3175818577,8311870,8310846,8261694,8257592,4,56,8,16384,32,2621464,3944480,33799,0,0,0,0,1,1,1,1,1,1,1,1,0,0,0,0,0,0,0,0,0,0,0,0,0,0
3176350554,8311870,8310846,8261694,8257592,4,56,8,16384,32,2621464,3944480,33799,0,0,0,0,1,1,1,1,1,1,1,1,0,0,0,0,0,0,0,0,0,0,0,0,0,0
3176896136,8311870,8310846,8261694,8257592,4,56,8,16384,32,2621464,3944480,33799,0,0,0,0,1,1,1,1,1,1,1,1,0,0,0,0,0,0,0,0,0,0,0,0,0,0
3177427634,8311870,8310846,8261694,8257592,4,56,8,16384,32,2621464,3944480,33799,0,0,0,0,1,1,1,1,1,1,1,1,0,0,0,0,0,0,0,0,0,0,0,0,0,0
3177971672,8311870,8310846,8261694,8257592,4,56,8,16384,32,2621464,3944480,33799,0,0,0,0,1,1,1,1,1,1,1,1,0,0,0,0,0,0,0,0,0,0,0,0,0,0
3178515984,8311870,8310846,8261694,8257592,4,56,8,16384,32,2621464,3944480,33799,0,0,0,0,1,1,1,1,1,1,1,1,0,0,0,0,0,0,0,0,0,0,0,0,0,0
3179027187,8311870,8310846,8261694,8257592,4,56,8,16384,32,2621464,3944480,33799,0,0,0,0,1,1,1,1,1,1,1,1,0,0,0,0,0,0,0,0,0,0,0,0,0,0
3179550565,8311870,8310846,8261694,8257592,4,56,8,16384,32,2621464,3944480,33799,0,0,0,0,1,1,1,1,1,1,1,1,0,0,0,0,0,0,0,0,0,0,0,0,0,0
3180106782,8311870,8310846,8261694,8257592,4,56,8,16384,32,2621464,3944480,33799,0,0,0,0,1,1,1,1,1,1,1,1,0,0,0,0,0,0,0,0,0,0,0,0,0,0
3180627926,8311870,8310846,8261694,8257592,4,56,8,16384,32,2621464,3944480,33799,0,0,0,0,1,1,1,1,1,1,1,1,0,0,0,0,0,0,0,0,0,0,0,0,0,0
3181172715,8311870,8310846,8261694,8257592,4,56,8,16384,32,2621464,3944480,33799,0,0,0,0,1,1,1,1,1,1,1,1,0,0,0,0,0,0,0,0,0,0,0,0,0,0
3181727734,8311870,8310846,8261694,8257592,4,56,8,16384,32,2621464,3944480,33799,0,0,0,0,1,1,1,1,1,1,1,1,0,0,0,0,0,0,0,0,0,0,0,0,0,0
3182271666,8311870,8310846,8261694,8257592,4,56,8,16384,32,2621464,3944480,33799,0,0,0,0,1,1,1,1,1,1,1,1,0,0,0,0,0,0,0,0,0,0,0,0,0,0
3182803699,8311870,8310846,8261694,8257592,4,56,8,16384,32,2621464,3944480,33799,0,0,0,0,1,1,1,1,1,1,1,1,0,0,0,0,0,0,0,0,0,0,0,0,0,0
3183336681,8311870,8310846,8261694,8257592,4,56,8,16384,32,2621464,3944480,33799,0,0,0,0,1,1,1,1,1,1,1,1,0,0,0,0,0,0,0,0,0,0,0,0,0,0
3183869823,8311870,8310846,8261694,8257592,4,56,8,16384,32,2621464,3944480,33799,0,0,0,0,1,1,1,1,1,1,1,1,0,0,0,0,0,0,0,0,0,0,0,0,0,0
3184392188,8311870,8310846,8261694,8257592,4,56,8,16384,32,2621464,3944480,33799,0,0,0,0,1,1,1,1,1,1,1,1,0,0,0,0,0,0,0,0,0,0,0,0,0,0
3184913901,8311870,8310846,8261694,8257592,4,56,8,16384,32,2621464,3944480,33799,0,0,0,0,1,1,1,1,1,1,1,1,0,0,0,0,0,0,0,0,0,0,0,0,0,0
3185446929,8311870,8310846,8261694,8257592,4,56,8,16384,32,2621464,3944480,33799,0,0,0,0,1,1,1,1,1,1,1,1,0,0,0,0,0,0,0,0,0,0,0,0,0,0
3185969525,8311870,8310846,8261694,8257592,4,56,8,16384,32,2621464,3944480,33799,0,0,0,0,1,1,1,1,1,1,1,1,0,0,0,0,0,0,0,0,0,0,0,0,0,0
3186491537,8311870,8310846,8261694,8257592,4,56,8,16384,32,2621464,3944480,33799,0,0,0,0,1,1,1,1,1,1,1,1,0,0,0,0,0,0,0,0,0,0,0,0,0,0
3187023728,8311870,8310846,8261694,8257592,4,56,8,16384,32,2621464,3944480,33799,0,0,0,0,1,1,1,1,1,1,1,1,0,0,0,0,0,0,0,0,0,0,0,0,0,0
3187557663,8311870,8310846,8261694,8257592,4,56,8,16384,32,2621464,3944480,33799,0,0,0,0,1,1,1,1,1,1,1,1,0,0,0,0,0,0,0,0,0,0,0,0,0,0
3188102660,8311870,8310846,8261694,8257592,4,56,8,16384,32,2621464,3944480,33799,0,0,0,0,1,1,1,1,1,1,1,1,0,0,0,0,0,0,0,0,0,0,0,0,0,0
3188647976,8311870,8310846,8261694,8257592,4,56,8,16384,32,2621464,3944480,33799,0,0,0,0,1,1,1,1,1,1,1,1,0,0,0,0,0,0,0,0,0,0,0,0,0,0
3189179840,8311870,8310846,8261694,8257592,4,56,8,16384,32,2621464,3944480,33799,0,0,0,0,1,1,1,1,1,1,1,1,0,0,0,0,0,0,0,0,0,0,0,0,0,0
3189703669,8311870,8310846,8261694,8257592,4,56,8,16384,32,2621464,3944480,33799,0,0,0,0,1,1,1,1,1,1,1,1,0,0,0,0,0,0,0,0,0,0,0,0,0,0
3190226661,8311870,8310846,8261694,8257592,4,56,8,16384,32,2621464,3944480,33799,0,0,0,0,1,1,1,1,1,1,1,1,0,0,0,0,0,0,0,0,0,0,0,0,0,0
3190782613,8311870,8310846,8261694,8257592,4,56,8,16384,32,2621464,3944480,33799,0,0,0,0,1,1,1,1,1,1,1,1,0,0,0,0,0,0,0,0,0,0,0,0,0,0
3191314528,8311870,8310846,8261694,8257592,4,56,8,16384,32,2621464,3944480,33799,0,0,0,0,1,1,1,1,1,1,1,1,0,0,0,0,0,0,0,0,0,0,0,0,0,0
3191847622,8311870,8310846,8261694,8257592,4,56,8,16384,32,2621464,3944480,33799,0,0,0,0,1,1,1,1,1,1,1,1,0,0,0,0,0,0,0,0,0,0,0,0,0,0
3192391700,8311870,8310846,8261694,8257592,4,56,8,16384,32,2621464,3944480,33799,0,0,0,0,1,1,1,1,1,1,1,1,0,0,0,0,0,0,0,0,0,0,0,0,0,0
3192914022,8311870,8310846,8261694,8257592,4,56,8,16384,32,2621464,3944480,33799,0,0,0,0,1,1,1,1,1,1,1,1,0,0,0,0,0,0,0,0,0,0,0,0,0,0
3193457695,8311870,8310846,8261694,8257592,4,56,8,16384,32,2621464,3944480,33799,0,0,0,0,1,1,1,1,1,1,1,1,0,0,0,0,0,0,0,0,0,0,0,0,0,0
3194012965,8311870,8310846,8261694,8257592,4,56,8,16384,32,2621464,3944480,33799,0,0,0,0,1,1,1,1,1,1,1,1,0,0,0,0,0,0,0,0,0,0,0,0,0,0
3194544707,8311870,8310846,8261694,8257592,4,56,8,16384,32,2621464,3944480,33799,0,0,0,0,1,1,1,1,1,1,1,1,0,0,0,0,0,0,0,0,0,0,0,0,0,0
3195067719,8311870,8310846,8261694,8257592,4,56,8,16384,32,2621464,3944480,33799,0,0,0,0,1,1,1,1,1,1,1,1,0,0,0,0,0,0,0,0,0,0,0,0,0,0
3195589885,8311870,8310846,8261694,8257592,4,56,8,16384,32,2621464,3944480,33799,0,0,0,0,1,1,1,1,1,1,1,1,0,0,0,0,0,0,0,0,0,0,0,0,0,0
3196132622,8311870,8310846,8261694,8257592,4,56,8,16384,32,2621464,3944480,33799,0,0,0,0,1,1,1,1,1,1,1,1,0,0,0,0,0,0,0,0,0,0,0,0,0,0
3196654567,8311870,8310846,8261694,8257592,4,56,8,16384,32,2621464,3944480,33799,0,0,0,0,1,1,1,1,1,1,1,1,0,0,0,0,0,0,0,0,0,0,0,0,0,0
3197198769,8311870,8310846,8261694,8257592,4,56,8,16384,32,2621464,3944480,33799,0,0,0,0,1,1,1,1,1,1,1,1,0,0,0,0,0,0,0,0,0,0,0,0,0,0
3197753634,8311870,8310846,8261694,8257592,4,56,8,16384,32,2621464,3944480,33799,0,0,0,0,1,1,1,1,1,1,1,1,0,0,0,0,0,0,0,0,0,0,0,0,0,0
3198309186,8311870,8310846,8261694,8257592,4,56,8,16384,32,2621464,3944480,33799,0,0,0,0,1,1,1,1,1,1,1,1,0,0,0,0,0,0,0,0,0,0,0,0,0,0
3198831730,8311870,8310846,8261694,8257592,4,56,8,16384,32,2621464,3944480,33799,0,0,0,0,1,1,1,1,1,1,1,1,0,0,0,0,0,0,0,0,0,0,0,0,0,0
3199364621,8311870,8310846,8261694,8257592,4,56,8,16384,32,2621464,3944480,33799,0,0,0,0,1,1,1,1,1,1,1,1,0,0,0,0,0,0,0,0,0,0,0,0,0,0
3199908884,8311870,8310846,8261694,8257592,4,56,8,16384,32,2621464,3944480,33799,0,0,0,0,1,1,1,1,1,1,1,1,0,0,0,0,0,0,0,0,0,0,0,0,0,0
3200430719,8311870,8310846,8261694,8257592,4,56,8,16384,32,2621464,3944480,33799,0,0,0,0,1,1,1,1,1,1,1,1,0,0,0,0,0,0,0,0,0,0,0,0,0,0
3200973745,8311870,8310846,8261694,8257592,4,56,8,16384,32,2621464,3944480,33799,0,0,0,0,1,1,1,1,1,1,1,1,0,0,0,0,0,0,0,0,0,0,0,0,0,0
3201506801,8311870,8310846,8261694,8257592,4,56,8,16384,32,2621464,3944480,33799,0,0,0,0,1,1,1,1,1,1,1,1,0,0,0,0,0,0,0,0,0,0,0,0,0,0
3202039012,8311870,8310846,8261694,8257592,4,56,8,16384,32,2621464,3944480,33799,0,0,0,0,1,1,1,1,1,1,1,1,0,0,0,0,0,0,0,0,0,0,0,0,0,0
3202572658,8311870,8310846,8261694,8257592,4,56,8,16384,32,2621464,3944480,33799,0,0,0,0,1,1,1,1,1,1,1,1,0,0,0,0,0,0,0,0,0,0,0,0,0,0
3203115700,8311870,8310846,8261694,8257592,4,56,8,16384,32,2621464,3944480,33799,0,0,0,0,1,1,1,1,1,1,1,1,0,0,0,0,0,0,0,0,0,0,0,0,0,0
3203649731,8311870,8310846,8261694,8257592,4,56,8,16384,32,2621464,3944480,33799,0,0,0,0,1,1,1,1,1,1,1,1,0,0,0,0,0,0,0,0,0,0,0,0,0,0
3204170953,8311870,8310846,8261694,8257592,4,56,8,16384,32,2621464,3944480,33799,0,0,0,0,1,1,1,1,1,1,1,1,0,0,0,0,0,0,0,0,0,0,0,0,0,0
3204714625,8311870,8310846,8261694,8257592,4,56,8,16384,32,2621464,3944480,33799,0,0,0,0,1,1,1,1,1,1,1,1,0,0,0,0,0,0,0,0,0,0,0,0,0,0
3205246592,8311870,8310846,8261694,8257592,4,56,8,16384,32,2621464,3944480,33799,0,0,0,0,1,1,1,1,1,1,1,1,0,0,0,0,0,0,0,0,0,0,0,0,0,0
3205769568,8311870,8310846,8261694,8257592,4,56,8,16384,32,2621464,3944480,33799,0,0,0,0,1,1,1,1,1,1,1,1,0,0,0,0,0,0,0,0,0,0,0,0,0,0
3206323773,8311870,8310846,8261694,8257592,4,56,8,16384,32,2621464,3944480,33799,0,0,0,0,1,1,1,1,1,1,1,1,0,0,0,0,0,0,0,0,0,0,0,0,0,0
3206846827,8311870,8310846,8261694,8257592,4,56,8,16384,32,2621464,3944480,33799,0,0,0,0,1,1,1,1,1,1,1,1,0,0,0,0,0,0,0,0,0,0,0,0,0,0
3207389526,8311870,8310846,8261694,8257592,4,56,8,16384,32,2621464,3944480,33799,0,0,0,0,1,1,1,1,1,1,1,1,0,0,0,0,0,0,0,0,0,0,0,0,0,0
3207922526,8311870,8310846,8261694,8257592,4,56,8,16384,32,2621464,3944480,33799,0,0,0,0,1,1,1,1,1,1,1,1,0,0,0,0,0,0,0,0,0,0,0,0,0,0
3208432802,8311870,8310846,8261694,8257592,4,56,8,16384,32,2621464,3944480,33799,0,0,0,0,1,1,1,1,1,1,1,1,0,0,0,0,0,0,0,0,0,0,0,0,0,0
3208957607,8311870,8310846,8261694,8257592,4,56,8,16384,32,2621464,3944480,33799,0,0,0,0,1,1,1,1,1,1,1,1,0,0,0,0,0,0,0,0,0,0,0,0,0,0
3209489764,8311870,8310846,8261694,8257592,4,56,8,16384,32,2621464,3944480,33799,0,0,0,0,1,1,1,1,1,1,1,1,0,0,0,0,0,0,0,0,0,0,0,0,0,0
3210023741,8311870,8310846,8261694,8257592,4,56,8,16384,32,2621464,3944480,33799,0,0,0,0,1,1,1,1,1,1,1,1,0,0,0,0,0,0,0,0,0,0,0,0,0,0
3210544992,8311870,8310846,8261694,8257592,4,56,8,16384,32,2621464,3944480,33799,0,0,0,0,1,1,1,1,1,1,1,1,0,0,0,0,0,0,0,0,0,0,0,0,0,0
3211077726,8311870,8310846,8261694,8257592,4,56,8,16384,32,2621464,3944480,33799,0,0,0,0,1,1,1,1,1,1,1,1,0,0,0,0,0,0,0,0,0,0,0,0,0,0
3211608869,8311870,8310846,8261694,8257592,4,56,8,16384,32,2621464,3944480,33799,0,0,0,0,1,1,1,1,1,1,1,1,0,0,0,0,0,0,0,0,0,0,0,0,0,0
3212143023,8311870,8310846,8261694,8257592,4,56,8,16384,32,2621464,3944480,33799,0,0,0,0,1,1,1,1,1,1,1,1,0,0,0,0,0,0,0,0,0,0,0,0,0,0
3212685763,8311870,8310846,8261694,8257592,4,56,8,16384,32,2621464,3944480,33799,0,0,0,0,1,1,1,1,1,1,1,1,0,0,0,0,0,0,0,0,0,0,0,0,0,0
3213218630,8311870,8310846,8261694,8257592,4,56,8,16384,32,2621464,3944480,33799,0,0,0,0,1,1,1,1,1,1,1,1,0,0,0,0,0,0,0,0,0,0,0,0,0,0
3213751774,8311870,8310846,8261694,8257592,4,56,8,16384,32,2621464,3944480,33799,0,0,0,0,1,1,1,1,1,1,1,1,0,0,0,0,0,0,0,0,0,0,0,0,0,0
3214295972,8311870,8310846,8261694,8257592,4,56,8,16384,32,2621464,3944480,33799,0,0,0,0,1,1,1,1,1,1,1,1,0,0,0,0,0,0,0,0,0,0,0,0,0,0
3214827561,8311870,8310846,8261694,8257592,4,56,8,16384,32,2621464,3944480,33799,0,0,0,0,1,1,1,1,1,1,1,1,0,0,0,0,0,0,0,0,0,0,0,0,0,0
3215361602,8311870,8310846,8261694,8257592,4,56,8,16384,32,2621464,3944480,33799,0,0,0,0,1,1,1,1,1,1,1,1,0,0,0,0,0,0,0,0,0,0,0,0,0,0
3215904953,8311870,8310846,8261694,8257592,4,56,8,16384,32,2621464,3944480,33799,0,0,0,0,1,1,1,1,1,1,1,1,0,0,0,0,0,0,0,0,0,0,0,0,0,0
3216439003,8311870,8310846,8261694,8257592,4,56,8,16384,32,2621464,3944480,33799,0,0,0,0,1,1,1,1,1,1,1,1,0,0,0,0,0,0,0,0,0,0,0,0,0,0
3216959786,8311870,8310846,8261694,8257592,4,56,8,16384,32,2621464,3944480,33799,0,0,0,0,1,1,1,1,1,1,1,1,0,0,0,0,0,0,0,0,0,0,0,0,0,0
3217492527,8311870,8310846,8261694,8257592,4,56,8,16384,32,2621464,3944480,33799,0,0,0,0,1,1,1,1,1,1,1,1,0,0,0,0,0,0,0,0,0,0,0,0,0,0
3218013838,8311870,8310846,8261694,8257592,4,56,8,16384,32,2621464,3944480,33799,0,0,0,0,1,1,1,1,1,1,1,1,0,0,0,0,0,0,0,0,0,0,0,0,0,0
3218537129,8311870,8310846,8261694,8257592,4,56,8,16384,32,2621464,3944480,33799,0,0,0,0,1,1,1,1,1,1,1,1,0,0,0,0,0,0,0,0,0,0,0,0,0,0
3219058585,8311870,8310846,8261694,8257592,4,56,8,16384,32,2621464,3944480,33799,0,0,0,0,1,1,1,1,1,1,1,1,0,0,0,0,0,0,0,0,0,0,0,0,0,0
3219601623,8311870,8310846,8261694,8257592,4,56,8,16384,32,2621464,3944480,33799,0,0,0,0,1,1,1,1,1,1,1,1,0,0,0,0,0,0,0,0,0,0,0,0,0,0
3220135139,8311870,8310846,8261694,8257592,4,56,8,16384,32,2621464,3944480,33799,0,0,0,0,1,1,1,1,1,1,1,1,0,0,0,0,0,0,0,0,0,0,0,0,0,0
3220668077,8311870,8310846,8261694,8257592,4,56,8,16384,32,2621464,3944480,33799,0,0,0,0,1,1,1,1,1,1,1,1,0,0,0,0,0,0,0,0,0,0,0,0,0,0
3221210551,8311870,8310846,8261694,8257592,4,56,8,16384,32,2621464,3944480,33799,0,0,0,0,1,1,1,1,1,1,1,1,0,0,0,0,0,0,0,0,0,0,0,0,0,0
3221734120,8311870,8310846,8261694,8257592,4,56,8,16384,32,2621464,3944480,33799,0,0,0,0,1,1,1,1,1,1,1,1,0,0,0,0,0,0,0,0,0,0,0,0,0,0
3222286689,8311870,8310846,8261694,8257592,4,56,8,16384,32,2621464,3944480,33799,0,0,0,0,1,1,1,1,1,1,1,1,0,0,0,0,0,0,0,0,0,0,0,0,0,0
3222831781,8311870,8310846,8261694,8257592,4,56,8,16384,32,2621464,3944480,33799,0,0,0,0,1,1,1,1,1,1,1,1,0,0,0,0,0,0,0,0,0,0,0,0,0,0
3223363836,8311870,8310846,8261694,8257592,4,56,8,16384,32,2621464,3944480,33799,0,0,0,0,1,1,1,1,1,1,1,1,0,0,0,0,0,0,0,0,0,0,0,0,0,0
3223896596,8311870,8310846,8261694,8257592,4,56,8,16384,32,2621464,3944480,33799,0,0,0,0,1,1,1,1,1,1,1,1,0,0,0,0,0,0,0,0,0,0,0,0,0,0
3224417748,8311870,8310846,8261694,8257592,4,56,8,16384,32,2621464,3944480,33799,0,0,0,0,1,1,1,1,1,1,1,1,0,0,0,0,0,0,0,0,0,0,0,0,0,0
3224962604,8311870,8310846,8261694,8257592,4,56,8,16384,32,2621464,3944480,33799,0,0,0,0,1,1,1,1,1,1,1,1,0,0,0,0,0,0,0,0,0,0,0,0,0,0
3225495881,8311870,8310846,8261694,8257592,4,56,8,16384,32,2621464,3944480,33799,0,0,0,0,1,1,1,1,1,1,1,1,0,0,0,0,0,0,0,0,0,0,0,0,0,0
3226028804,8311870,8310846,8261694,8257592,4,56,8,16384,32,2621464,3944480,33799,0,0,0,0,1,1,1,1,1,1,1,1,0,0,0,0,0,0,0,0,0,0,0,0,0,0
3226550586,8311870,8310846,8261694,8257592,4,56,8,16384,32,2621464,3944480,33799,0,0,0,0,1,1,1,1,1,1,1,1,0,0,0,0,0,0,0,0,0,0,0,0,0,0
3227072157,8311870,8310846,8261694,8257592,4,56,8,16384,32,2621464,3944480,33799,0,0,0,0,1,1,1,1,1,1,1,1,0,0,0,0,0,0,0,0,0,0,0,0,0,0
3227604552,8311870,8310846,8261694,8257592,4,56,8,16384,32,2621464,3944480,33799,0,0,0,0,1,1,1,1,1,1,1,1,0,0,0,0,0,0,0,0,0,0,0,0,0,0
3228139690,8311870,8310846,8261694,8257592,4,56,8,16384,32,2621464,3944480,33799,0,0,0,0,1,1,1,1,1,1,1,1,0,0,0,0,0,0,0,0,0,0,0,0,0,0
3228682967,8311870,8310846,8261694,8257592,4,56,8,16384,32,2621464,3944480,33799,0,0,0,0,1,1,1,1,1,1,1,1,0,0,0,0,0,0,0,0,0,0,0,0,0,0
3229227800,8311870,8310846,8261694,8257592,4,56,8,16384,32,2621464,3944480,33799,0,0,0,0,1,1,1,1,1,1,1,1,0,0,0,0,0,0,0,0,0,0,0,0,0,0
3229748566,8311870,8310846,8261694,8257592,4,56,8,16384,32,2621464,3944480,33799,0,0,0,0,1,1,1,1,1,1,1,1,0,0,0,0,0,0,0,0,0,0,0,0,0,0
3230259683,8311870,8310846,8261694,8257592,4,56,8,16384,32,2621464,3944480,33799,0,0,0,0,1,1,1,1,1,1,1,1,0,0,0,0,0,0,0,0,0,0,0,0,0,0
3230802789,8311870,8310846,8261694,8257592,4,56,8,16384,32,2621464,3944480,33799,0,0,0,0,1,1,1,1,1,1,1,1,0,0,0,0,0,0,0,0,0,0,0,0,0,0
3231325812,8311870,8310846,8261694,8257592,4,56,8,16384,32,2621464,3944480,33799,0,0,0,0,1,1,1,1,1,1,1,1,0,0,0,0,0,0,0,0,0,0,0,0,0,0
3231860557,8311870,8310846,8261694,8257592,4,56,8,16384,32,2621464,3944480,33799,0,0,0,0,1,1,1,1,1,1,1,1,0,0,0,0,0,0,0,0,0,0,0,0,0,0
3232382546,8311870,8310846,8261694,8257592,4,56,8,16384,32,2621464,3944480,33799,0,0,0,0,1,1,1,1,1,1,1,1,0,0,0,0,0,0,0,0,0,0,0,0,0,0
3232915834,8311870,8310846,8261694,8257592,4,56,8,16384,32,2621464,3944480,33799,0,0,0,0,1,1,1,1,1,1,1,1,0,0,0,0,0,0,0,0,0,0,0,0,0,0
3233426593,8311870,8310846,8261694,8257592,4,56,8,16384,32,2621464,3944480,33799,0,0,0,0,1,1,1,1,1,1,1,1,0,0,0,0,0,0,0,0,0,0,0,0,0,0
3233971550,8311870,8310846,8261694,8257592,4,56,8,16384,32,2621464,3944480,33799,0,0,0,0,1,1,1,1,1,1,1,1,0,0,0,0,0,0,0,0,0,0,0,0,0,0
3234515134,8311870,8310846,8261694,8257592,4,56,8,16384,32,2621464,3944480,33799,0,0,0,0,1,1,1,1,1,1,1,1,0,0,0,0,0,0,0,0,0,0,0,0,0,0
3235035835,8311870,8310846,8261694,8257592,4,56,8,16384,32,2621464,3944480,33799,0,0,0,0,1,1,1,1,1,1,1,1,0,0,0,0,0,0,0,0,0,0,0,0,0,0
3235569762,8311870,8310846,8261694,8257592,4,56,8,16384,32,2621464,3944480,33799,0,0,0,0,1,1,1,1,1,1,1,1,0,0,0,0,0,0,0,0,0,0,0,0,0,0
3236123831,8311870,8310846,8261694,8257592,4,56,8,16384,32,2621464,3944480,33799,0,0,0,0,1,1,1,1,1,1,1,1,0,0,0,0,0,0,0,0,0,0,0,0,0,0
3236669040,8311870,8310846,8261694,8257592,4,56,8,16384,32,2621464,3944480,33799,0,0,0,0,1,1,1,1,1,1,1,1,0,0,0,0,0,0,0,0,0,0,0,0,0,0
3237201567,8311870,8310846,8261694,8257592,4,56,8,16384,32,2621464,3944480,33799,0,0,0,0,1,1,1,1,1,1,1,1,0,0,0,0,0,0,0,0,0,0,0,0,0,0
3237733758,8311870,8310846,8261694,8257592,4,56,8,16384,32,2621464,3944480,33799,0,0,0,0,1,1,1,1,1,1,1,1,0,0,0,0,0,0,0,0,0,0,0,0,0,0
3238244533,8311870,8310846,8261694,8257592,4,56,8,16384,32,2621464,3944480,33799,0,0,0,0,1,1,1,1,1,1,1,1,0,0,0,0,0,0,0,0,0,0,0,0,0,0
3238766666,8311870,8310846,8261694,8257592,4,56,8,16384,32,2621464,3944480,33799,0,0,0,0,1,1,1,1,1,1,1,1,0,0,0,0,0,0,0,0,0,0,0,0,0,0
3239301671,8311870,8310846,8261694,8257592,4,56,8,16384,32,2621464,3944480,33799,0,0,0,0,1,1,1,1,1,1,1,1,0,0,0,0,0,0,0,0,0,0,0,0,0,0
3239833705,8311870,8310846,8261694,8257592,4,56,8,16384,32,2621464,3944480,33799,0,0,0,0,1,1,1,1,1,1,1,1,0,0,0,0,0,0,0,0,0,0,0,0,0,0
3240358525,8311870,8310846,8261694,8257592,4,56,8,16384,32,2621464,3944480,33799,0,0,0,0,1,1,1,1,1,1,1,1,0,0,0,0,0,0,0,0,0,0,0,0,0,0
3240901564,8311870,8310846,8261694,8257592,4,56,8,16384,32,2621464,3944480,33799,0,0,0,0,1,1,1,1,1,1,1,1,0,0,0,0,0,0,0,0,0,0,0,0,0,0
3241412575,8311870,8310846,8261694,8257592,4,56,8,16384,32,2621464,3944480,33799,0,0,0,0,1,1,1,1,1,1,1,1,0,0,0,0,0,0,0,0,0,0,0,0,0,0
3241956953,8311870,8310846,8261694,8257592,4,56,8,16384,32,2621464,3944480,33799,0,0,0,0,1,1,1,1,1,1,1,1,0,0,0,0,0,0,0,0,0,0,0,0,0,0
3242488903,8311870,8310846,8261694,8257592,4,56,8,16384,32,2621464,3944480,33799,0,0,0,0,1,1,1,1,1,1,1,1,0,0,0,0,0,0,0,0,0,0,0,0,0,0
3243022483,8311870,8310846,8261694,8257592,4,56,8,16384,32,2621464,3944480,33799,0,0,0,0,1,1,1,1,1,1,1,1,0,0,0,0,0,0,0,0,0,0,0,0,0,0
3243554524,8311870,8310846,8261694,8257592,4,56,8,16384,32,2621464,3944480,33799,0,0,0,0,1,1,1,1,1,1,1,1,0,0,0,0,0,0,0,0,0,0,0,0,0,0
3244086601,8311870,8310846,8261694,8257592,4,56,8,16384,32,2621464,3944480,33799,0,0,0,0,1,1,1,1,1,1,1,1,0,0,0,0,0,0,0,0,0,0,0,0,0,0
3244618742,8311870,8310846,8261694,8257592,4,56,8,16384,32,2621464,3944480,33799,0,0,0,0,1,1,1,1,1,1,1,1,0,0,0,0,0,0,0,0,0,0,0,0,0,0
3245152705,8311870,8310846,8261694,8257592,4,56,8,16384,32,2621464,3944480,33799,0,0,0,0,1,1,1,1,1,1,1,1,0,0,0,0,0,0,0,0,0,0,0,0,0,0
3245685092,8311870,8310846,8261694,8257592,4,56,8,16384,32,2621464,3944480,33799,0,0,0,0,1,1,1,1,1,1,1,1,0,0,0,0,0,0,0,0,0,0,0,0,0,0
3246229609,8311870,8310846,8261694,8257592,4,56,8,16384,32,2621464,3944480,33799,0,0,0,0,1,1,1,1,1,1,1,1,0,0,0,0,0,0,0,0,0,0,0,0,0,0
3246772577,8311870,8310846,8261694,8257592,4,56,8,16384,32,2621464,3944480,33799,0,0,0,0,1,1,1,1,1,1,1,1,0,0,0,0,0,0,0,0,0,0,0,0,0,0
3247294598,8311870,8310846,8261694,8257592,4,56,8,16384,32,2621464,3944480,33799,0,0,0,0,1,1,1,1,1,1,1,1,0,0,0,0,0,0,0,0,0,0,0,0,0,0
3247839320,8311870,8310846,8261694,8257592,4,56,8,16384,32,2621464,3944480,33799,0,0,0,0,1,1,1,1,1,1,1,1,0,0,0,0,0,0,0,0,0,0,0,0,0,0
3248371995,8311870,8310846,8261694,8257592,4,56,8,16384,32,2621464,3944480,33799,0,0,0,0,1,1,1,1,1,1,1,1,0,0,0,0,0,0,0,0,0,0,0,0,0,0
3248882851,8311870,8310846,8261694,8257592,4,56,8,16384,32,2621464,3944480,33799,0,0,0,0,1,1,1,1,1,1,1,1,0,0,0,0,0,0,0,0,0,0,0,0,0,0
3249414723,8311870,8310846,8261694,8257592,4,56,8,16384,32,2621464,3944480,33799,0,0,0,0,1,1,1,1,1,1,1,1,0,0,0,0,0,0,0,0,0,0,0,0,0,0
3249939614,8311870,8310846,8261694,8257592,4,56,8,16384,32,2621464,3944480,33799,0,0,0,0,1,1,1,1,1,1,1,1,0,0,0,0,0,0,0,0,0,0,0,0,0,0
3250460528,8311870,8310846,8261694,8257592,4,56,8,16384,32,2621464,3944480,33799,0,0,0,0,1,1,1,1,1,1,1,1,0,0,0,0,0,0,0,0,0,0,0,0,0,0
3251016704,8311870,8310846,8261694,8257592,4,56,8,16384,32,2621464,3944480,33799,0,0,0,0,1,1,1,1,1,1,1,1,0,0,0,0,0,0,0,0,0,0,0,0,0,0
3251549168,8311870,8310846,8261694,8257592,4,56,8,16384,32,2621464,3944480,33799,0,0,0,0,1,1,1,1,1,1,1,1,0,0,0,0,0,0,0,0,0,0,0,0,0,0
3252081543,8311870,8310846,8261694,8257592,4,56,8,16384,32,2621464,3944480,33799,0,0,0,0,1,1,1,1,1,1,1,1,0,0,0,0,0,0,0,0,0,0,0,0,0,0
3252625945,8311870,8310846,8261694,8257592,4,56,8,16384,32,2621464,3944480,33799,0,0,0,0,1,1,1,1,1,1,1,1,0,0,0,0,0,0,0,0,0,0,0,0,0,0
3253168913,8311870,8310846,8261694,8257592,4,56,8,16384,32,2621464,3944480,33799,0,0,0,0,1,1,1,1,1,1,1,1,0,0,0,0,0,0,0,0,0,0,0,0,0,0
3253690706,8311870,8310846,8261694,8257592,4,56,8,16384,32,2621464,3944480,33799,0,0,0,0,1,1,1,1,1,1,1,1,0,0,0,0,0,0,0,0,0,0,0,0,0,0
3254223551,8311870,8310846,8261694,8257592,4,56,8,16384,32,2621464,3944480,33799,0,0,0,0,1,1,1,1,1,1,1,1,0,0,0,0,0,0,0,0,0,0,0,0,0,0
3254744732,8311870,8310846,8261694,8257592,4,56,8,16384,32,2621464,3944480,33799,0,0,0,0,1,1,1,1,1,1,1,1,0,0,0,0,0,0,0,0,0,0,0,0,0,0
3255277912,8311870,8310846,8261694,8257592,4,56,8,16384,32,2621464,3944480,33799,0,0,0,0,1,1,1,1,1,1,1,1,0,0,0,0,0,0,0,0,0,0,0,0,0,0
3255810576,8311870,8310846,8261694,8257592,4,56,8,16384,32,2621464,3944480,33799,0,0,0,0,1,1,1,1,1,1,1,1,0,0,0,0,0,0,0,0,0,0,0,0,0,0
3256353564,8311870,8310846,8261694,8257592,4,56,8,16384,32,2621464,3944480,33799,0,0,0,0,1,1,1,1,1,1,1,1,0,0,0,0,0,0,0,0,0,0,0,0,0,0
3256875744,8311870,8310846,8261694,8257592,4,56,8,16384,32,2621464,3944480,33799,0,0,0,0,1,1,1,1,1,1,1,1,0,0,0,0,0,0,0,0,0,0,0,0,0,0
3257397705,8311870,8310846,8261694,8257592,4,56,8,16384,32,2621464,3944480,33799,0,0,0,0,1,1,1,1,1,1,1,1,0,0,0,0,0,0,0,0,0,0,0,0,0,0
3257941831,8311870,8310846,8261694,8257592,4,56,8,16384,32,2621464,3944480,33799,0,0,0,0,1,1,1,1,1,1,1,1,0,0,0,0,0,0,0,0,0,0,0,0,0,0
3258463737,8311870,8310846,8261694,8257592,4,56,8,16384,32,2621464,3944480,33799,0,0,0,0,1,1,1,1,1,1,1,1,0,0,0,0,0,0,0,0,0,0,0,0,0,0
3258995986,8311870,8310846,8261694,8257592,4,56,8,16384,32,2621464,3944480,33799,0,0,0,0,1,1,1,1,1,1,1,1,0,0,0,0,0,0,0,0,0,0,0,0,0,0
3259529567,8311870,8310846,8261694,8257592,4,56,8,16384,32,2621464,3944480,33799,0,0,0,0,1,1,1,1,1,1,1,1,0,0,0,0,0,0,0,0,0,0,0,0,0,0
3260072562,8311870,8310846,8261694,8257592,4,56,8,16384,32,2621464,3944480,33799,0,0,0,0,1,1,1,1,1,1,1,1,0,0,0,0,0,0,0,0,0,0,0,0,0,0
3260594800,8311870,8310846,8261694,8257592,4,56,8,16384,32,2621464,3944480,33799,0,0,0,0,1,1,1,1,1,1,1,1,0,0,0,0,0,0,0,0,0,0,0,0,0,0
3261138839,8311870,8310846,8261694,8257592,4,56,8,16384,32,2621464,3944480,33799,0,0,0,0,1,1,1,1,1,1,1,1,0,0,0,0,0,0,0,0,0,0,0,0,0,0
3261660882,8311870,8310846,8261694,8257592,4,56,8,16384,32,2621464,3944480,33799,0,0,0,0,1,1,1,1,1,1,1,1,0,0,0,0,0,0,0,0,0,0,0,0,0,0
3262192846,8311870,8310846,8261694,8257592,4,56,8,16384,32,2621464,3944480,33799,0,0,0,0,1,1,1,1,1,1,1,1,0,0,0,0,0,0,0,0,0,0,0,0,0,0
3262715601,8311870,8310846,8261694,8257592,4,56,8,16384,32,2621464,3944480,33799,0,0,0,0,1,1,1,1,1,1,1,1,0,0,0,0,0,0,0,0,0,0,0,0,0,0
3263248142,8311870,8310846,8261694,8257592,4,56,8,16384,32,2621464,3944480,33799,0,0,0,0,1,1,1,1,1,1,1,1,0,0,0,0,0,0,0,0,0,0,0,0,0,0
3263780630,8311870,8310846,8261694,8257592,4,56,8,16384,32,2621464,3944480,33799,0,0,0,0,1,1,1,1,1,1,1,1,0,0,0,0,0,0,0,0,0,0,0,0,0,0
3264324814,8311870,8310846,8261694,8257592,4,56,8,16384,32,2621464,3944480,33799,0,0,0,0,1,1,1,1,1,1,1,1,0,0,0,0,0,0,0,0,0,0,0,0,0,0
3264858048,8311870,8310846,8261694,8257592,4,56,8,16384,32,2621464,3944480,33799,0,0,0,0,1,1,1,1,1,1,1,1,0,0,0,0,0,0,0,0,0,0,0,0,0,0
3265388799,8311870,8310846,8261694,8257592,4,56,8,16384,32,2621464,3944480,33799,0,0,0,0,1,1,1,1,1,1,1,1,0,0,0,0,0,0,0,0,0,0,0,0,0,0
3265922934,8311870,8310846,8261694,8257592,4,56,8,16384,32,2621464,3944480,33799,0,0,0,0,1,1,1,1,1,1,1,1,0,0,0,0,0,0,0,0,0,0,0,0,0,0
3266465676,8311870,8310846,8261694,8257592,4,56,8,16384,32,2621464,3944480,33799,0,0,0,0,1,1,1,1,1,1,1,1,0,0,0,0,0,0,0,0,0,0,0,0,0,0
3266998583,8311870,8310846,8261694,8257592,4,56,8,16384,32,2621464,3944480,33799,0,0,0,0,1,1,1,1,1,1,1,1,0,0,0,0,0,0,0,0,0,0,0,0,0,0
3267531847,8311870,8310846,8261694,8257592,4,56,8,16384,32,2621464,3944480,33799,0,0,0,0,1,1,1,1,1,1,1,1,0,0,0,0,0,0,0,0,0,0,0,0,0,0
3268054099,8311870,8310846,8261694,8257592,4,56,8,16384,32,2621464,3944480,33799,0,0,0,0,1,1,1,1,1,1,1,1,0,0,0,0,0,0,0,0,0,0,0,0,0,0
3268585930,8311870,8310846,8261694,8257592,4,56,8,16384,32,2621464,3944480,33799,0,0,0,0,1,1,1,1,1,1,1,1,0,0,0,0,0,0,0,0,0,0,0,0,0,0
3269108783,8311870,8310846,8261694,8257592,4,56,8,16384,32,2621464,3944480,33799,0,0,0,0,1,1,1,1,1,1,1,1,0,0,0,0,0,0,0,0,0,0,0,0,0,0
3269629891,8311870,8310846,8261694,8257592,4,56,8,16384,32,2621464,3944480,33799,0,0,0,0,1,1,1,1,1,1,1,1,0,0,0,0,0,0,0,0,0,0,0,0,0,0
3270162794,8311870,8310846,8261694,8257592,4,56,8,16384,32,2621464,3944480,33799,0,0,0,0,1,1,1,1,1,1,1,1,0,0,0,0,0,0,0,0,0,0,0,0,0,0
3270695729,8311870,8310846,8261694,8257592,4,56,8,16384,32,2621464,3944480,33799,0,0,0,0,1,1,1,1,1,1,1,1,0,0,0,0,0,0,0,0,0,0,0,0,0,0
3271231129,8311870,8310846,8261694,8257592,4,56,8,16384,32,2621464,3944480,33799,0,0,0,0,1,1,1,1,1,1,1,1,0,0,0,0,0,0,0,0,0,0,0,0,0,0
3271773913,8311870,8310846,8261694,8257592,4,56,8,16384,32,2621464,3944480,33799,0,0,0,0,1,1,1,1,1,1,1,1,0,0,0,0,0,0,0,0,0,0,0,0,0,0
3272307711,8311870,8310846,8261694,8257592,4,56,8,16384,32,2621464,3944480,33799,0,0,0,0,1,1,1,1,1,1,1,1,0,0,0,0,0,0,0,0,0,0,0,0,0,0
3272828630,8311870,8310846,8261694,8257592,4,56,8,16384,32,2621464,3944480,33799,0,0,0,0,1,1,1,1,1,1,1,1,0,0,0,0,0,0,0,0,0,0,0,0,0,0
3273361598,8311870,8310846,8261694,8257592,4,56,8,16384,32,2621464,3944480,33799,0,0,0,0,1,1,1,1,1,1,1,1,0,0,0,0,0,0,0,0,0,0,0,0,0,0
3273905911,8311870,8310846,8261694,8257592,4,56,8,16384,32,2621464,3944480,33799,0,0,0,0,1,1,1,1,1,1,1,1,0,0,0,0,0,0,0,0,0,0,0,0,0,0
3274449525,8311870,8310846,8261694,8257592,4,56,8,16384,32,2621464,3944480,33799,0,0,0,0,1,1,1,1,1,1,1,1,0,0,0,0,0,0,0,0,0,0,0,0,0,0
3274970732,8311870,8310846,8261694,8257592,4,56,8,16384,32,2621464,3944480,33799,0,0,0,0,1,1,1,1,1,1,1,1,0,0,0,0,0,0,0,0,0,0,0,0,0,0
3275504638,8311870,8310846,8261694,8257592,4,56,8,16384,32,2621464,3944480,33799,0,0,0,0,1,1,1,1,1,1,1,1,0,0,0,0,0,0,0,0,0,0,0,0,0,0
3276026692,8311870,8310846,8261694,8257592,4,56,8,16384,32,2621464,3944480,33799,0,0,0,0,1,1,1,1,1,1,1,1,0,0,0,0,0,0,0,0,0,0,0,0,0,0
3276571472,8311870,8310846,8261694,8257592,4,56,8,16384,32,2621464,3944480,33799,0,0,0,0,1,1,1,1,1,1,1,1,0,0,0,0,0,0,0,0,0,0,0,0,0,0
3277114757,8311870,8310846,8261694,8257592,4,56,8,16384,32,2621464,3944480,33799,0,0,0,0,1,1,1,1,1,1,1,1,0,0,0,0,0,0,0,0,0,0,0,0,0,0
3277625956,8311870,8310846,8261694,8257592,4,56,8,16384,32,2621464,3944480,33799,0,0,0,0,1,1,1,1,1,1,1,1,0,0,0,0,0,0,0,0,0,0,0,0,0,0
3278157960,8311870,8310846,8261694,8257592,4,56,8,16384,32,2621464,3944480,33799,0,0,0,0,1,1,1,1,1,1,1,1,0,0,0,0,0,0,0,0,0,0,0,0,0,0
3278680637,8311870,8310846,8261694,8257592,4,56,8,16384,32,2621464,3944480,33799,0,0,0,0,1,1,1,1,1,1,1,1,0,0,0,0,0,0,0,0,0,0,0,0,0,0
3279201788,8311870,8310846,8261694,8257592,4,56,8,16384,32,2621464,3944480,33799,0,0,0,0,1,1,1,1,1,1,1,1,0,0,0,0,0,0,0,0,0,0,0,0,0,0
3279723982,8311870,8310846,8261694,8257592,4,56,8,16384,32,2621464,3944480,33799,0,0,0,0,1,1,1,1,1,1,1,1,0,0,0,0,0,0,0,0,0,0,0,0,0,0
3280255992,8311870,8310846,8261694,8257592,4,56,8,16384,32,2621464,3944480,33799,0,0,0,0,1,1,1,1,1,1,1,1,0,0,0,0,0,0,0,0,0,0,0,0,0,0
3280778725,8311870,8310846,8261694,8257592,4,56,8,16384,32,2621464,3944480,33799,0,0,0,0,1,1,1,1,1,1,1,1,0,0,0,0,0,0,0,0,0,0,0,0,0,0
3281299550,8311870,8310846,8261694,8257592,4,56,8,16384,32,2621464,3944480,33799,0,0,0,0,1,1,1,1,1,1,1,1,0,0,0,0,0,0,0,0,0,0,0,0,0,0
3281821553,8311870,8310846,8261694,8257592,4,56,8,16384,32,2621464,3944480,33799,0,0,0,0,1,1,1,1,1,1,1,1,0,0,0,0,0,0,0,0,0,0,0,0,0,0
3282342755,8311870,8310846,8261694,8257592,4,56,8,16384,32,2621464,3944480,33799,0,0,0,0,1,1,1,1,1,1,1,1,0,0,0,0,0,0,0,0,0,0,0,0,0,0
3282877207,8311870,8310846,8261694,8257592,4,56,8,16384,32,2621464,3944480,33799,0,0,0,0,1,1,1,1,1,1,1,1,0,0,0,0,0,0,0,0,0,0,0,0,0,0
3283400894,8311870,8310846,8261694,8257592,4,56,8,16384,32,2621464,3944480,33799,0,0,0,0,1,1,1,1,1,1,1,1,0,0,0,0,0,0,0,0,0,0,0,0,0,0
3283921526,8311870,8310846,8261694,8257592,4,56,8,16384,32,2621464,3944480,33799,0,0,0,0,1,1,1,1,1,1,1,1,0,0,0,0,0,0,0,0,0,0,0,0,0,0
3284442525,8311870,8310846,8261694,8257592,4,56,8,16384,32,2621464,3944480,33799,0,0,0,0,1,1,1,1,1,1,1,1,0,0,0,0,0,0,0,0,0,0,0,0,0,0
3284976875,8311870,8310846,8261694,8257592,4,56,8,16384,32,2621464,3944480,33799,0,0,0,0,1,1,1,1,1,1,1,1,0,0,0,0,0,0,0,0,0,0,0,0,0,0
3285499724,8311870,8310846,8261694,8257592,4,56,8,16384,32,2621464,3944480,33799,0,0,0,0,1,1,1,1,1,1,1,1,0,0,0,0,0,0,0,0,0,0,0,0,0,0
3286022613,8311870,8310846,8261694,8257592,4,56,8,16384,32,2621464,3944480,33799,0,0,0,0,1,1,1,1,1,1,1,1,0,0,0,0,0,0,0,0,0,0,0,0,0,0
3286555679,8311870,8310846,8261694,8257592,4,56,8,16384,32,2621464,3944480,33799,0,0,0,0,1,1,1,1,1,1,1,1,0,0,0,0,0,0,0,0,0,0,0,0,0,0
3287077558,8311870,8310846,8261694,8257592,4,56,8,16384,32,2621464,3944480,33799,0,0,0,0,1,1,1,1,1,1,1,1,0,0,0,0,0,0,0,0,0,0,0,0,0,0
3287609567,8311870,8310846,8261694,8257592,4,56,8,16384,32,2621464,3944480,33799,0,0,0,0,1,1,1,1,1,1,1,1,0,0,0,0,0,0,0,0,0,0,0,0,0,0
3288155122,8311870,8310846,8261694,8257592,4,56,8,16384,32,2621464,3944480,33799,0,0,0,0,1,1,1,1,1,1,1,1,0,0,0,0,0,0,0,0,0,0,0,0,0,0
3288697616,8311870,8310846,8261694,8257592,4,56,8,16384,32,2621464,3944480,33799,0,0,0,0,1,1,1,1,1,1,1,1,0,0,0,0,0,0,0,0,0,0,0,0,0,0
3289254034,8311870,8310846,8261694,8257592,4,56,8,16384,32,2621464,3944480,33799,0,0,0,0,1,1,1,1,1,1,1,1,0,0,0,0,0,0,0,0,0,0,0,0,0,0
3289785896,8311870,8310846,8261694,8257592,4,56,8,16384,32,2621464,3944480,33799,0,0,0,0,1,1,1,1,1,1,1,1,0,0,0,0,0,0,0,0,0,0,0,0,0,0
3290330661,8311870,8310846,8261694,8257592,4,56,8,16384,32,2621464,3944480,33799,0,0,0,0,1,1,1,1,1,1,1,1,0,0,0,0,0,0,0,0,0,0,0,0,0,0
3290884720,8311870,8310846,8261694,8257592,4,56,8,16384,32,2621464,3944480,33799,0,0,0,0,1,1,1,1,1,1,1,1,0,0,0,0,0,0,0,0,0,0,0,0,0,0
3291407505,8311870,8310846,8261694,8257592,4,56,8,16384,32,2621464,3944480,33799,0,0,0,0,1,1,1,1,1,1,1,1,0,0,0,0,0,0,0,0,0,0,0,0,0,0
3291939801,8311870,8310846,8261694,8257592,4,56,8,16384,32,2621464,3944480,33799,0,0,0,0,1,1,1,1,1,1,1,1,0,0,0,0,0,0,0,0,0,0,0,0,0,0
3292472727,8311870,8310846,8261694,8257592,4,56,8,16384,32,2621464,3944480,33799,0,0,0,0,1,1,1,1,1,1,1,1,0,0,0,0,0,0,0,0,0,0,0,0,0,0
3293017639,8311870,8310846,8261694,8257592,4,56,8,16384,32,2621464,3944480,33799,0,0,0,0,1,1,1,1,1,1,1,1,0,0,0,0,0,0,0,0,0,0,0,0,0,0
3293550099,8311870,8310846,8261694,8257592,4,56,8,16384,32,2621464,3944480,33799,0,0,0,0,1,1,1,1,1,1,1,1,0,0,0,0,0,0,0,0,0,0,0,0,0,0
3294061918,8311870,8310846,8261694,8257592,4,56,8,16384,32,2621464,3944480,33799,0,0,0,0,1,1,1,1,1,1,1,1,0,0,0,0,0,0,0,0,0,0,0,0,0,0
3294595774,8311870,8310846,8261694,8257592,4,56,8,16384,32,2621464,3944480,33799,0,0,0,0,1,1,1,1,1,1,1,1,0,0,0,0,0,0,0,0,0,0,0,0,0,0
3295127527,8311870,8310846,8261694,8257592,4,56,8,16384,32,2621464,3944480,33799,0,0,0,0,1,1,1,1,1,1,1,1,0,0,0,0,0,0,0,0,0,0,0,0,0,0
3295683710,8311870,8310846,8261694,8257592,4,56,8,16384,32,2621464,3944480,33799,0,0,0,0,1,1,1,1,1,1,1,1,0,0,0,0,0,0,0,0,0,0,0,0,0,0
3296215809,8311870,8310846,8261694,8257592,4,56,8,16384,32,2621464,3944480,33799,0,0,0,0,1,1,1,1,1,1,1,1,0,0,0,0,0,0,0,0,0,0,0,0,0,0
3296748569,8311870,8310846,8261694,8257592,4,56,8,16384,32,2621464,3944480,33799,0,0,0,0,1,1,1,1,1,1,1,1,0,0,0,0,0,0,0,0,0,0,0,0,0,0
3297259792,8311870,8310846,8261694,8257592,4,56,8,16384,32,2621464,3944480,33799,0,0,0,0,1,1,1,1,1,1,1,1,0,0,0,0,0,0,0,0,0,0,0,0,0,0
3297804565,8311870,8310846,8261694,8257592,4,56,8,16384,32,2621464,3944480,33799,0,0,0,0,1,1,1,1,1,1,1,1,0,0,0,0,0,0,0,0,0,0,0,0,0,0
3298349565,8311870,8310846,8261694,8257592,4,56,8,16384,32,2621464,3944480,33799,0,0,0,0,1,1,1,1,1,1,1,1,0,0,0,0,0,0,0,0,0,0,0,0,0,0
3298883568,8311870,8310846,8261694,8257592,4,56,8,16384,32,2621464,3944480,33799,0,0,0,0,1,1,1,1,1,1,1,1,0,0,0,0,0,0,0,0,0,0,0,0,0,0
3299426775,8311870,8310846,8261694,8257592,4,56,8,16384,32,2621464,3944480,33799,0,0,0,0,1,1,1,1,1,1,1,1,0,0,0,0,0,0,0,0,0,0,0,0,0,0
3299960660,8311870,8310846,8261694,8257592,4,56,8,16384,32,2621464,3944480,33799,0,0,0,0,1,1,1,1,1,1,1,1,0,0,0,0,0,0,0,0,0,0,0,0,0,0
3300503586,8311870,8310846,8261694,8257592,4,56,8,16384,32,2621464,3944480,33799,0,0,0,0,1,1,1,1,1,1,1,1,0,0,0,0,0,0,0,0,0,0,0,0,0,0
3301014557,8311870,8310846,8261694,8257592,4,56,8,16384,32,2621464,3944480,33799,0,0,0,0,1,1,1,1,1,1,1,1,0,0,0,0,0,0,0,0,0,0,0,0,0,0
3301536566,8311870,8310846,8261694,8257592,4,56,8,16384,32,2621464,3944480,33799,0,0,0,0,1,1,1,1,1,1,1,1,0,0,0,0,0,0,0,0,0,0,0,0,0,0
3302069667,8311870,8310846,8261694,8257592,4,56,8,16384,32,2621464,3944480,33799,0,0,0,0,1,1,1,1,1,1,1,1,0,0,0,0,0,0,0,0,0,0,0,0,0,0
3302623978,8311870,8310846,8261694,8257592,4,56,8,16384,32,2621464,3944480,33799,0,0,0,0,1,1,1,1,1,1,1,1,0,0,0,0,0,0,0,0,0,0,0,0,0,0
3303168973,8311870,8310846,8261694,8257592,4,56,8,16384,32,2621464,3944480,33799,0,0,0,0,1,1,1,1,1,1,1,1,0,0,0,0,0,0,0,0,0,0,0,0,0,0
3303711611,8311870,8310846,8261694,8257592,4,56,8,16384,32,2621464,3944480,33799,0,0,0,0,1,1,1,1,1,1,1,1,0,0,0,0,0,0,0,0,0,0,0,0,0,0
3304267618,8311870,8310846,8261694,8257592,4,56,8,16384,32,2621464,3944480,33799,0,0,0,0,1,1,1,1,1,1,1,1,0,0,0,0,0,0,0,0,0,0,0,0,0,0
3304810526,8311870,8310846,8261694,8257592,4,56,8,16384,32,2621464,3944480,33799,0,0,0,0,1,1,1,1,1,1,1,1,0,0,0,0,0,0,0,0,0,0,0,0,0,0
3305332602,8311870,8310846,8261694,8257592,4,56,8,16384,32,2621464,3944480,33799,0,0,0,0,1,1,1,1,1,1,1,1,0,0,0,0,0,0,0,0,0,0,0,0,0,0
3305876793,8311870,8310846,8261694,8257592,4,56,8,16384,32,2621464,3944480,33799,0,0,0,0,1,1,1,1,1,1,1,1,0,0,0,0,0,0,0,0,0,0,0,0,0,0
3306419685,8311870,8310846,8261694,8257592,4,56,8,16384,32,2621464,3944480,33799,0,0,0,0,1,1,1,1,1,1,1,1,0,0,0,0,0,0,0,0,0,0,0,0,0,0
3306942776,8311870,8310846,8261694,8257592,4,56,8,16384,32,2621464,3944480,33799,0,0,0,0,1,1,1,1,1,1,1,1,0,0,0,0,0,0,0,0,0,0,0,0,0,0
3307475736,8311870,8310846,8261694,8257592,4,56,8,16384,32,2621464,3944480,33799,0,0,0,0,1,1,1,1,1,1,1,1,0,0,0,0,0,0,0,0,0,0,0,0,0,0
3308009781,8311870,8310846,8261694,8257592,4,56,8,16384,32,2621464,3944480,33799,0,0,0,0,1,1,1,1,1,1,1,1,0,0,0,0,0,0,0,0,0,0,0,0,0,0
3308531679,8311870,8310846,8261694,8257592,4,56,8,16384,32,2621464,3944480,33799,0,0,0,0,1,1,1,1,1,1,1,1,0,0,0,0,0,0,0,0,0,0,0,0,0,0
3309074595,8311870,8310846,8261694,8257592,4,56,8,16384,32,2621464,3944480,33799,0,0,0,0,1,1,1,1,1,1,1,1,0,0,0,0,0,0,0,0,0,0,0,0,0,0
3309607566,8311870,8310846,8261694,8257592,4,56,8,16384,32,2621464,3944480,33799,0,0,0,0,1,1,1,1,1,1,1,1,0,0,0,0,0,0,0,0,0,0,0,0,0,0
3310141071,8311870,8310846,8261694,8257592,4,56,8,16384,32,2621464,3944480,33799,0,0,0,0,1,1,1,1,1,1,1,1,0,0,0,0,0,0,0,0,0,0,0,0,0,0
3310684719,8311870,8310846,8261694,8257592,4,56,8,16384,32,2621464,3944480,33799,0,0,0,0,1,1,1,1,1,1,1,1,0,0,0,0,0,0,0,0,0,0,0,0,0,0
3311216810,8311870,8310846,8261694,8257592,4,56,8,16384,32,2621464,3944480,33799,0,0,0,0,1,1,1,1,1,1,1,1,0,0,0,0,0,0,0,0,0,0,0,0,0,0
3311740017,8311870,8310846,8261694,8257592,4,56,8,16384,32,2621464,3944480,33799,0,0,0,0,1,1,1,1,1,1,1,1,0,0,0,0,0,0,0,0,0,0,0,0,0,0
3312272219,8311870,8310846,8261694,8257592,4,56,8,16384,32,2621464,3944480,33799,0,0,0,0,1,1,1,1,1,1,1,1,0,0,0,0,0,0,0,0,0,0,0,0,0,0
3312804536,8311870,8310846,8261694,8257592,4,56,8,16384,32,2621464,3944480,33799,0,0,0,0,1,1,1,1,1,1,1,1,0,0,0,0,0,0,0,0,0,0,0,0,0,0
3313314725,8311870,8310846,8261694,8257592,4,56,8,16384,32,2621464,3944480,33799,0,0,0,0,1,1,1,1,1,1,1,1,0,0,0,0,0,0,0,0,0,0,0,0,0,0
3313838013,8311870,8310846,8261694,8257592,4,56,8,16384,32,2621464,3944480,33799,0,0,0,0,1,1,1,1,1,1,1,1,0,0,0,0,0,0,0,0,0,0,0,0,0,0
3314391667,8311870,8310846,8261694,8257592,4,56,8,16384,32,2621464,3944480,33799,0,0,0,0,1,1,1,1,1,1,1,1,0,0,0,0,0,0,0,0,0,0,0,0,0,0
3314946795,8311870,8310846,8261694,8257592,4,56,8,16384,32,2621464,3944480,33799,0,0,0,0,1,1,1,1,1,1,1,1,0,0,0,0,0,0,0,0,0,0,0,0,0,0
3315469107,8311870,8310846,8261694,8257592,4,56,8,16384,32,2621464,3944480,33799,0,0,0,0,1,1,1,1,1,1,1,1,0,0,0,0,0,0,0,0,0,0,0,0,0,0
3315990805,8311870,8310846,8261694,8257592,4,56,8,16384,32,2621464,3944480,33799,0,0,0,0,1,1,1,1,1,1,1,1,0,0,0,0,0,0,0,0,0,0,0,0,0,0
3316511857,8311870,8310846,8261694,8257592,4,56,8,16384,32,2621464,3944480,33799,0,0,0,0,1,1,1,1,1,1,1,1,0,0,0,0,0,0,0,0,0,0,0,0,0,0
3317056677,8311870,8310846,8261694,8257592,4,56,8,16384,32,2621464,3944480,33799,0,0,0,0,1,1,1,1,1,1,1,1,0,0,0,0,0,0,0,0,0,0,0,0,0,0
3317610852,8311870,8310846,8261694,8257592,4,56,8,16384,32,2621464,3944480,33799,0,0,0,0,1,1,1,1,1,1,1,1,0,0,0,0,0,0,0,0,0,0,0,0,0,0
3318146823,8311870,8310846,8261694,8257592,4,56,8,16384,32,2621464,3944480,33799,0,0,0,0,1,1,1,1,1,1,1,1,0,0,0,0,0,0,0,0,0,0,0,0,0,0
3318679768,8311870,8310846,8261694,8257592,4,56,8,16384,32,2621464,3944480,33799,0,0,0,0,1,1,1,1,1,1,1,1,0,0,0,0,0,0,0,0,0,0,0,0,0,0
3319212939,8311870,8310846,8261694,8257592,4,56,8,16384,32,2621464,3944480,33799,0,0,0,0,1,1,1,1,1,1,1,1,0,0,0,0,0,0,0,0,0,0,0,0,0,0
3319745923,8311870,8310846,8261694,8257592,4,56,8,16384,32,2621464,3944480,33799,0,0,0,0,1,1,1,1,1,1,1,1,0,0,0,0,0,0,0,0,0,0,0,0,0,0
3320288566,8311870,8310846,8261694,8257592,4,56,8,16384,32,2621464,3944480,33799,0,0,0,0,1,1,1,1,1,1,1,1,0,0,0,0,0,0,0,0,0,0,0,0,0,0
3320811562,8311870,8310846,8261694,8257592,4,56,8,16384,32,2621464,3944480,33799,0,0,0,0,1,1,1,1,1,1,1,1,0,0,0,0,0,0,0,0,0,0,0,0,0,0
3321332565,8311870,8310846,8261694,8257592,4,56,8,16384,32,2621464,3944480,33799,0,0,0,0,1,1,1,1,1,1,1,1,0,0,0,0,0,0,0,0,0,0,0,0,0,0
3321854569,8311870,8310846,8261694,8257592,4,56,8,16384,32,2621464,3944480,33799,0,0,0,0,1,1,1,1,1,1,1,1,0,0,0,0,0,0,0,0,0,0,0,0,0,0
3322409836,8311870,8310846,8261694,8257592,4,56,8,16384,32,2621464,3944480,33799,0,0,0,0,1,1,1,1,1,1,1,1,0,0,0,0,0,0,0,0,0,0,0,0,0,0
3322942567,8311870,8310846,8261694,8257592,4,56,8,16384,32,2621464,3944480,33799,0,0,0,0,1,1,1,1,1,1,1,1,0,0,0,0,0,0,0,0,0,0,0,0,0,0
3323463858,8311870,8310846,8261694,8257592,4,56,8,16384,32,2621464,3944480,33799,0,0,0,0,1,1,1,1,1,1,1,1,0,0,0,0,0,0,0,0,0,0,0,0,0,0
3323986918,8311870,8310846,8261694,8257592,4,56,8,16384,32,2621464,3944480,33799,0,0,0,0,1,1,1,1,1,1,1,1,0,0,0,0,0,0,0,0,0,0,0,0,0,0
3324507770,8311870,8310846,8261694,8257592,4,56,8,16384,32,2621464,3944480,33799,0,0,0,0,1,1,1,1,1,1,1,1,0,0,0,0,0,0,0,0,0,0,0,0,0,0
3325030218,8311870,8310846,8261694,8257592,4,56,8,16384,32,2621464,3944480,33799,0,0,0,0,1,1,1,1,1,1,1,1,0,0,0,0,0,0,0,0,0,0,0,0,0,0
3325573525,8311870,8310846,8261694,8257592,4,56,8,16384,32,2621464,3944480,33799,0,0,0,0,1,1,1,1,1,1,1,1,0,0,0,0,0,0,0,0,0,0,0,0,0,0
3326106630,8311870,8310846,8261694,8257592,4,56,8,16384,32,2621464,3944480,33799,0,0,0,0,1,1,1,1,1,1,1,1,0,0,0,0,0,0,0,0,0,0,0,0,0,0
3326649733,8311870,8310846,8261694,8257592,4,56,8,16384,32,2621464,3944480,33799,0,0,0,0,1,1,1,1,1,1,1,1,0,0,0,0,0,0,0,0,0,0,0,0,0,0
3327195366,8311870,8310846,8261694,8257592,4,56,8,16384,32,2621464,3944480,33799,0,0,0,0,1,1,1,1,1,1,1,1,0,0,0,0,0,0,0,0,0,0,0,0,0,0
3327728666,8311870,8310846,8261694,8257592,4,56,8,16384,32,2621464,3944480,33799,0,0,0,0,1,1,1,1,1,1,1,1,0,0,0,0,0,0,0,0,0,0,0,0,0,0
3328262505,8311870,8310846,8261694,8257592,4,56,8,16384,32,2621464,3944480,33799,0,0,0,0,1,1,1,1,1,1,1,1,0,0,0,0,0,0,0,0,0,0,0,0,0,0
3328784965,8311870,8310846,8261694,8257592,4,56,8,16384,32,2621464,3944480,33799,0,0,0,0,1,1,1,1,1,1,1,1,0,0,0,0,0,0,0,0,0,0,0,0,0,0
3329307006,8311870,8310846,8261694,8257592,4,56,8,16384,32,2621464,3944480,33799,0,0,0,0,1,1,1,1,1,1,1,1,0,0,0,0,0,0,0,0,0,0,0,0,0,0
3329839545,8311870,8310846,8261694,8257592,4,56,8,16384,32,2621464,3944480,33799,0,0,0,0,1,1,1,1,1,1,1,1,0,0,0,0,0,0,0,0,0,0,0,0,0,0
3330383570,8311870,8310846,8261694,8257592,4,56,8,16384,32,2621464,3944480,33799,0,0,0,0,1,1,1,1,1,1,1,1,0,0,0,0,0,0,0,0,0,0,0,0,0,0
3330926767,8311870,8310846,8261694,8257592,4,56,8,16384,32,2621464,3944480,33799,0,0,0,0,1,1,1,1,1,1,1,1,0,0,0,0,0,0,0,0,0,0,0,0,0,0
3331449892,8311870,8310846,8261694,8257592,4,56,8,16384,32,2621464,3944480,33799,0,0,0,0,1,1,1,1,1,1,1,1,0,0,0,0,0,0,0,0,0,0,0,0,0,0
3331992553,8311870,8310846,8261694,8257592,4,56,8,16384,32,2621464,3944480,33799,0,0,0,0,1,1,1,1,1,1,1,1,0,0,0,0,0,0,0,0,0,0,0,0,0,0
3332514628,8311870,8310846,8261694,8257592,4,56,8,16384,32,2621464,3944480,33799,0,0,0,0,1,1,1,1,1,1,1,1,0,0,0,0,0,0,0,0,0,0,0,0,0,0
3333035813,8311870,8310846,8261694,8257592,4,56,8,16384,32,2621464,3944480,33799,0,0,0,0,1,1,1,1,1,1,1,1,0,0,0,0,0,0,0,0,0,0,0,0,0,0
3333569620,8311870,8310846,8261694,8257592,4,56,8,16384,32,2621464,3944480,33799,0,0,0,0,1,1,1,1,1,1,1,1,0,0,0,0,0,0,0,0,0,0,0,0,0,0
3334112541,8311870,8310846,8261694,8257592,4,56,8,16384,32,2621464,3944480,33799,0,0,0,0,1,1,1,1,1,1,1,1,0,0,0,0,0,0,0,0,0,0,0,0,0,0
3334657633,8311870,8310846,8261694,8257592,4,56,8,16384,32,2621464,3944480,33799,0,0,0,0,1,1,1,1,1,1,1,1,0,0,0,0,0,0,0,0,0,0,0,0,0,0
3335200711,8311870,8310846,8261694,8257592,4,56,8,16384,32,2621464,3944480,33799,0,0,0,0,1,1,1,1,1,1,1,1,0,0,0,0,0,0,0,0,0,0,0,0,0,0
3335726042,8311870,8310846,8261694,8257592,4,56,8,16384,32,2621464,3944480,33799,0,0,0,0,1,1,1,1,1,1,1,1,0,0,0,0,0,0,0,0,0,0,0,0,0,0
3336269126,8311870,8310846,8261694,8257592,4,56,8,16384,32,2621464,3944480,33799,0,0,0,0,1,1,1,1,1,1,1,1,0,0,0,0,0,0,0,0,0,0,0,0,0,0
3336811596,8311870,8310846,8261694,8257592,4,56,8,16384,32,2621464,3944480,33799,0,0,0,0,1,1,1,1,1,1,1,1,0,0,0,0,0,0,0,0,0,0,0,0,0,0
3337356955,8311870,8310846,8261694,8257592,4,56,8,16384,32,2621464,3944480,33799,0,0,0,0,1,1,1,1,1,1,1,1,0,0,0,0,0,0,0,0,0,0,0,0,0,0
3337880559,8311870,8310846,8261694,8257592,4,56,8,16384,32,2621464,3944480,33799,0,0,0,0,1,1,1,1,1,1,1,1,0,0,0,0,0,0,0,0,0,0,0,0,0,0
3338435780,8311870,8310846,8261694,8257592,4,56,8,16384,32,2621464,3944480,33799,0,0,0,0,1,1,1,1,1,1,1,1,0,0,0,0,0,0,0,0,0,0,0,0,0,0
3338977914,8311870,8310846,8261694,8257592,4,56,8,16384,32,2621464,3944480,33799,0,0,0,0,1,1,1,1,1,1,1,1,0,0,0,0,0,0,0,0,0,0,0,0,0,0
3339499755,8311870,8310846,8261694,8257592,4,56,8,16384,32,2621464,3944480,33799,0,0,0,0,1,1,1,1,1,1,1,1,0,0,0,0,0,0,0,0,0,0,0,0,0,0
3340032873,8311870,8310846,8261694,8257592,4,56,8,16384,32,2621464,3944480,33799,0,0,0,0,1,1,1,1,1,1,1,1,0,0,0,0,0,0,0,0,0,0,0,0,0,0
3340576798,8311870,8310846,8261694,8257592,4,56,8,16384,32,2621464,3944480,33799,0,0,0,0,1,1,1,1,1,1,1,1,0,0,0,0,0,0,0,0,0,0,0,0,0,0
3341121364,8311870,8310846,8261694,8257592,4,56,8,16384,32,2621464,3944480,33799,0,0,0,0,1,1,1,1,1,1,1,1,0,0,0,0,0,0,0,0,0,0,0,0,0,0
3341654026,8311870,8310846,8261694,8257592,4,56,8,16384,32,2621464,3944480,33799,0,0,0,0,1,1,1,1,1,1,1,1,0,0,0,0,0,0,0,0,0,0,0,0,0,0
3342185993,8311870,8310846,8261694,8257592,4,56,8,16384,32,2621464,3944480,33799,0,0,0,0,1,1,1,1,1,1,1,1,0,0,0,0,0,0,0,0,0,0,0,0,0,0
3342719620,8311870,8310846,8261694,8257592,4,56,8,16384,32,2621464,3944480,33799,0,0,0,0,1,1,1,1,1,1,1,1,0,0,0,0,0,0,0,0,0,0,0,0,0,0
3343240886,8311870,8310846,8261694,8257592,4,56,8,16384,32,2621464,3944480,33799,0,0,0,0,1,1,1,1,1,1,1,1,0,0,0,0,0,0,0,0,0,0,0,0,0,0
3343773563,8311870,8310846,8261694,8257592,4,56,8,16384,32,2621464,3944480,33799,0,0,0,0,1,1,1,1,1,1,1,1,0,0,0,0,0,0,0,0,0,0,0,0,0,0
3344294554,8311870,8310846,8261694,8257592,4,56,8,16384,32,2621464,3944480,33799,0,0,0,0,1,1,1,1,1,1,1,1,0,0,0,0,0,0,0,0,0,0,0,0,0,0
3344818220,8311870,8310846,8261694,8257592,4,56,8,16384,32,2621464,3944480,33799,0,0,0,0,1,1,1,1,1,1,1,1,0,0,0,0,0,0,0,0,0,0,0,0,0,0
3345352800,8311870,8310846,8261694,8257592,4,56,8,16384,32,2621464,3944480,33799,0,0,0,0,1,1,1,1,1,1,1,1,0,0,0,0,0,0,0,0,0,0,0,0,0,0
3345873576,8311870,8310846,8261694,8257592,4,56,8,16384,32,2621464,3944480,33799,0,0,0,0,1,1,1,1,1,1,1,1,0,0,0,0,0,0,0,0,0,0,0,0,0,0
3346406773,8311870,8310846,8261694,8257592,4,56,8,16384,32,2621464,3944480,33799,0,0,0,0,1,1,1,1,1,1,1,1,0,0,0,0,0,0,0,0,0,0,0,0,0,0
3346929162,8311870,8310846,8261694,8257592,4,56,8,16384,32,2621464,3944480,33799,0,0,0,0,1,1,1,1,1,1,1,1,0,0,0,0,0,0,0,0,0,0,0,0,0,0
3347460937,8311870,8310846,8261694,8257592,4,56,8,16384,32,2621464,3944480,33799,0,0,0,0,1,1,1,1,1,1,1,1,0,0,0,0,0,0,0,0,0,0,0,0,0,0
3347983687,8311870,8310846,8261694,8257592,4,56,8,16384,32,2621464,3944480,33799,0,0,0,0,1,1,1,1,1,1,1,1,0,0,0,0,0,0,0,0,0,0,0,0,0,0
3348515819,8311870,8310846,8261694,8257592,4,56,8,16384,32,2621464,3944480,33799,0,0,0,0,1,1,1,1,1,1,1,1,0,0,0,0,0,0,0,0,0,0,0,0,0,0
3349037769,8311870,8310846,8261694,8257592,4,56,8,16384,32,2621464,3944480,33799,0,0,0,0,1,1,1,1,1,1,1,1,0,0,0,0,0,0,0,0,0,0,0,0,0,0
3349579884,8311870,8310846,8261694,8257592,4,56,8,16384,32,2621464,3944480,33799,0,0,0,0,1,1,1,1,1,1,1,1,0,0,0,0,0,0,0,0,0,0,0,0,0,0
3350123556,8311870,8310846,8261694,8257592,4,56,8,16384,32,2621464,3944480,33799,0,0,0,0,1,1,1,1,1,1,1,1,0,0,0,0,0,0,0,0,0,0,0,0,0,0
3350634554,8311870,8310846,8261694,8257592,4,56,8,16384,32,2621464,3944480,33799,0,0,0,0,1,1,1,1,1,1,1,1,0,0,0,0,0,0,0,0,0,0,0,0,0,0
3351156613,8311870,8310846,8261694,8257592,4,56,8,16384,32,2621464,3944480,33799,0,0,0,0,1,1,1,1,1,1,1,1,0,0,0,0,0,0,0,0,0,0,0,0,0,0
3351711734,8311870,8310846,8261694,8257592,4,56,8,16384,32,2621464,3944480,33799,0,0,0,0,1,1,1,1,1,1,1,1,0,0,0,0,0,0,0,0,0,0,0,0,0,0
3352244001,8311870,8310846,8261694,8257592,4,56,8,16384,32,2621464,3944480,33799,0,0,0,0,1,1,1,1,1,1,1,1,0,0,0,0,0,0,0,0,0,0,0,0,0,0
3352800360,8311870,8310846,8261694,8257592,4,56,8,16384,32,2621464,3944480,33799,0,0,0,0,1,1,1,1,1,1,1,1,0,0,0,0,0,0,0,0,0,0,0,0,0,0
3353343034,8311870,8310846,8261694,8257592,4,56,8,16384,32,2621464,3944480,33799,0,0,0,0,1,1,1,1,1,1,1,1,0,0,0,0,0,0,0,0,0,0,0,0,0,0
3353875786,8311870,8310846,8261694,8257592,4,56,8,16384,32,2621464,3944480,33799,0,0,0,0,1,1,1,1,1,1,1,1,0,0,0,0,0,0,0,0,0,0,0,0,0,0
3354399025,8311870,8310846,8261694,8257592,4,56,8,16384,32,2621464,3944480,33799,0,0,0,0,1,1,1,1,1,1,1,1,0,0,0,0,0,0,0,0,0,0,0,0,0,0
3354941552,8311870,8310846,8261694,8257592,4,56,8,16384,32,2621464,3944480,33799,0,0,0,0,1,1,1,1,1,1,1,1,0,0,0,0,0,0,0,0,0,0,0,0,0,0
3355452838,8311870,8310846,8261694,8257592,4,56,8,16384,32,2621464,3944480,33799,0,0,0,0,1,1,1,1,1,1,1,1,0,0,0,0,0,0,0,0,0,0,0,0,0,0
3355973833,8311870,8310846,8261694,8257592,4,56,8,16384,32,2621464,3944480,33799,0,0,0,0,1,1,1,1,1,1,1,1,0,0,0,0,0,0,0,0,0,0,0,0,0,0
3356517552,8311870,8310846,8261694,8257592,4,56,8,16384,32,2621464,3944480,33799,0,0,0,0,1,1,1,1,1,1,1,1,0,0,0,0,0,0,0,0,0,0,0,0,0,0
3357050558,8311870,8310846,8261694,8257592,4,56,8,16384,32,2621464,3944480,33799,0,0,0,0,1,1,1,1,1,1,1,1,0,0,0,0,0,0,0,0,0,0,0,0,0,0
3357605909,8311870,8310846,8261694,8257592,4,56,8,16384,32,2621464,3944480,33799,0,0,0,0,1,1,1,1,1,1,1,1,0,0,0,0,0,0,0,0,0,0,0,0,0,0
3358128029,8311870,8310846,8261694,8257592,4,56,8,16384,32,2621464,3944480,33799,0,0,0,0,1,1,1,1,1,1,1,1,0,0,0,0,0,0,0,0,0,0,0,0,0,0
3358659831,8311870,8310846,8261694,8257592,4,56,8,16384,32,2621464,3944480,33799,0,0,0,0,1,1,1,1,1,1,1,1,0,0,0,0,0,0,0,0,0,0,0,0,0,0
3359192737,8311870,8310846,8261694,8257592,4,56,8,16384,32,2621464,3944480,33799,0,0,0,0,1,1,1,1,1,1,1,1,0,0,0,0,0,0,0,0,0,0,0,0,0,0
3359735724,8311870,8310846,8261694,8257592,4,56,8,16384,32,2621464,3944480,33799,0,0,0,0,1,1,1,1,1,1,1,1,0,0,0,0,0,0,0,0,0,0,0,0,0,0
3360268640,8311870,8310846,8261694,8257592,4,56,8,16384,32,2621464,3944480,33799,0,0,0,0,1,1,1,1,1,1,1,1,0,0,0,0,0,0,0,0,0,0,0,0,0,0
3360823740,8311870,8310846,8261694,8257592,4,56,8,16384,32,2621464,3944480,33799,0,0,0,0,1,1,1,1,1,1,1,1,0,0,0,0,0,0,0,0,0,0,0,0,0,0
3361346016,8311870,8310846,8261694,8257592,4,56,8,16384,32,2621464,3944480,33799,0,0,0,0,1,1,1,1,1,1,1,1,0,0,0,0,0,0,0,0,0,0,0,0,0,0
3361878553,8311870,8310846,8261694,8257592,4,56,8,16384,32,2621464,3944480,33799,0,0,0,0,1,1,1,1,1,1,1,1,0,0,0,0,0,0,0,0,0,0,0,0,0,0
3362421559,8311870,8310846,8261694,8257592,4,56,8,16384,32,2621464,3944480,33799,0,0,0,0,1,1,1,1,1,1,1,1,0,0,0,0,0,0,0,0,0,0,0,0,0,0
3362954597,8311870,8310846,8261694,8257592,4,56,8,16384,32,2621464,3944480,33799,0,0,0,0,1,1,1,1,1,1,1,1,0,0,0,0,0,0,0,0,0,0,0,0,0,0
3363476528,8311870,8310846,8261694,8257592,4,56,8,16384,32,2621464,3944480,33799,0,0,0,0,1,1,1,1,1,1,1,1,0,0,0,0,0,0,0,0,0,0,0,0,0,0
3364032077,8311870,8310846,8261694,8257592,4,56,8,16384,32,2621464,3944480,33799,0,0,0,0,1,1,1,1,1,1,1,1,0,0,0,0,0,0,0,0,0,0,0,0,0,0
3364552709,8311870,8310846,8261694,8257592,4,56,8,16384,32,2621464,3944480,33799,0,0,0,0,1,1,1,1,1,1,1,1,0,0,0,0,0,0,0,0,0,0,0,0,0,0
3365097884,8311870,8310846,8261694,8257592,4,56,8,16384,32,2621464,3944480,33799,0,0,0,0,1,1,1,1,1,1,1,1,0,0,0,0,0,0,0,0,0,0,0,0,0,0
3365619527,8311870,8310846,8261694,8257592,4,56,8,16384,32,2621464,3944480,33799,0,0,0,0,1,1,1,1,1,1,1,1,0,0,0,0,0,0,0,0,0,0,0,0,0,0
3366162561,8311870,8310846,8261694,8257592,4,56,8,16384,32,2621464,3944480,33799,0,0,0,0,1,1,1,1,1,1,1,1,0,0,0,0,0,0,0,0,0,0,0,0,0,0
3366706833,8311870,8310846,8261694,8257592,4,56,8,16384,32,2621464,3944480,33799,0,0,0,0,1,1,1,1,1,1,1,1,0,0,0,0,0,0,0,0,0,0,0,0,0,0
3367250527,8311870,8310846,8261694,8257592,4,56,8,16384,32,2621464,3944480,33799,0,0,0,0,1,1,1,1,1,1,1,1,0,0,0,0,0,0,0,0,0,0,0,0,0,0
3367782598,8311870,8310846,8261694,8257592,4,56,8,16384,32,2621464,3944480,33799,0,0,0,0,1,1,1,1,1,1,1,1,0,0,0,0,0,0,0,0,0,0,0,0,0,0
3368338808,8311870,8310846,8261694,8257592,4,56,8,16384,32,2621464,3944480,33799,0,0,0,0,1,1,1,1,1,1,1,1,0,0,0,0,0,0,0,0,0,0,0,0,0,0
3368860004,8311870,8310846,8261694,8257592,4,56,8,16384,32,2621464,3944480,33799,0,0,0,0,1,1,1,1,1,1,1,1,0,0,0,0,0,0,0,0,0,0,0,0,0,0
3369414545,8311870,8310846,8261694,8257592,4,56,8,16384,32,2621464,3944480,33799,0,0,0,0,1,1,1,1,1,1,1,1,0,0,0,0,0,0,0,0,0,0,0,0,0,0
3369946699,8311870,8310846,8261694,8257592,4,56,8,16384,32,2621464,3944480,33799,0,0,0,0,1,1,1,1,1,1,1,1,0,0,0,0,0,0,0,0,0,0,0,0,0,0
3370491964,8311870,8310846,8261694,8257592,4,56,8,16384,32,2621464,3944480,33799,0,0,0,0,1,1,1,1,1,1,1,1,0,0,0,0,0,0,0,0,0,0,0,0,0,0
3371012940,8311870,8310846,8261694,8257592,4,56,8,16384,32,2621464,3944480,33799,0,0,0,0,1,1,1,1,1,1,1,1,0,0,0,0,0,0,0,0,0,0,0,0,0,0
3371555807,8311870,8310846,8261694,8257592,4,56,8,16384,32,2621464,3944480,33799,0,0,0,0,1,1,1,1,1,1,1,1,0,0,0,0,0,0,0,0,0,0,0,0,0,0
3372077748,8311870,8310846,8261694,8257592,4,56,8,16384,32,2621464,3944480,33799,0,0,0,0,1,1,1,1,1,1,1,1,0,0,0,0,0,0,0,0,0,0,0,0,0,0
3372611567,8311870,8310846,8261694,8257592,4,56,8,16384,32,2621464,3944480,33799,0,0,0,0,1,1,1,1,1,1,1,1,0,0,0,0,0,0,0,0,0,0,0,0,0,0
3373133097,8311870,8310846,8261694,8257592,4,56,8,16384,32,2621464,3944480,33799,0,0,0,0,1,1,1,1,1,1,1,1,0,0,0,0,0,0,0,0,0,0,0,0,0,0
3373653708,8311870,8310846,8261694,8257592,4,56,8,16384,32,2621464,3944480,33799,0,0,0,0,1,1,1,1,1,1,1,1,0,0,0,0,0,0,0,0,0,0,0,0,0,0
3374176002,8311870,8310846,8261694,8257592,4,56,8,16384,32,2621464,3944480,33799,0,0,0,0,1,1,1,1,1,1,1,1,0,0,0,0,0,0,0,0,0,0,0,0,0,0
3374709661,8311870,8310846,8261694,8257592,4,56,8,16384,32,2621464,3944480,33799,0,0,0,0,1,1,1,1,1,1,1,1,0,0,0,0,0,0,0,0,0,0,0,0,0,0
3375241680,8311870,8310846,8261694,8257592,4,56,8,16384,32,2621464,3944480,33799,0,0,0,0,1,1,1,1,1,1,1,1,0,0,0,0,0,0,0,0,0,0,0,0,0,0
3375774525,8311870,8310846,8261694,8257592,4,56,8,16384,32,2621464,3944480,33799,0,0,0,0,1,1,1,1,1,1,1,1,0,0,0,0,0,0,0,0,0,0,0,0,0,0
3376318771,8311870,8310846,8261694,8257592,4,56,8,16384,32,2621464,3944480,33799,0,0,0,0,1,1,1,1,1,1,1,1,0,0,0,0,0,0,0,0,0,0,0,0,0,0
3376831781,8311870,8310846,8261694,8257592,4,56,8,16384,32,2621464,3944480,33799,0,0,0,0,1,1,1,1,1,1,1,1,0,0,0,0,0,0,0,0,0,0,0,0,0,0
3377352829,8311870,8310846,8261694,8257592,4,56,8,16384,32,2621464,3944480,33799,0,0,0,0,1,1,1,1,1,1,1,1,0,0,0,0,0,0,0,0,0,0,0,0,0,0
3377885941,8311870,8310846,8261694,8257592,4,56,8,16384,32,2621464,3944480,33799,0,0,0,0,1,1,1,1,1,1,1,1,0,0,0,0,0,0,0,0,0,0,0,0,0,0
3378408287,8311870,8310846,8261694,8257592,4,56,8,16384,32,2621464,3944480,33799,0,0,0,0,1,1,1,1,1,1,1,1,0,0,0,0,0,0,0,0,0,0,0,0,0,0
3378939992,8311870,8310846,8261694,8257592,4,56,8,16384,32,2621464,3944480,33799,0,0,0,0,1,1,1,1,1,1,1,1,0,0,0,0,0,0,0,0,0,0,0,0,0,0
3379450754,8311870,8310846,8261694,8257592,4,56,8,16384,32,2621464,3944480,33799,0,0,0,0,1,1,1,1,1,1,1,1,0,0,0,0,0,0,0,0,0,0,0,0,0,0
3379995707,8311870,8310846,8261694,8257592,4,56,8,16384,32,2621464,3944480,33799,0,0,0,0,1,1,1,1,1,1,1,1,0,0,0,0,0,0,0,0,0,0,0,0,0,0
3380528680,8311870,8310846,8261694,8257592,4,56,8,16384,32,2621464,3944480,33799,0,0,0,0,1,1,1,1,1,1,1,1,0,0,0,0,0,0,0,0,0,0,0,0,0,0
3381062519,8311870,8310846,8261694,8257592,4,56,8,16384,32,2621464,3944480,33799,0,0,0,0,1,1,1,1,1,1,1,1,0,0,0,0,0,0,0,0,0,0,0,0,0,0
3381596725,8311870,8310846,8261694,8257592,4,56,8,16384,32,2621464,3944480,33799,0,0,0,0,1,1,1,1,1,1,1,1,0,0,0,0,0,0,0,0,0,0,0,0,0,0
3382128694,8311870,8310846,8261694,8257592,4,56,8,16384,32,2621464,3944480,33799,0,0,0,0,1,1,1,1,1,1,1,1,0,0,0,0,0,0,0,0,0,0,0,0,0,0
3382673931,8311870,8310846,8261694,8257592,4,56,8,16384,32,2621464,3944480,33799,0,0,0,0,1,1,1,1,1,1,1,1,0,0,0,0,0,0,0,0,0,0,0,0,0,0
3383205877,8311870,8310846,8261694,8257592,4,56,8,16384,32,2621464,3944480,33799,0,0,0,0,1,1,1,1,1,1,1,1,0,0,0,0,0,0,0,0,0,0,0,0,0,0
3383739853,8311870,8310846,8261694,8257592,4,56,8,16384,32,2621464,3944480,33799,0,0,0,0,1,1,1,1,1,1,1,1,0,0,0,0,0,0,0,0,0,0,0,0,0,0
3384282582,8311870,8310846,8261694,8257592,4,56,8,16384,32,2621464,3944480,33799,0,0,0,0,1,1,1,1,1,1,1,1,0,0,0,0,0,0,0,0,0,0,0,0,0,0
3384827819,8311870,8310846,8261694,8257592,4,56,8,16384,32,2621464,3944480,33799,0,0,0,0,1,1,1,1,1,1,1,1,0,0,0,0,0,0,0,0,0,0,0,0,0,0
3385359675,8311870,8310846,8261694,8257592,4,56,8,16384,32,2621464,3944480,33799,0,0,0,0,1,1,1,1,1,1,1,1,0,0,0,0,0,0,0,0,0,0,0,0,0,0
3385902819,8311870,8310846,8261694,8257592,4,56,8,16384,32,2621464,3944480,33799,0,0,0,0,1,1,1,1,1,1,1,1,0,0,0,0,0,0,0,0,0,0,0,0,0,0
3386413820,8311870,8310846,8261694,8257592,4,56,8,16384,32,2621464,3944480,33799,0,0,0,0,1,1,1,1,1,1,1,1,0,0,0,0,0,0,0,0,0,0,0,0,0,0
3386946764,8311870,8310846,8261694,8257592,4,56,8,16384,32,2621464,3944480,33799,0,0,0,0,1,1,1,1,1,1,1,1,0,0,0,0,0,0,0,0,0,0,0,0,0,0
3387490612,8311870,8310846,8261694,8257592,4,56,8,16384,32,2621464,3944480,33799,0,0,0,0,1,1,1,1,1,1,1,1,0,0,0,0,0,0,0,0,0,0,0,0,0,0
3388012524,8311870,8310846,8261694,8257592,4,56,8,16384,32,2621464,3944480,33799,0,0,0,0,1,1,1,1,1,1,1,1,0,0,0,0,0,0,0,0,0,0,0,0,0,0
3388568029,8311870,8310846,8261694,8257592,4,56,8,16384,32,2621464,3944480,33799,0,0,0,0,1,1,1,1,1,1,1,1,0,0,0,0,0,0,0,0,0,0,0,0,0,0
3389110701,8311870,8310846,8261694,8257592,4,56,8,16384,32,2621464,3944480,33799,0,0,0,0,1,1,1,1,1,1,1,1,0,0,0,0,0,0,0,0,0,0,0,0,0,0
3389655781,8311870,8310846,8261694,8257592,4,56,8,16384,32,2621464,3944480,33799,0,0,0,0,1,1,1,1,1,1,1,1,0,0,0,0,0,0,0,0,0,0,0,0,0,0
3390197580,8311870,8310846,8261694,8257592,4,56,8,16384,32,2621464,3944480,33799,0,0,0,0,1,1,1,1,1,1,1,1,0,0,0,0,0,0,0,0,0,0,0,0,0,0
3390731966,8311870,8310846,8261694,8257592,4,56,8,16384,32,2621464,3944480,33799,0,0,0,0,1,1,1,1,1,1,1,1,0,0,0,0,0,0,0,0,0,0,0,0,0,0
3391274629,8311870,8310846,8261694,8257592,4,56,8,16384,32,2621464,3944480,33799,0,0,0,0,1,1,1,1,1,1,1,1,0,0,0,0,0,0,0,0,0,0,0,0,0,0
3391807528,8311870,8310846,8261694,8257592,4,56,8,16384,32,2621464,3944480,33799,0,0,0,0,1,1,1,1,1,1,1,1,0,0,0,0,0,0,0,0,0,0,0,0,0,0
3392329656,8311870,8310846,8261694,8257592,4,56,8,16384,32,2621464,3944480,33799,0,0,0,0,1,1,1,1,1,1,1,1,0,0,0,0,0,0,0,0,0,0,0,0,0,0
3392861670,8311870,8310846,8261694,8257592,4,56,8,16384,32,2621464,3944480,33799,0,0,0,0,1,1,1,1,1,1,1,1,0,0,0,0,0,0,0,0,0,0,0,0,0,0
3393394530,8311870,8310846,8261694,8257592,4,56,8,16384,32,2621464,3944480,33799,0,0,0,0,1,1,1,1,1,1,1,1,0,0,0,0,0,0,0,0,0,0,0,0,0,0
3393926524,8311870,8310846,8261694,8257592,4,56,8,16384,32,2621464,3944480,33799,0,0,0,0,1,1,1,1,1,1,1,1,0,0,0,0,0,0,0,0,0,0,0,0,0,0
3394462101,8311870,8310846,8261694,8257592,4,56,8,16384,32,2621464,3944480,33799,0,0,0,0,1,1,1,1,1,1,1,1,0,0,0,0,0,0,0,0,0,0,0,0,0,0
3394974039,8311870,8310846,8261694,8257592,4,56,8,16384,32,2621464,3944480,33799,0,0,0,0,1,1,1,1,1,1,1,1,0,0,0,0,0,0,0,0,0,0,0,0,0,0
3395494667,8311870,8310846,8261694,8257592,4,56,8,16384,32,2621464,3944480,33799,0,0,0,0,1,1,1,1,1,1,1,1,0,0,0,0,0,0,0,0,0,0,0,0,0,0
3396017768,8311870,8310846,8261694,8257592,4,56,8,16384,32,2621464,3944480,33799,0,0,0,0,1,1,1,1,1,1,1,1,0,0,0,0,0,0,0,0,0,0,0,0,0,0
3396550198,8311870,8310846,8261694,8257592,4,56,8,16384,32,2621464,3944480,33799,0,0,0,0,1,1,1,1,1,1,1,1,0,0,0,0,0,0,0,0,0,0,0,0,0,0
3397082835,8311870,8310846,8261694,8257592,4,56,8,16384,32,2621464,3944480,33799,0,0,0,0,1,1,1,1,1,1,1,1,0,0,0,0,0,0,0,0,0,0,0,0,0,0
3397616348,8311870,8310846,8261694,8257592,4,56,8,16384,32,2621464,3944480,33799,0,0,0,0,1,1,1,1,1,1,1,1,0,0,0,0,0,0,0,0,0,0,0,0,0,0
3398127609,8311870,8310846,8261694,8257592,4,56,8,16384,32,2621464,3944480,33799,0,0,0,0,1,1,1,1,1,1,1,1,0,0,0,0,0,0,0,0,0,0,0,0,0,0
3398660570,8311870,8310846,8261694,8257592,4,56,8,16384,32,2621464,3944480,33799,0,0,0,0,1,1,1,1,1,1,1,1,0,0,0,0,0,0,0,0,0,0,0,0,0,0
3399194078,8311870,8310846,8261694,8257592,4,56,8,16384,32,2621464,3944480,33799,0,0,0,0,1,1,1,1,1,1,1,1,0,0,0,0,0,0,0,0,0,0,0,0,0,0
3399727301,8311870,8310846,8261694,8257592,4,56,8,16384,32,2621464,3944480,33799,0,0,0,0,1,1,1,1,1,1,1,1,0,0,0,0,0,0,0,0,0,0,0,0,0,0
3400270554,8311870,8310846,8261694,8257592,4,56,8,16384,32,2621464,3944480,33799,0,0,0,0,1,1,1,1,1,1,1,1,0,0,0,0,0,0,0,0,0,0,0,0,0,0
3400803560,8311870,8310846,8261694,8257592,4,56,8,16384,32,2621464,3944480,33799,0,0,0,0,1,1,1,1,1,1,1,1,0,0,0,0,0,0,0,0,0,0,0,0,0,0
3401336708,8311870,8310846,8261694,8257592,4,56,8,16384,32,2621464,3944480,33799,0,0,0,0,1,1,1,1,1,1,1,1,0,0,0,0,0,0,0,0,0,0,0,0,0,0
3401870340,8311870,8310846,8261694,8257592,4,56,8,16384,32,2621464,3944480,33799,0,0,0,0,1,1,1,1,1,1,1,1,0,0,0,0,0,0,0,0,0,0,0,0,0,0
3402414207,8311870,8310846,8261694,8257592,4,56,8,16384,32,2621464,3944480,33799,0,0,0,0,1,1,1,1,1,1,1,1,0,0,0,0,0,0,0,0,0,0,0,0,0,0
3402935919,8311870,8310846,8261694,8257592,4,56,8,16384,32,2621464,3944480,33799,0,0,0,0,1,1,1,1,1,1,1,1,0,0,0,0,0,0,0,0,0,0,0,0,0,0
3403456807,8311870,8310846,8261694,8257592,4,56,8,16384,32,2621464,3944480,33799,0,0,0,0,1,1,1,1,1,1,1,1,0,0,0,0,0,0,0,0,0,0,0,0,0,0
3403990575,8311870,8310846,8261694,8257592,4,56,8,16384,32,2621464,3944480,33799,0,0,0,0,1,1,1,1,1,1,1,1,0,0,0,0,0,0,0,0,0,0,0,0,0,0
3404522526,8311870,8310846,8261694,8257592,4,56,8,16384,32,2621464,3944480,33799,0,0,0,0,1,1,1,1,1,1,1,1,0,0,0,0,0,0,0,0,0,0,0,0,0,0
3405054551,8311870,8310846,8261694,8257592,4,56,8,16384,32,2621464,3944480,33799,0,0,0,0,1,1,1,1,1,1,1,1,0,0,0,0,0,0,0,0,0,0,0,0,0,0
3405611182,8311870,8310846,8261694,8257592,4,56,8,16384,32,2621464,3944480,33799,0,0,0,0,1,1,1,1,1,1,1,1,0,0,0,0,0,0,0,0,0,0,0,0,0,0
3406122833,8311870,8310846,8261694,8257592,4,56,8,16384,32,2621464,3944480,33799,0,0,0,0,1,1,1,1,1,1,1,1,0,0,0,0,0,0,0,0,0,0,0,0,0,0
3406645782,8311870,8310846,8261694,8257592,4,56,8,16384,32,2621464,3944480,33799,0,0,0,0,1,1,1,1,1,1,1,1,0,0,0,0,0,0,0,0,0,0,0,0,0,0
3407180629,8311870,8310846,8261694,8257592,4,56,8,16384,32,2621464,3944480,33799,0,0,0,0,1,1,1,1,1,1,1,1,0,0,0,0,0,0,0,0,0,0,0,0,0,0
3407724742,8311870,8310846,8261694,8257592,4,56,8,16384,32,2621464,3944480,33799,0,0,0,0,1,1,1,1,1,1,1,1,0,0,0,0,0,0,0,0,0,0,0,0,0,0
3408256699,8311870,8310846,8261694,8257592,4,56,8,16384,32,2621464,3944480,33799,0,0,0,0,1,1,1,1,1,1,1,1,0,0,0,0,0,0,0,0,0,0,0,0,0,0
3408778753,8311870,8310846,8261694,8257592,4,56,8,16384,32,2621464,3944480,33799,0,0,0,0,1,1,1,1,1,1,1,1,0,0,0,0,0,0,0,0,0,0,0,0,0,0
3409299773,8311870,8310846,8261694,8257592,4,56,8,16384,32,2621464,3944480,33799,0,0,0,0,1,1,1,1,1,1,1,1,0,0,0,0,0,0,0,0,0,0,0,0,0,0
3409834636,8311870,8310846,8261694,8257592,4,56,8,16384,32,2621464,3944480,33799,0,0,0,0,1,1,1,1,1,1,1,1,0,0,0,0,0,0,0,0,0,0,0,0,0,0
3410377565,8311870,8310846,8261694,8257592,4,56,8,16384,32,2621464,3944480,33799,0,0,0,0,1,1,1,1,1,1,1,1,0,0,0,0,0,0,0,0,0,0,0,0,0,0
3410922414,8311870,8310846,8261694,8257592,4,56,8,16384,32,2621464,3944480,33799,0,0,0,0,1,1,1,1,1,1,1,1,0,0,0,0,0,0,0,0,0,0,0,0,0,0
3411443678,8311870,8310846,8261694,8257592,4,56,8,16384,32,2621464,3944480,33799,0,0,0,0,1,1,1,1,1,1,1,1,0,0,0,0,0,0,0,0,0,0,0,0,0,0
3411956560,8311870,8310846,8261694,8257592,4,56,8,16384,32,2621464,3944480,33799,0,0,0,0,1,1,1,1,1,1,1,1,0,0,0,0,0,0,0,0,0,0,0,0,0,0
3412501077,8311870,8310846,8261694,8257592,4,56,8,16384,32,2621464,3944480,33799,0,0,0,0,1,1,1,1,1,1,1,1,0,0,0,0,0,0,0,0,0,0,0,0,0,0
3413044744,8311870,8310846,8261694,8257592,4,56,8,16384,32,2621464,3944480,33799,0,0,0,0,1,1,1,1,1,1,1,1,0,0,0,0,0,0,0,0,0,0,0,0,0,0
3413576741,8311870,8310846,8261694,8257592,4,56,8,16384,32,2621464,3944480,33799,0,0,0,0,1,1,1,1,1,1,1,1,0,0,0,0,0,0,0,0,0,0,0,0,0,0
3414120549,8311870,8310846,8261694,8257592,4,56,8,16384,32,2621464,3944480,33799,0,0,0,0,1,1,1,1,1,1,1,1,0,0,0,0,0,0,0,0,0,0,0,0,0,0
3414632018,8311870,8310846,8261694,8257592,4,56,8,16384,32,2621464,3944480,33799,0,0,0,0,1,1,1,1,1,1,1,1,0,0,0,0,0,0,0,0,0,0,0,0,0,0
3415133831,8311870,8310846,8261694,8257592,4,56,8,16384,32,2621464,3944480,33799,0,0,0,0,1,1,1,1,1,1,1,1,0,0,0,0,0,0,0,0,0,0,0,0,0,0
3415654690,8311870,8310846,8261694,8257592,4,56,8,16384,32,2621464,3944480,33799,0,0,0,0,1,1,1,1,1,1,1,1,0,0,0,0,0,0,0,0,0,0,0,0,0,0
3416201686,8311870,8310846,8261694,8257592,4,56,8,16384,32,2621464,3944480,33799,0,0,0,0,1,1,1,1,1,1,1,1,0,0,0,0,0,0,0,0,0,0,0,0,0,0
3416745785,8311870,8310846,8261694,8257592,4,56,8,16384,32,2621464,3944480,33799,0,0,0,0,1,1,1,1,1,1,1,1,0,0,0,0,0,0,0,0,0,0,0,0,0,0
3417277554,8311870,8310846,8261694,8257592,4,56,8,16384,32,2621464,3944480,33799,0,0,0,0,1,1,1,1,1,1,1,1,0,0,0,0,0,0,0,0,0,0,0,0,0,0
3417821599,8311870,8310846,8261694,8257592,4,56,8,16384,32,2621464,3944480,33799,0,0,0,0,1,1,1,1,1,1,1,1,0,0,0,0,0,0,0,0,0,0,0,0,0,0
3418342526,8311870,8310846,8261694,8257592,4,56,8,16384,32,2621464,3944480,33799,0,0,0,0,1,1,1,1,1,1,1,1,0,0,0,0,0,0,0,0,0,0,0,0,0,0
3418865679,8311870,8310846,8261694,8257592,4,56,8,16384,32,2621464,3944480,33799,0,0,0,0,1,1,1,1,1,1,1,1,0,0,0,0,0,0,0,0,0,0,0,0,0,0
3419408631,8311870,8310846,8261694,8257592,4,56,8,16384,32,2621464,3944480,33799,0,0,0,0,1,1,1,1,1,1,1,1,0,0,0,0,0,0,0,0,0,0,0,0,0,0
3419930573,8311870,8310846,8261694,8257592,4,56,8,16384,32,2621464,3944480,33799,0,0,0,0,1,1,1,1,1,1,1,1,0,0,0,0,0,0,0,0,0,0,0,0,0,0
3420464712,8311870,8310846,8261694,8257592,4,56,8,16384,32,2621464,3944480,33799,0,0,0,0,1,1,1,1,1,1,1,1,0,0,0,0,0,0,0,0,0,0,0,0,0,0
3420997592,8311870,8310846,8261694,8257592,4,56,8,16384,32,2621464,3944480,33799,0,0,0,0,1,1,1,1,1,1,1,1,0,0,0,0,0,0,0,0,0,0,0,0,0,0
3421530610,8311870,8310846,8261694,8257592,4,56,8,16384,32,2621464,3944480,33799,0,0,0,0,1,1,1,1,1,1,1,1,0,0,0,0,0,0,0,0,0,0,0,0,0,0
3422043564,8311870,8310846,8261694,8257592,4,56,8,16384,32,2621464,3944480,33799,0,0,0,0,1,1,1,1,1,1,1,1,0,0,0,0,0,0,0,0,0,0,0,0,0,0
3422575637,8311870,8310846,8261694,8257592,4,56,8,16384,32,2621464,3944480,33799,0,0,0,0,1,1,1,1,1,1,1,1,0,0,0,0,0,0,0,0,0,0,0,0,0,0
3423120267,8311870,8310846,8261694,8257592,4,56,8,16384,32,2621464,3944480,33799,0,0,0,0,1,1,1,1,1,1,1,1,0,0,0,0,0,0,0,0,0,0,0,0,0,0
3423663558,8311870,8310846,8261694,8257592,4,56,8,16384,32,2621464,3944480,33799,0,0,0,0,1,1,1,1,1,1,1,1,0,0,0,0,0,0,0,0,0,0,0,0,0,0
3424196525,8311870,8310846,8261694,8257592,4,56,8,16384,32,2621464,3944480,33799,0,0,0,0,1,1,1,1,1,1,1,1,0,0,0,0,0,0,0,0,0,0,0,0,0,0
3424729601,8311870,8310846,8261694,8257592,4,56,8,16384,32,2621464,3944480,33799,0,0,0,0,1,1,1,1,1,1,1,1,0,0,0,0,0,0,0,0,0,0,0,0,0,0
3425273712,8311870,8310846,8261694,8257592,4,56,8,16384,32,2621464,3944480,33799,0,0,0,0,1,1,1,1,1,1,1,1,0,0,0,0,0,0,0,0,0,0,0,0,0,0
3425806562,8311870,8310846,8261694,8257592,4,56,8,16384,32,2621464,3944480,33799,0,0,0,0,1,1,1,1,1,1,1,1,0,0,0,0,0,0,0,0,0,0,0,0,0,0
3426327846,8311870,8310846,8261694,8257592,4,56,8,16384,32,2621464,3944480,33799,0,0,0,0,1,1,1,1,1,1,1,1,0,0,0,0,0,0,0,0,0,0,0,0,0,0
3426850119,8311870,8310846,8261694,8257592,4,56,8,16384,32,2621464,3944480,33799,0,0,0,0,1,1,1,1,1,1,1,1,0,0,0,0,0,0,0,0,0,0,0,0,0,0
3427381773,8311870,8310846,8261694,8257592,4,56,8,16384,32,2621464,3944480,33799,0,0,0,0,1,1,1,1,1,1,1,1,0,0,0,0,0,0,0,0,0,0,0,0,0,0
3427905074,8311870,8310846,8261694,8257592,4,56,8,16384,32,2621464,3944480,33799,0,0,0,0,1,1,1,1,1,1,1,1,0,0,0,0,0,0,0,0,0,0,0,0,0,0
3428436737,8311870,8310846,8261694,8257592,4,56,8,16384,32,2621464,3944480,33799,0,0,0,0,1,1,1,1,1,1,1,1,0,0,0,0,0,0,0,0,0,0,0,0,0,0
3428958817,8311870,8310846,8261694,8257592,4,56,8,16384,32,2621464,3944480,33799,0,0,0,0,1,1,1,1,1,1,1,1,0,0,0,0,0,0,0,0,0,0,0,0,0,0
3429501584,8311870,8310846,8261694,8257592,4,56,8,16384,32,2621464,3944480,33799,0,0,0,0,1,1,1,1,1,1,1,1,0,0,0,0,0,0,0,0,0,0,0,0,0,0
3430037018,8311870,8310846,8261694,8257592,4,56,8,16384,32,2621464,3944480,33799,0,0,0,0,1,1,1,1,1,1,1,1,0,0,0,0,0,0,0,0,0,0,0,0,0,0
3430568856,8311870,8310846,8261694,8257592,4,56,8,16384,32,2621464,3944480,33799,0,0,0,0,1,1,1,1,1,1,1,1,0,0,0,0,0,0,0,0,0,0,0,0,0,0
3431113635,8311870,8310846,8261694,8257592,4,56,8,16384,32,2621464,3944480,33799,0,0,0,0,1,1,1,1,1,1,1,1,0,0,0,0,0,0,0,0,0,0,0,0,0,0
3431645727,8311870,8310846,8261694,8257592,4,56,8,16384,32,2621464,3944480,33799,0,0,0,0,1,1,1,1,1,1,1,1,0,0,0,0,0,0,0,0,0,0,0,0,0,0
3432167625,8311870,8310846,8261694,8257592,4,56,8,16384,32,2621464,3944480,33799,0,0,0,0,1,1,1,1,1,1,1,1,0,0,0,0,0,0,0,0,0,0,0,0,0,0
3432711601,8311870,8310846,8261694,8257592,4,56,8,16384,32,2621464,3944480,33799,0,0,0,0,1,1,1,1,1,1,1,1,0,0,0,0,0,0,0,0,0,0,0,0,0,0
3433232525,8311870,8310846,8261694,8257592,4,56,8,16384,32,2621464,3944480,33799,0,0,0,0,1,1,1,1,1,1,1,1,0,0,0,0,0,0,0,0,0,0,0,0,0,0
3433776584,8311870,8310846,8261694,8257592,4,56,8,16384,32,2621464,3944480,33799,0,0,0,0,1,1,1,1,1,1,1,1,0,0,0,0,0,0,0,0,0,0,0,0,0,0
3434310002,8311870,8310846,8261694,8257592,4,56,8,16384,32,2621464,3944480,33799,0,0,0,0,1,1,1,1,1,1,1,1,0,0,0,0,0,0,0,0,0,0,0,0,0,0
3434842552,8311870,8310846,8261694,8257592,4,56,8,16384,32,2621464,3944480,33799,0,0,0,0,1,1,1,1,1,1,1,1,0,0,0,0,0,0,0,0,0,0,0,0,0,0
3435363796,8311870,8310846,8261694,8257592,4,56,8,16384,32,2621464,3944480,33799,0,0,0,0,1,1,1,1,1,1,1,1,0,0,0,0,0,0,0,0,0,0,0,0,0,0
3435886716,8311870,8310846,8261694,8257592,4,56,8,16384,32,2621464,3944480,33799,0,0,0,0,1,1,1,1,1,1,1,1,0,0,0,0,0,0,0,0,0,0,0,0,0,0
3436408819,8311870,8310846,8261694,8257592,4,56,8,16384,32,2621464,3944480,33799,0,0,0,0,1,1,1,1,1,1,1,1,0,0,0,0,0,0,0,0,0,0,0,0,0,0
3436940875,8311870,8310846,8261694,8257592,4,56,8,16384,32,2621464,3944480,33799,0,0,0,0,1,1,1,1,1,1,1,1,0,0,0,0,0,0,0,0,0,0,0,0,0,0
3437461902,8311870,8310846,8261694,8257592,4,56,8,16384,32,2621464,3944480,33799,0,0,0,0,1,1,1,1,1,1,1,1,0,0,0,0,0,0,0,0,0,0,0,0,0,0
3437977566,8311870,8310846,8261694,8257592,4,56,8,16384,32,2621464,3944480,33799,0,0,0,0,1,1,1,1,1,1,1,1,0,0,0,0,0,0,0,0,0,0,0,0,0,0
3438520715,8311870,8310846,8261694,8257592,4,56,8,16384,32,2621464,3944480,33799,0,0,0,0,1,1,1,1,1,1,1,1,0,0,0,0,0,0,0,0,0,0,0,0,0,0
3439075728,8311870,8310846,8261694,8257592,4,56,8,16384,32,2621464,3944480,33799,0,0,0,0,1,1,1,1,1,1,1,1,0,0,0,0,0,0,0,0,0,0,0,0,0,0
3439609628,8311870,8310846,8261694,8257592,4,56,8,16384,32,2621464,3944480,33799,0,0,0,0,1,1,1,1,1,1,1,1,0,0,0,0,0,0,0,0,0,0,0,0,0,0
3440120568,8311870,8310846,8261694,8257592,4,56,8,16384,32,2621464,3944480,33799,0,0,0,0,1,1,1,1,1,1,1,1,0,0,0,0,0,0,0,0,0,0,0,0,0,0
3440644914,8311870,8310846,8261694,8257592,4,56,8,16384,32,2621464,3944480,33799,0,0,0,0,1,1,1,1,1,1,1,1,0,0,0,0,0,0,0,0,0,0,0,0,0,0
3441177802,8311870,8310846,8261694,8257592,4,56,8,16384,32,2621464,3944480,33799,0,0,0,0,1,1,1,1,1,1,1,1,0,0,0,0,0,0,0,0,0,0,0,0,0,0
3441699089,8311870,8310846,8261694,8257592,4,56,8,16384,32,2621464,3944480,33799,0,0,0,0,1,1,1,1,1,1,1,1,0,0,0,0,0,0,0,0,0,0,0,0,0,0
