timestamp,timestamp_sample,device_id,magnetometer_ga[0],magnetometer_ga[1],magnetometer_ga[2],calibration_count
3050558886,3050557920,396825,0.20449479,0.023831468,0.3948029,3
3051006610,3051005620,396825,0.19415215,0.011794649,0.39510667,3
3051454962,3051453988,396825,0.19797868,0.010443736,0.4174711,3
3052052131,3052051168,396825,0.18939799,0.010635324,0.40816218,3
3052500112,3052499118,396825,0.21032852,0.015154738,0.42559066,3
3052948450,3052947485,396825,0.21180436,0.021091651,0.42334756,3
3053545392,3053544431,396825,0.20940995,0.024055237,0.42292327,3
3053993273,3053992309,396825,0.2055219,0.024932906,0.39604038,3
3054569631,3054515182,396825,0.20256126,0.016779799,0.40995666,3
3055038868,3055037906,396825,0.20080487,0.018097306,0.39527786,3
3055486790,3055485794,396825,0.19349857,0.011878481,0.4067214,3
3056062783,3056008485,396825,0.20252143,0.018205486,0.4090398,3
3056531847,3056530884,396825,0.19514543,0.011791766,0.4264562,3
3056979570,3056978603,396825,0.21626504,0.020412758,0.4259562,3
3057555984,3057501678,396825,0.20111571,0.01790304,0.40741867,3
3058024691,3058023727,396825,0.21146512,0.023772893,0.4142753,3
3058472994,3058471993,396825,0.19553399,0.017527772,0.38320386,3
3059070382,3059069420,396825,0.20276682,0.02189387,0.39706108,3
3059518180,3059517217,396825,0.18683934,0.011565059,0.39742747,3
3059966359,3059965395,396825,0.19729269,0.012532817,0.42156023,3
3060564232,3060563259,396825,0.18928227,0.0093717445,0.39858884,3
3061012198,3061011236,396825,0.20450342,0.013226677,0.42161936,3
3061459970,3061458969,396825,0.21481606,0.023349829,0.4120049,3
3062057708,3062056569,396825,0.21300128,0.021159291,0.43324566,3
3062505481,3062504490,396825,0.20334542,0.023434926,0.3973574,3
3062953463,3062952461,396825,0.18324585,0.014681343,0.39087301,3
3063551303,3063550120,396825,0.19783872,0.014937399,0.3887913,3
3063998977,3063997989,396825,0.19055066,0.01209091,0.40274346,3
3064446796,3064445832,396825,0.2107755,0.014128914,0.44534597,3
3065044246,3065043272,396825,0.20350236,0.013334813,0.41638157,3
3065491678,3065490712,396825,0.21384072,0.023155937,0.41733813,3
3066068085,3066013525,396825,0.20019457,0.018891612,0.4082098,3
3066537222,3066536219,396825,0.20638546,0.023586093,0.39918435,3
3066985211,3066984249,396825,0.19284382,0.014140865,0.38053936,3
3067561645,3067507177,396825,0.19935384,0.011632949,0.4183933,3
3068030969,3068029912,396825,0.18865497,0.013107546,0.3981759,3
3068478480,3068477519,396825,0.20956957,0.014197383,0.42587188,3
3069054884,3069000523,396825,0.20521498,0.015799675,0.4070022,3
3069523751,3069522789,396825,0.20485295,0.020238398,0.4249115,3
3069971870,3069970873,396825,0.2050598,0.019970195,0.41559425,3
3070569307,3070568344,396825,0.21147388,0.023750026,0.40257478,3
3071017590,3071016627,396825,0.19691029,0.017454047,0.39840776,3
3071465464,3071464502,396825,0.18567365,0.009668617,0.39482662,3
3072062857,3072061896,396825,0.192298,0.012295332,0.3858289,3
3072510897,3072509888,396825,0.20673016,0.01304061,0.41492882,3
3072958737,3072957754,396825,0.21219549,0.019406592,0.41847098,3
3073555849,3073554889,396825,0.21460006,0.012337061,0.4375175,3
3074003858,3074002897,396825,0.20663956,0.021529963,0.3945319,3
3074452085,3074451067,396825,0.18074617,0.017170172,0.38499302,3
3075049418,3075048455,396825,0.18973175,0.013571572,0.38175237,3
3075497280,3075496128,396825,0.1929181,0.010939427,0.41332752,3
3076072737,3076018602,396825,0.2024867,0.013388704,0.41464728,3
3076542303,3076541342,396825,0.20894061,0.018391822,0.42750892,3
3076989826,3076988826,396825,0.21449234,0.026060056,0.41486153,3
3077565773,3077511658,396825,0.20148282,0.017768495,0.4045297,3
3078035384,3078034422,396825,0.20724373,0.023457551,0.403969,3
3078483322,3078482359,396825,0.18958737,0.015257666,0.389103,3
3079058968,3079004666,396825,0.20048788,0.019070936,0.4095313,3
3079528624,3079527581,396825,0.18978836,0.009015726,0.40260497,3
3079977076,3079975193,396825,0.2059502,0.009270584,0.42169994,3
3080573431,3080572468,396825,0.20751962,0.013892651,0.42853025,3
3081021772,3081020810,396825,0.21301316,0.0234306,0.4188194,3
3081469571,3081468609,396825,0.201736,0.023723735,0.3912922,3
3082067271,3082066304,396825,0.20584723,0.022609092,0.40250033,3
3082515261,3082514266,396825,0.18898275,0.012790136,0.3937652,3
3082963153,3082962185,396825,0.20352678,0.0210317,0.422844,3
3083560838,3083559653,396825,0.20448181,0.013678692,0.41935062,3
3084008560,3084007568,396825,0.20999524,0.022739045,0.41249788,3
3084456530,3084455539,396825,0.19463813,0.02084033,0.39323854,3
3085054148,3085053188,396825,0.19241351,0.01666878,0.38924485,3
3085502092,3085501119,396825,0.19741568,0.008826917,0.4096337,3
3085950086,3085949119,396825,0.21010868,0.022665132,0.4124313,3
3086547393,3086546429,396825,0.20849806,0.019901378,0.4354797,3
3086995256,3086994252,396825,0.19734076,0.021581948,0.38676298,3
3087570959,3087516735,396825,0.20223074,0.018184362,0.40739328,3
3088040683,3088039720,396825,0.19174609,0.01690511,0.39835316,3
3088488378,3088487412,396825,0.20134982,0.024418874,0.4266628,3
3089064265,3089009832,396825,0.20293957,0.018098865,0.40745723,3
3089533692,3089532715,396825,0.20975974,0.023692265,0.4016199,3
3089981911,3089980950,396825,0.18950988,0.019599307,0.38929385,3
3090557650,3090503401,396825,0.20133582,0.018928057,0.40536055,3
3091027189,3091026213,396825,0.20692001,0.012340341,0.4237485,3
3091476073,3091474524,396825,0.21242958,0.023672756,0.40929723,3
3092072671,3092071499,396825,0.2133202,0.015740199,0.43313444,3
3092521076,3092520013,396825,0.19484013,0.015484825,0.39346677,3
3092968794,3092967826,396825,0.19485977,0.0052997656,0.41082227,3
3093566003,3093565038,396825,0.19952354,0.010952638,0.42129177,3
3094014349,3094013387,396825,0.21139036,0.021493863,0.42242542,3
3094462160,3094461196,396825,0.20737901,0.025491936,0.39588517,3
3095059190,3095058228,396825,0.20922545,0.02069168,0.40169668,3
3095507527,3095506566,396825,0.19807844,0.012099987,0.40501723,3
3095955525,3095954484,396825,0.20362535,0.012921421,0.41997814,3
3096552788,3096551819,396825,0.1988379,0.014774019,0.40815634,3
3097001002,3097000039,396825,0.21490681,0.019630753,0.42066985,3
3097449083,3097448062,396825,0.20039134,0.021663252,0.39545017,3
3098045963,3098044958,396825,0.19466256,0.020272901,0.3819218,3
3098494168,3098493208,396825,0.18021256,0.0081699155,0.4005743,3
3099069919,3099015655,396825,0.20520376,0.016277509,0.41113704,3
3099539162,3099538176,396825,0.21542628,0.022140505,0.43032786,3
3099987380,3099986416,396825,0.2090238,0.024637291,0.40375236,3
3100563086,3100508755,396825,0.20325208,0.016575929,0.41114426,3
3101032120,3101031159,396825,0.19886771,0.0057291333,0.41029948,3
3101480931,3101479964,396825,0.19789638,0.013240244,0.39622852,3
3102056657,3102002420,396825,0.20329353,0.017368693,0.40978035,3
3102525432,3102524469,396825,0.21314815,0.018044267,0.42067882,3
3102974028,3102973035,396825,0.19711557,0.015119001,0.41890597,3
3103570862,3103569899,396825,0.19915232,0.0063290168,0.40306646,3
3104018874,3104017912,396825,0.19890097,0.006643828,0.4258939,3
3104467449,3104466460,396825,0.2061486,0.014066227,0.42516294,3
3105064430,3105063470,396825,0.20784435,0.01517274,0.41458791,3
3105512485,3105511516,396825,0.21166262,0.021124573,0.42723545,3
3105960890,3105959845,396825,0.2141836,0.022319091,0.40469158,3
3106557684,3106556723,396825,0.21166983,0.02206714,0.4152287,3
3107005663,3107004700,396825,0.19893406,0.017701397,0.39351428,3
3107453968,3107453005,396825,0.19657221,0.010127293,0.40073812,3
3108051255,3108050238,396825,0.19015057,0.011618288,0.38538605,3
3108499789,3108498239,396825,0.20551819,0.0060336795,0.427273,3
3108947528,3108946565,396825,0.21005774,0.020185132,0.4181531,3
3109545016,3109544051,396825,0.21802685,0.02520282,0.42286098,3
3109992826,3109991856,396825,0.20273739,0.023739673,0.40001154,3
3110569040,3110514642,396825,0.20403096,0.018622113,0.40699977,3
3111038509,3111037447,396825,0.19646707,0.013965394,0.39345092,3
3111486098,3111485130,396825,0.19486679,0.00999975,0.40505058,3
3112062355,3112007852,396825,0.20657882,0.018081814,0.40805614,3
3112531110,3112530143,396825,0.2044025,0.0140067525,0.4223863,3
3112979240,3112978259,396825,0.21479648,0.020962268,0.42446268,3
3113555160,3113500572,396825,0.20272502,0.018449701,0.40880948,3
3114023674,3114022682,396825,0.19221735,0.016112993,0.39786124,3
3114471334,3114470373,396825,0.19244948,0.008429762,0.4048357,3
3115068704,3115067742,396825,0.19727299,0.011895489,0.4094301,3
3115516658,3115515696,396825,0.20676488,0.016677558,0.41911358,3
3115964828,3115963705,396825,0.21558514,0.024745187,0.41699743,3
3116562317,3116561272,396825,0.20766649,0.012822464,0.42503512,3
3117010121,3117008963,396825,0.20923726,0.020538758,0.411613,3
3117457485,3117456521,396825,0.20039427,0.015801989,0.39487135,3
3118054734,3118053773,396825,0.19053258,0.016712658,0.38726178,3
3118502231,3118501268,396825,0.1917031,0.009193512,0.40192473,3
3118949984,3118949022,396825,0.19719827,0.013082119,0.4172252,3
3119547734,3119546689,396825,0.20230025,0.015126981,0.40952614,3
3119995486,3119994526,396825,0.21310963,0.01600863,0.43679115,3
3120572030,3120517563,396825,0.20323026,0.013223516,0.41649777,3
3121041116,3121040139,396825,0.20899421,0.012290286,0.43011823,3
3121489361,3121488400,396825,0.21133745,0.023486583,0.40718305,3
3122065614,3122011129,396825,0.20285688,0.01644117,0.41288096,3
3122534985,3122533937,396825,0.19138224,0.010853276,0.39248717,3
3122983162,3122982037,396825,0.18981981,0.011226926,0.3896715,3
3123559133,3123504723,396825,0.20500547,0.01823508,0.40783036,3
3124028226,3124027258,396825,0.19746014,0.017427208,0.37999398,3
3124475759,3124474735,396825,0.19284177,0.011802528,0.40773484,3
3125072772,3125071730,396825,0.19176117,0.010906573,0.39120895,3
3125520538,3125519575,396825,0.20163955,0.007412579,0.41620007,3
3125968331,3125967366,396825,0.20867203,0.018915016,0.42514658,3
3126566093,3126564875,396825,0.2045326,0.018175157,0.4237898,3
3127013887,3127012901,396825,0.21608311,0.02503353,0.41951773,3
3127461838,3127460744,396825,0.20477879,0.025541456,0.4011581,3
3128059005,3128058044,396825,0.21056025,0.022476368,0.41215774,3
3128506924,3128505924,396825,0.20403749,0.020841662,0.40048295,3
3128954807,3128953844,396825,0.19216111,0.018060727,0.38607323,3
3129552497,3129551535,396825,0.18506284,0.015823899,0.38728666,3
3130000399,3129999436,396825,0.18669483,0.01443205,0.40122592,3
3130448383,3130447420,396825,0.20542023,0.011982886,0.4305352,3
3131045774,3131044812,396825,0.20280936,0.012921119,0.41719943,3
3131493315,3131492343,396825,0.21483193,0.02418797,0.43166268,3
3132069347,3132015204,396825,0.20235729,0.02106459,0.40377647,3
3132538555,3132537594,396825,0.21263923,0.022104954,0.4194361,3
3132986689,3132985680,396825,0.20120652,0.025959963,0.40356892,3
3133562313,3133508223,396825,0.20310113,0.018214105,0.40715617,3
3134031959,3134030997,396825,0.20032726,0.030281601,0.39489514,3
3134480229,3134479265,396825,0.19088732,0.016324317,0.377899,3
3135056465,3135002157,396825,0.2036839,0.018569928,0.40720057,3
3135525773,3135524811,396825,0.19086419,0.016701402,0.39490157,3
3135974022,3135973061,396825,0.1916708,0.012651881,0.4065436,3
3136571284,3136570325,396825,0.1925917,0.011519615,0.39718777,3
3137019262,3137018296,396825,0.19164869,0.0141456295,0.40665114,3
3137467386,3137466425,396825,0.2054029,0.015151592,0.42514417,3
3138064540,3138063578,396825,0.2005464,0.019810032,0.411479,3
3138512448,3138511454,396825,0.20700318,0.016576042,0.43880317,3
3138960929,3138959360,396825,0.21735366,0.024751356,0.4247778,3
3139557920,3139556957,396825,0.20686732,0.022557657,0.43021005,3
3140005779,3140004636,396825,0.21424809,0.023295447,0.42455655,3
3140453598,3140452610,396825,0.20763601,0.024752056,0.39437136,3
3141050934,3141049970,396825,0.21311322,0.027725734,0.41450328,3
3141498813,3141497852,396825,0.2060247,0.02683494,0.3916656,3
3141946897,3141945931,396825,0.19720154,0.018763004,0.38593444,3
3142544434,3142543472,396825,0.20695716,0.022666257,0.39547938,3
3142992387,3142991425,396825,0.1949018,0.015346002,0.39613068,3
3143567689,3143513485,396825,0.20343652,0.020015592,0.40528724,3
3144036800,3144035830,396825,0.19251235,0.01520624,0.38685167,3
3144484505,3144483496,396825,0.19344816,0.009067992,0.4003419,3
3145060225,3145006053,396825,0.20336962,0.019746821,0.40471566,3
3145529774,3145528812,396825,0.1999911,0.010779809,0.41041255,3
3145977866,3145976904,396825,0.20706704,0.016621785,0.42380232,3
3146553829,3146499561,396825,0.20173095,0.016129777,0.4045523,3
3147023408,3147022446,396825,0.20711036,0.014914172,0.40952924,3
3147471332,3147470342,396825,0.2142171,0.022579735,0.43154037,3
3148068225,3148067262,396825,0.21425942,0.023452163,0.42593288,3
3148516632,3148515670,396825,0.21426359,0.02703247,0.4171124,3
3148964575,3148963614,396825,0.2054625,0.027966842,0.3895954,3
3149561836,3149560811,396825,0.21845837,0.022246113,0.43004167,3
3150010116,3150009143,396825,0.20873907,0.025206422,0.399927,3
3150458154,3150457193,396825,0.19571602,0.02060919,0.39037478,3
3151055589,3151054527,396825,0.20125733,0.02459621,0.40002364,3
3151503820,3151502859,396825,0.19569945,0.021299351,0.38339475,3
3151951399,3151950435,396825,0.18373676,0.008609859,0.39701992,3
3152548208,3152547245,396825,0.19906135,0.017452404,0.39005846,3
3152997569,3152995733,396825,0.19595933,0.016229987,0.38567817,3
3153572717,3153518386,396825,0.20501459,0.019630758,0.4047864,3
3154041583,3154040589,396825,0.19276398,0.011432845,0.3894921,3
3154490097,3154489129,396825,0.19849932,0.009505523,0.40761626,3
3155065779,3155011516,396825,0.20183294,0.018676624,0.4077607,3
3155535142,3155534042,396825,0.20225465,0.015054729,0.4096371,3
3155983449,3155982432,396825,0.21021739,0.020343233,0.42431596,3
3156559369,3156505119,396825,0.20278761,0.018674202,0.40602693,3
3157028531,3157027564,396825,0.21107134,0.016477557,0.41757867,3
3157476979,3157475981,396825,0.20939931,0.01859189,0.4220237,3
3158052907,3157998607,396825,0.20130596,0.018705122,0.408259,3
3158522349,3158520868,396825,0.21654831,0.024977094,0.42621595,3
3158970098,3158969131,396825,0.20852402,0.029354068,0.40188277,3
3159567395,3159566411,396825,0.2175467,0.024182174,0.41972926,3
3160015087,3160014119,396825,0.20634127,0.022747409,0.4047575,3
3160463676,3160462713,396825,0.20077978,0.019144148,0.39809188,3
3161061132,3161060125,396825,0.20961829,0.025695823,0.4037013,3
3161508638,3161507645,396825,0.19839312,0.01817118,0.38880464,3
3161956777,3161955807,396825,0.19037417,0.011855561,0.38537547,3
3162553778,3162552817,396825,0.2015298,0.01841678,0.39808232,3
3163002109,3163001118,396825,0.19513126,0.014311142,0.40826142,3
3163450365,3163449403,396825,0.19925359,0.015367586,0.39774972,3
3164047315,3164046352,396825,0.19113396,0.014243394,0.3856246,3
3164495440,3164494436,396825,0.18461204,0.01238087,0.39468646,3
3165071903,3165017467,396825,0.20500186,0.018681621,0.40673694,3
3165541137,3165540142,396825,0.19911745,0.01454333,0.39619225,3
3165989139,3165988128,396825,0.20400482,0.01281078,0.41582945,3
3166565492,3166511194,396825,0.20471665,0.020162005,0.40782547,3
3167034677,3167033690,396825,0.1878272,0.010945322,0.40361655,3
3167482838,3167481874,396825,0.20400214,0.009561719,0.42188573,3
3168059311,3168004784,396825,0.20494747,0.019094072,0.40694666,3
3168528371,3168527383,396825,0.20151404,0.0147918705,0.41322854,3
3168976260,3168975288,396825,0.21349883,0.021125492,0.4245016,3
3169552255,3169497924,396825,0.20271963,0.019449132,0.40586743,3
3170021577,3170020602,396825,0.20556216,0.013498681,0.41608772,3
3170469314,3170468346,396825,0.21512899,0.019062983,0.42576385,3
3171067067,3171066034,396825,0.20261824,0.011731852,0.43203077,3
3171514907,3171513947,396825,0.21069765,0.02000092,0.42648646,3
3171962538,3171961575,396825,0.20112966,0.02867111,0.41285938,3
3172560268,3172559219,396825,0.20264336,0.010158537,0.4278039,3
3173007847,3173006855,396825,0.21101901,0.020385604,0.41828227,3
3173455762,3173454800,396825,0.20907195,0.026672887,0.42167246,3
3174052919,3174051956,396825,0.20290554,0.006274216,0.4455247,3
3174501023,3174500034,396825,0.21019411,0.030073501,0.40856212,3
3174949121,3174948159,396825,0.22482464,0.030154625,0.40439087,3
3175546428,3175545461,396825,0.20866275,0.014499493,0.41222107,3
3175994599,3175993569,396825,0.21084113,0.02332365,0.4158567,3
3176570249,3176515870,396825,0.20503879,0.021158963,0.39793706,3
3177039362,3177038398,396825,0.19912106,0.0127391685,0.42197496,3
3177487142,3177486180,396825,0.19736952,0.01952356,0.423082,3
3178063432,3178009031,396825,0.18890485,0.012963118,0.4228824,3
3178532223,3178531259,396825,0.18659608,0.0047931094,0.44243243,3
3178980234,3178979118,396825,0.18854758,-0.0014101751,0.4538222,3
3179555766,3179501361,396825,0.18305287,0.010543529,0.4287463,3
3180024821,3180023825,396825,0.18695122,0.0075695887,0.4388125,3
3180472402,3180471443,396825,0.20916703,0.014762048,0.4457392,3
3181069632,3181068532,396825,0.18483119,0.004524069,0.43679345,3
3181517624,3181516664,396825,0.1839698,0.006443316,0.44111812,3
3181965441,3181964480,396825,0.19140725,0.0039657094,0.4537448,3
3182563009,3182562024,396825,0.17864889,0.007150529,0.41708463,3
3183010910,3183009949,396825,0.18576461,0.004481042,0.4290262,3
3183459008,3183458041,396825,0.18519394,0.0054362062,0.43135953,3
3184056902,3184055861,396825,0.17170466,0.010877073,0.41144824,3
3184504848,3184503885,396825,0.17206804,0.004761733,0.4099387,3
3184952808,3184951847,396825,0.17772557,-0.0011739954,0.4263656,3
3185550406,3185549445,396825,0.1858633,0.009884058,0.411501,3
3185998144,3185997183,396825,0.18278511,0.0070489366,0.4189782,3
3186446035,3186445065,396825,0.1814239,0.0023075454,0.4172538,3
3187043414,3187042452,396825,0.18099385,0.011204304,0.4154973,3
3187491203,3187490230,396825,0.17866714,-0.007042188,0.44288337,3
3188066815,3188012634,396825,0.18815929,0.00994168,0.4350226,3
3188536450,3188535490,396825,0.18921822,0.013274953,0.41617376,3
3188984428,3188983466,396825,0.18526174,0.0068182256,0.42613685,3
3189560415,3189506150,396825,0.18932328,0.012841368,0.4294451,3
3190029958,3190028990,396825,0.19469804,0.019492589,0.43168133,3
3190478027,3190477066,396825,0.19220121,0.016254056,0.43628037,3
3191053979,3190999698,396825,0.19089459,0.005912386,0.45469996,3
3191523658,3191522697,396825,0.19800389,0.007585915,0.48206958,3
3191971612,3191970650,396825,0.19107743,-0.0026362687,0.4583637,3
3192569372,3192568407,396825,0.1942395,0.002101194,0.46027246,3
3193017170,3193016209,396825,0.19411774,0.008115649,0.46582615,3
3193464830,3193463869,396825,0.17914265,0.0019786507,0.4149206,3
3194061699,3194060737,396825,0.19361466,0.011062618,0.42520714,3
3194509961,3194508997,396825,0.1788885,0.0025726445,0.4272679,3
3194958159,3194956890,396825,0.17960702,0.0016462319,0.46680617,3
3195555276,3195554306,396825,0.20067239,0.009008056,0.45526686,3
3196003492,3196002491,396825,0.19976732,0.014013352,0.4522255,3
3196451466,3196450342,396825,0.18530157,0.0067795776,0.43317246,3
3197048549,3197047550,396825,0.1958082,0.0011839755,0.46021718,3
3197496124,3197495163,396825,0.19981195,0.0069970526,0.46569073,3
3198071769,3198017595,396825,0.18376946,0.004958914,0.44050726,3
3198541371,3198540372,396825,0.18627799,0.0033219121,0.43134904,3
3198989178,3198988214,396825,0.17892613,0.0048292466,0.4301257,3
3199564801,3199510538,396825,0.18753646,0.011570139,0.4291509,3
3200034423,3200033461,396825,0.18521966,0.0046471227,0.44356364,3
3200482985,3200481417,396825,0.18669993,0.015822422,0.420659,3
3201058384,3201003951,396825,0.1863366,0.01062057,0.43424213,3
3201527865,3201526750,396825,0.17043638,0.0009570457,0.4207435,3
3201975524,3201974563,396825,0.19847985,0.016510488,0.4420249,3
3202572516,3202571553,396825,0.18003695,0.015790578,0.41148216,3
3203021236,3203020272,396825,0.19766572,0.019061632,0.44368926,3
3203469029,3203468064,396825,0.19051279,0.010379514,0.44636595,3
3204066097,3204065117,396825,0.17669874,0.012799347,0.40989515,3
3204514539,3204513576,396825,0.1951698,0.018310934,0.43517554,3
3204962305,3204961342,396825,0.19901402,0.02045996,0.44111902,3
3205559201,3205558213,396825,0.17449737,-0.007125791,0.41567028,3
3206007420,3206006308,396825,0.17326185,0.0071048513,0.41222584,3
3206455179,3206454219,396825,0.17722222,0.008709259,0.4202162,3
3207052166,3207051179,396825,0.19574265,0.011624383,0.44169986,3
3207500350,3207499387,396825,0.19007942,0.009188496,0.43869597,3
3207948084,3207947118,396825,0.1812534,0.003844276,0.43677282,3
3208544861,3208543900,396825,0.18846133,0.016024541,0.41670933,3
3208992841,3208991878,396825,0.18684083,0.014666218,0.42435443,3
3209568530,3209514239,396825,0.18361484,0.011545884,0.43608078,3
3210037700,3210036707,396825,0.18129103,0.0059842207,0.4334383,3
3210486048,3210485054,396825,0.17482387,0.0047493987,0.42766237,3
3211062133,3211007789,396825,0.18365562,0.010368994,0.42787147,3
3211531231,3211530242,396825,0.19587713,0.019153386,0.4383592,3
3211979421,3211978458,396825,0.19909282,0.019570066,0.442584,3
3212554997,3212500734,396825,0.18311888,0.011839162,0.42874905,3
3213024130,3213023167,396825,0.17445184,0.0047465134,0.42261815,3
3213472407,3213471441,396825,0.17369018,0.0070266686,0.4093846,3
3214069212,3214068247,396825,0.19696924,0.010493798,0.45214015,3
3214517540,3214516536,396825,0.1935972,0.016598811,0.43787324,3
3214965832,3214964868,396825,0.19525617,0.008919464,0.45834762,3
3215563274,3215562117,396825,0.17916405,0.0063114297,0.41855258,3
3216011092,3216010125,396825,0.17489998,0.014615016,0.40317664,3
3216459518,3216458555,396825,0.17720506,0.015446939,0.41820264,3
3217057459,3217055599,396825,0.19714043,0.017256461,0.44534838,3
3217504276,3217503124,396825,0.19650719,0.014085412,0.44363317,3
3217952494,3217951533,396825,0.18661425,0.017739393,0.4399312,3
3218549532,3218548571,396825,0.17708185,0.002890518,0.4229875,3
3218997621,3218996660,396825,0.18244389,0.0151192695,0.43068242,3
3219573310,3219518999,396825,0.18565536,0.01091232,0.43789396,3
3220042124,3220041134,396825,0.19552106,0.008887783,0.46612233,3
3220489970,3220489009,396825,0.19250697,-0.00039433688,0.4715119,3
3221065959,3221011496,396825,0.1904624,0.0024386093,0.45805478,3
3221535435,3221534277,396825,0.18318728,-0.00847113,0.46635932,3
3221983012,3221982038,396825,0.18563715,-0.009792288,0.4824738,3
3222559380,3222505029,396825,0.19197707,-0.0026868335,0.4641959,3
3223028529,3223027568,396825,0.19035195,-0.002960503,0.48320165,3
3223476589,3223475626,396825,0.20735385,0.006006131,0.47836357,3
3224073827,3224072866,396825,0.1944953,0.0019563772,0.45319766,3
3224521993,3224520969,396825,0.18330604,-0.005671411,0.45102385,3
3224969839,3224968874,396825,0.20348077,-0.0035547726,0.446952,3
3225567206,3225566244,396825,0.20737809,0.0007638652,0.45787996,3
3226015341,3226014360,396825,0.2002541,-0.0029610172,0.45755583,3
3226462776,3226461815,396825,0.20602019,0.009691596,0.45679936,3
3227060085,3227059120,396825,0.19547755,-0.0070806555,0.49589494,3
3227507841,3227506880,396825,0.16778848,-0.0027380623,0.47698924,3
3227955960,3227954983,396825,0.16979584,-0.042020537,0.44821453,3
3228553368,3228552359,396825,0.2061565,0.0018032119,0.43519518,3
3229001325,3229000338,396825,0.21401986,0.051283136,0.47966772,3
3229449158,3229448195,396825,0.15657976,0.09727677,0.43825457,3
3230046099,3230045128,396825,0.1330677,0.12713909,0.45133042,3
3230493678,3230492672,396825,0.11592727,0.1308493,0.46484634,3
3231069772,3231015298,396825,0.095348045,0.10853866,0.47086748,3
3231538833,3231537870,396825,0.103511766,0.12456775,0.4727913,3
3231986403,3231985440,396825,0.09768541,0.123135895,0.46579593,3
3232562578,3232508054,396825,0.09304013,0.12846974,0.45457217,3
3233031732,3233030747,396825,0.0956764,0.10909357,0.45537996,3
3233479798,3233478827,396825,0.1216294,0.041199073,0.5003743,3
3234056155,3234001700,396825,0.17311446,0.05022096,0.4682805,3
3234525269,3234524298,396825,0.19332431,0.078855775,0.4662078,3
3234973243,3234972278,396825,0.16778207,0.07373329,0.45163846,3
3235570434,3235569472,396825,0.1882715,0.07710369,0.4811738,3
3236018701,3236017700,396825,0.17120928,0.07569959,0.44385985,3
3236466635,3236465643,396825,0.18141398,0.085886665,0.46395034,3
3237063704,3237062743,396825,0.16653623,0.0785627,0.44609693,3
3237511302,3237510341,396825,0.1891632,0.083791696,0.46776974,3
3237959203,3237958133,396825,0.16670734,0.14311205,0.4219095,3
3238557418,3238555580,396825,0.15568541,0.053204708,0.45831323,3
3239004379,3239003417,396825,0.20527773,0.050477818,0.42239285,3
3239451834,3239450872,396825,0.24431473,0.06312253,0.40675437,3
3240049632,3240048670,396825,0.20729238,0.07583004,0.42601824,3
3240497602,3240496636,396825,0.23368526,0.11876849,0.39923573,3
3241073846,3241019560,396825,0.21385074,0.15530607,0.3983838,3
3241543086,3241541966,396825,0.12642027,0.15912217,0.44089794,3
3241990644,3241989681,396825,0.13186169,0.17438841,0.4087642,3
3242566500,3242512363,396825,0.21578287,0.09699345,0.4266073,3
3243036442,3243035481,396825,0.26900023,0.03163341,0.40815252,3
3243484305,3243483345,396825,0.24925928,-0.028853517,0.43806684,3
3244060031,3244005894,396825,0.22055027,-0.118405595,0.430825,3
3244530083,3244529118,396825,0.076268606,-0.19657154,0.44348,3
3244978087,3244977119,396825,-0.013498902,-0.1812471,0.46149838,3
3245553306,3245499192,396825,-0.056317866,-0.16919254,0.45680425,3
3246022449,3246021489,396825,-0.073889606,-0.17025506,0.42050552,3
3246470378,3246469416,396825,-0.02860213,-0.1737998,0.44703194,3
3247067980,3247066860,396825,0.025885135,-0.1891111,0.43464923,3
3247515743,3247514782,396825,0.07159516,-0.169159,0.47251743,3
3247963618,3247962590,396825,0.12138016,-0.15361404,0.4223208,3
3248560993,3248560021,396825,0.116967335,-0.12524712,0.44344893,3
3249008826,3249007866,396825,0.14815482,-0.11684327,0.431533,3
3249456304,3249455342,396825,0.13022785,-0.1172802,0.46987206,3
3250054086,3250053119,396825,0.13827609,-0.13071519,0.45304906,3
3250502233,3250501118,396825,0.051207323,-0.16075101,0.46003473,3
3250949837,3250948874,396825,-0.008341856,-0.16647275,0.43440002,3
3251547557,3251546596,396825,-0.014572538,-0.15778501,0.46119827,3
3251995643,3251994681,396825,-0.041256174,-0.17228192,0.45317978,3
3252570948,3252516741,396825,-0.032984406,-0.17199449,0.46086082,3
3253040365,3253039403,396825,-0.042678736,-0.16287453,0.44959217,3
3253488009,3253487049,396825,-0.0601404,-0.16526747,0.48201814,3
3254063227,3254009027,396825,-0.06109263,-0.16628766,0.4596243,3
3254532986,3254532026,396825,-0.039313927,-0.16678657,0.44630843,3
3254980376,3254979410,396825,-0.07061567,-0.168688,0.45160428,3
3255556090,3255501906,396825,-0.050509833,-0.17081168,0.4668265,3
3256025587,3256024625,396825,-0.050605983,-0.17879924,0.4943655,3
3256473680,3256472717,396825,-0.061188802,-0.17507872,0.47620803,3
3257070648,3257069633,396825,-0.044606425,-0.16461605,0.4698566,3
3257519844,3257518029,396825,-0.04671617,-0.16233996,0.4484225,3
3257966818,3257965857,396825,-0.07158374,-0.17292745,0.43212682,3
3258563609,3258562645,396825,-0.058086634,-0.17537715,0.47664022,3
3259012055,3259011043,396825,-0.035298914,-0.16577876,0.4907487,3
3259459479,3259458516,396825,-0.0102681145,-0.17832012,0.4468181,3
3260056341,3260055377,396825,0.0340532,-0.18978687,0.4443984,3
3260504487,3260503450,396825,0.054448627,-0.18122235,0.43406528,3
3260952617,3260951623,396825,0.10391371,-0.14567421,0.48598528,3
3261549661,3261548701,396825,0.13689674,-0.124404535,0.48237303,3
3261998094,3261997118,396825,0.14474446,-0.09335601,0.4524813,3
3262573717,3262519456,396825,0.1376602,-0.084802926,0.4528695,3
3263042459,3263041483,396825,0.16148631,-0.08444904,0.4375671,3
3263490368,3263489369,396825,0.1442446,-0.05603553,0.43765548,3
3264066023,3264011776,396825,0.18083134,-0.04104597,0.454926,3
3264534835,3264533874,396825,0.13231133,-0.024874689,0.4945635,3
3264982983,3264982023,396825,0.15341303,-0.009058734,0.4652524,3
3265558701,3265504449,396825,0.18244126,0.016023459,0.44154772,3
3266028100,3266027118,396825,0.18922351,0.035770297,0.45951593,3
3266476587,3266475625,396825,0.19674174,0.053550832,0.4381926,3
3267052551,3266998262,396825,0.17457299,0.09921509,0.44894835,3
3267521844,3267520883,396825,0.2014759,0.09267012,0.40558165,3
3267970302,3267969339,396825,0.17965847,0.09387511,0.44023603,3
3268567388,3268566355,396825,0.14793794,0.09522214,0.42853665,3
3269015352,3269014340,396825,0.096863955,0.100400954,0.48136443,3
3269463533,3269462571,396825,0.129174,0.09619309,0.46424484,3
3270060542,3270059582,396825,0.16527954,0.1016701,0.40788716,3
3270508403,3270507438,396825,0.19632214,0.08603076,0.45279783,3
3270957272,3270955287,396825,0.22981317,0.07472701,0.40338588,3
3271553619,3271552658,396825,0.24676456,0.029093,0.42866915,3
3272001448,3272000485,396825,0.2281495,-0.02351239,0.42909986,3
3272449865,3272448903,396825,0.23892659,-0.05482946,0.46103728,3
3273046940,3273045978,396825,0.18526623,-0.076493785,0.4348569,3
3273495011,3273494044,396825,0.13970503,-0.05922071,0.48661643,3
3274070863,3274016563,396825,0.13419744,-0.0721817,0.45154494,3
3274539622,3274538661,396825,0.16851513,-0.046165533,0.45111126,3
3274987564,3274986603,396825,0.11061138,-0.04971722,0.45863992,3
3275563151,3275508857,396825,0.14111046,-0.06916426,0.45570454,3
3276032501,3276031529,396825,0.21632287,-0.06699082,0.43141475,3
3276480591,3276479629,396825,0.24779019,-0.08404118,0.4576087,3
3277056669,3277002376,396825,0.21899346,-0.08803722,0.4369528,3
3277526036,3277525014,396825,0.21062969,-0.08317978,0.44595814,3
3277973502,3277972538,396825,0.16929932,-0.08065161,0.4679098,3
3278571190,3278570227,396825,0.17738086,-0.070068784,0.43173245,3
3279019908,3279018255,396825,0.1806402,-0.073646024,0.48966503,3
3279467027,3279466064,396825,0.19769433,-0.0529813,0.45491737,3
3280064661,3280063512,396825,0.17457241,-0.047505002,0.4822535,3
3280512114,3280511064,396825,0.17749356,-0.06426714,0.44259626,3
3280959619,3280958628,396825,0.16736142,-0.022554908,0.46474743,3
3281557381,3281556254,396825,0.20868215,-0.022296749,0.4442589,3
3282005125,3282004161,396825,0.1914697,-0.051930405,0.458462,3
3282453147,3282452148,396825,0.18848605,-0.043571565,0.46099073,3
3283050740,3283049774,396825,0.19607455,-0.051670812,0.44326496,3
3283498408,3283497440,396825,0.18200281,0.0017009955,0.4849599,3
3283946135,3283945173,396825,0.21026218,0.038225885,0.46437067,3
3284543588,3284542618,396825,0.170225,0.1421834,0.4155427,3
3284991087,3284990118,396825,0.13587047,0.17108329,0.44776988,3
3285567228,3285512796,396825,0.1280671,0.18057612,0.420658,3
3286035946,3286034983,396825,0.09918663,0.21130839,0.4502911,3
3286483759,3286482796,396825,0.10241559,0.18570028,0.45040312,3
3287059782,3287005387,396825,0.022963723,0.17666322,0.42521095,3
3287528959,3287527941,396825,0.028767623,0.15780936,0.4777404,3
3287976650,3287975688,396825,0.010993414,0.15636522,0.43211335,3
3288552663,3288498131,396825,0.019614803,0.1631009,0.4449997,3
3289021411,3289020444,396825,0.033145398,0.15326077,0.4340659,3
3289468880,3289467918,396825,0.043915585,0.15777808,0.44318533,3
3290066225,3290065257,396825,0.06109921,0.1596783,0.43170357,3
3290514083,3290513118,396825,0.05835198,0.17493072,0.43461007,3
3290962000,3290961037,396825,0.047336407,0.1814433,0.4723605,3
3291559375,3291558378,396825,-0.08642102,0.16890997,0.4612598,3
3292006999,3292006036,396825,-0.13848007,0.13559517,0.44873643,3
3292454996,3292453997,396825,-0.14123563,0.117435165,0.4391005,3
3293052613,3293051651,396825,-0.16227303,0.1265764,0.46630836,3
3293500588,3293499626,396825,-0.16093215,0.13070224,0.48248833,3
3293948532,3293947549,396825,-0.15115306,0.1316729,0.4640655,3
3294545864,3294544900,396825,-0.14218187,0.14293282,0.42896694,3
3294993778,3294992815,396825,-0.12988499,0.13850649,0.4694619,3
3295569617,3295515436,396825,-0.13107216,0.12957677,0.44851705,3
3296039412,3296038451,396825,-0.14754021,0.12516768,0.46282318,3
3296487054,3296486053,396825,-0.14819917,0.12098843,0.47799987,3
3297062849,3297008563,396825,-0.13157645,0.13810872,0.45772648,3
3297532231,3297531269,396825,-0.11195314,0.14805,0.43879277,3
3297980402,3297979274,396825,-0.091982365,0.16861768,0.43901765,3
3298556000,3298501748,396825,-0.08739881,0.18484664,0.4412657,3
3299025396,3299024436,396825,-0.03754425,0.20648824,0.44403028,3
3299473207,3299472245,396825,0.020361759,0.20400959,0.42319527,3
3300071007,3300070046,396825,0.07502913,0.19463721,0.45880264,3
3300519554,3300518005,396825,0.060799286,0.18640809,0.4604162,3
3300967259,3300966282,396825,0.02103082,0.19304001,0.44299525,3
3301564659,3301563667,396825,0.08606607,0.14697641,0.4330526,3
3302012833,3302011868,396825,0.11080888,0.14110434,0.424094,3
3302460562,3302459569,396825,0.13061081,0.12479769,0.4315121,3
3303058173,3303057209,396825,0.17395714,0.06637937,0.45939052,3
3303506368,3303505201,396825,0.2058861,0.033498805,0.4520349,3
3303954090,3303953118,396825,0.19211425,-0.043886296,0.46591383,3
3304551674,3304550582,396825,0.14825268,-0.057679735,0.4205838,3
3304999358,3304998396,396825,0.11576394,-0.02927507,0.46819782,3
3305447278,3305446300,396825,0.10806653,-0.03672192,0.4758759,3
3306044619,3306043659,396825,0.109141506,-0.011399367,0.4917487,3
3306492264,3306491119,396825,0.10574659,-0.009934094,0.49612808,3
3307067427,3307013210,396825,0.16143465,-0.022191972,0.46579215,3
3307536716,3307535754,396825,0.18711764,-0.027630176,0.44996867,3
3307984630,3307983588,396825,0.19754031,-0.038905583,0.43431947,3
3308560339,3308506113,396825,0.18619475,-0.031564027,0.45145464,3
3309030171,3309029118,396825,0.21197073,-0.02480184,0.46280146,3
3309477681,3309476718,396825,0.20733687,-0.060845166,0.45429012,3
3310053649,3309999465,396825,0.18523106,-0.046593547,0.44052756,3
3310522918,3310521956,396825,0.2005228,-0.037657175,0.4550938,3
3310970672,3310969710,396825,0.16127115,-0.054098994,0.4695008,3
3311567646,3311566685,396825,0.15367371,-0.042173237,0.4552731,3
3312016086,3312015118,396825,0.17105527,-0.058737088,0.44826096,3
3312463862,3312462901,396825,0.17174132,-0.069834135,0.42629874,3
3313060452,3313059489,396825,0.19012417,-0.08543305,0.41684198,3
3313508620,3313507657,396825,0.17260678,-0.11351758,0.4424421,3
3313956727,3313955650,396825,0.17380697,-0.1359332,0.43802476,3
3314553944,3314552916,396825,0.106984496,-0.19236736,0.4427305,3
3315002150,3315001189,396825,0.060684994,-0.19138747,0.46835715,3
3315450141,3315449179,396825,0.018123247,-0.19551559,0.47057757,3
3316047241,3316046249,396825,-0.018552095,-0.18585807,0.4401995,3
3316495479,3316494489,396825,-0.0101478025,-0.20288895,0.43544495,3
3317071206,3317016930,396825,-0.06324696,-0.18468872,0.45187342,3
3317540590,3317539627,396825,-0.09386038,-0.19427569,0.47244927,3
3317988936,3317987749,396825,-0.12736171,-0.17934656,0.43470734,3
3318564666,3318510433,396825,-0.111225754,-0.1711472,0.45485145,3
3319034078,3319032951,396825,-0.09580524,-0.15970188,0.43521142,3
3319482244,3319481251,396825,-0.0422803,-0.16851845,0.4463619,3
3320057897,3320003679,396825,-0.033321984,-0.17189841,0.4558061,3
3320526700,3320525707,396825,-0.030055307,-0.15908176,0.43356124,3
3320974585,3320973625,396825,-0.04028879,-0.16910632,0.4795019,3
3321571415,3321570452,396825,-0.0704467,-0.16143857,0.4804553,3
3322019180,3322018219,396825,-0.057401553,-0.1691349,0.4633882,3
3322467683,3322466695,396825,-0.030545793,-0.17029206,0.43159693,3
3323064667,3323063707,396825,0.008865483,-0.18169656,0.461137,3
3323512087,3323511122,396825,0.012683041,-0.19837554,0.4696784,3
3323960415,3323959453,396825,0.016980909,-0.19779275,0.43266243,3
3324557317,3324556345,396825,0.033432245,-0.1910728,0.45131052,3
3325005305,3325004342,396825,0.043050706,-0.17670594,0.47245356,3
3325453583,3325452616,396825,-0.028518282,-0.1747671,0.44080585,3
3326050603,3326049639,396825,-0.0045704246,-0.17433941,0.43793958,3
3326498477,3326497498,396825,-0.019279405,-0.16140787,0.43474466,3
3327074315,3327020020,396825,-0.037257914,-0.17249584,0.4588331,3
3327543658,3327542665,396825,-0.026983753,-0.17396867,0.471833,3
3327991130,3327990166,396825,-0.052797914,-0.16154464,0.45335478,3
3328567218,3328512838,396825,-0.006747709,-0.16955799,0.4692372,3
3329036118,3329035118,396825,0.037766837,-0.1808683,0.4306559,3
3329484283,3329483249,396825,0.03674428,-0.18078749,0.43616349,3
3330061376,3330006024,396825,0.006499314,-0.17563312,0.449432,3
3330529614,3330528645,396825,-0.059167117,-0.17511107,0.467919,3
3330977198,3330976207,396825,-0.09187751,-0.15836047,0.4655169,3
3331553572,3331499179,396825,-0.12935485,-0.11042327,0.4717742,3
3332022663,3332021700,396825,-0.16631635,-0.023691926,0.48251057,3
3332470933,3332469971,396825,-0.18746755,0.040192828,0.47141045,3
3333068310,3333067349,396825,-0.14045855,0.12567753,0.43715346,3
3333516460,3333515288,396825,-0.08389257,0.15693104,0.47195208,3
3333964176,3333963178,396825,-0.06858583,0.1652359,0.41965002,3
3334561117,3334560122,396825,-0.0019674972,0.18979144,0.44229203,3
3335008819,3335007856,396825,-0.002150789,0.19247982,0.45865744,3
3335456820,3335455855,396825,-0.052990347,0.18778053,0.41801086,3
3336054487,3336053518,396825,-0.13998696,0.1626759,0.4500135,3
3336502355,3336501392,396825,-0.1720978,0.12023083,0.4359367,3
3336950374,3336949413,396825,-0.17540008,0.09005409,0.43557057,3
3337547821,3337546802,396825,-0.21353953,0.016481657,0.4329843,3
3337995800,3337994838,396825,-0.18923041,-0.027397748,0.4425276,3
3338571798,3338517363,396825,-0.17920104,-0.04408984,0.4447717,3
3339040531,3339039571,396825,-0.15220806,-0.07664488,0.4365911,3
3339488417,3339487454,396825,-0.15355477,-0.071319796,0.4637272,3
3340064507,3340010085,396825,-0.15856752,-0.039094456,0.45929152,3
3340533877,3340532887,396825,-0.17649528,0.0021151053,0.45883256,3
3340981825,3340980839,396825,-0.19372623,0.026610624,0.47328782,3
3341558120,3341503708,396825,-0.19649532,0.03796394,0.45544058,3
3342027231,3342026236,396825,-0.22816826,0.017227232,0.45417565,3
3342475086,3342474118,396825,-0.2097153,0.023819994,0.456486,3
3343072385,3343071378,396825,-0.094304204,0.037124634,0.46455413,3
3343520559,3343519598,396825,-0.15446082,0.050546747,0.4806981,3
3343968570,3343967602,396825,-0.17486167,0.08375172,0.48019773,3
3344565991,3344565027,396825,-0.089107096,0.16439699,0.432664,3
3345013835,3345012875,396825,-0.032123655,0.18810636,0.46584842,3
3345461715,3345460723,396825,-0.0074951947,0.18273675,0.46173674,3
3346058650,3346057690,396825,0.035428032,0.16614465,0.43315297,3
3346506440,3346505269,396825,0.018514164,0.17260781,0.42869684,3
3346955010,3346953447,396825,0.048116766,0.18988389,0.44134262,3
3347552037,3347551066,396825,-0.019395426,0.16264567,0.4598771,3
3347999970,3347999007,396825,-0.106326744,0.16858341,0.43784946,3
3348447668,3348446706,396825,-0.17002887,0.142573,0.4276083,3
3349045361,3349044347,396825,-0.19101302,0.0727012,0.44293776,3
3349492796,3349491826,396825,-0.19431683,0.03262676,0.44035423,3
3350068156,3350014028,396825,-0.24240884,0.02043154,0.44373596,3
3350537439,3350536290,396825,-0.23567693,0.023184367,0.45218056,3
3350985087,3350984121,396825,-0.21552819,0.037706897,0.45757645,3
3351561203,3351507068,396825,-0.22572252,0.02027877,0.44217038,3
3352030780,3352029817,396825,-0.15017246,0.041568134,0.480112,3
3352478676,3352477714,396825,-0.061548337,0.036816128,0.48189992,3
3353054382,3353000290,396825,-0.1065092,0.05051306,0.47348604,3
3353523535,3353522573,396825,-0.10439387,0.112545505,0.43390685,3
3353971336,3353970374,396825,-0.034450993,0.13944699,0.43517444,3
3354568708,3354567717,396825,0.019535944,0.16098526,0.45136306,3
3355017189,3355015647,396825,0.02978544,0.15364017,0.47675103,3
3355464499,3355463516,396825,0.026527397,0.14666203,0.45539615,3
3356062121,3356061120,396825,0.038907073,0.15711486,0.46149856,3
3356509775,3356508814,396825,0.020240396,0.16318348,0.45149714,3
3356957387,3356956265,396825,-0.032797813,0.16188721,0.43653452,3
3357554808,3357553838,396825,-0.025654972,0.17685322,0.45603922,3
3358002717,3358001707,396825,-0.054515436,0.17910148,0.45580125,3
3358450717,3358449756,396825,-0.062034786,0.17082503,0.41833866,3
3359048123,3359047161,396825,-0.035021424,0.17968956,0.45105267,3
3359496086,3359495119,396825,0.013076365,0.17773272,0.43557543,3
3360071947,3360017687,396825,0.040356547,0.17712343,0.43594056,3
3360541885,3360540925,396825,0.021049328,0.1590229,0.4275371,3
3360989581,3360988620,396825,0.0035031736,0.14785823,0.42111883,3
3361565182,3361511000,396825,-0.03605766,0.19650888,0.42110205,3
3362034728,3362033767,396825,-0.066315904,0.19036916,0.41946125,3
3362482489,3362481526,396825,-0.13729377,0.14168738,0.44742128,3
3363059217,3363004240,396825,-0.14793502,-0.029004205,0.4723003,3
3363528271,3363527305,396825,-0.048740923,-0.099206395,0.49317616,3
3363975726,3363974765,396825,-0.06403091,-0.14873734,0.48276502,3
3364572228,3364571263,396825,0.004539378,-0.14188956,0.45723352,3
3365020542,3365019581,396825,0.04595284,-0.17348443,0.47287822,3
3365467974,3365467014,396825,0.02540984,-0.18356405,0.46864507,3
3366065279,3366064263,396825,-0.02343148,-0.17967042,0.46300378,3
3366513502,3366512541,396825,-0.066479445,-0.1829414,0.45493293,3
3366961428,3366960420,396825,-0.108542755,-0.17540465,0.43271896,3
3367558553,3367557560,396825,-0.16166219,-0.10344341,0.45639527,3
3368006366,3368005403,396825,-0.24402404,-0.057551574,0.44335848,3
3368454146,3368453156,396825,-0.24407677,-0.0517342,0.41681904,3
3369050941,3369049940,396825,-0.22229277,-0.09795433,0.44471624,3
3369499490,3369498528,396825,-0.23695342,-0.08014695,0.42006007,3
3369947334,3369946368,396825,-0.1927781,-0.08918227,0.41946775,3
3370544543,3370543581,396825,-0.19933231,-0.049510494,0.4469815,3
3370992942,3370991980,396825,-0.15615743,-0.0528725,0.4508522,3
3371568829,3371514562,396825,-0.06120354,-0.06741673,0.46867114,3
3372037880,3372036918,396825,-0.026406288,-0.10735168,0.4987784,3
3372486087,3372485118,396825,-0.0503364,-0.14516845,0.48946768,3
3373061775,3373007511,396825,-0.04549415,-0.16663712,0.46091795,3
3373530921,3373529959,396825,-0.038127497,-0.17384191,0.4716333,3
3373979511,3373978473,396825,-0.09287588,-0.15480827,0.47461003,3
3374555403,3374501089,396825,-0.07479811,-0.15363781,0.45629713,3
3375024443,3375023481,396825,-0.04486987,-0.15585615,0.4354029,3
3375472738,3375471778,396825,-0.04892926,-0.15176211,0.47145778,3
3376069255,3376068285,396825,-0.06245695,-0.15527667,0.42370602,3
3376517126,3376516047,396825,-0.053561136,-0.15428405,0.42733407,3
3376965426,3376964465,396825,-0.044104055,-0.1488666,0.4704337,3
3377562463,3377561476,396825,-0.056696698,-0.15804234,0.42695624,3
3378010571,3378009607,396825,-0.04806474,-0.14800091,0.44283938,3
3378458774,3378457629,396825,-0.053762153,-0.15292233,0.4728077,3
3379055943,3379054982,396825,-0.053688765,-0.14691119,0.4308936,3
3379504051,3379502974,396825,-0.046363503,-0.15257701,0.46357757,3
3379952450,3379951488,396825,-0.06737061,-0.15895405,0.4573338,3
3380549560,3380548551,396825,-0.04887849,-0.14896485,0.46822718,3
3380997716,3380996669,396825,-0.06573737,-0.15504138,0.45137614,3
3381573792,3381519394,396825,-0.061953872,-0.1576522,0.45391208,3
3382042824,3382041863,396825,-0.066633746,-0.15392438,0.46782824,3
3382490593,3382489601,396825,-0.060715333,-0.15648355,0.4328016,3
3383066893,3383012590,396825,-0.06056296,-0.15511484,0.44724554,3
3383536267,3383535119,396825,-0.06573759,-0.15487461,0.452861,3
3383984041,3383983051,396825,-0.056610763,-0.15583643,0.43287447,3
3384560406,3384506118,396825,-0.057274602,-0.15775692,0.4476914,3
3385029843,3385028876,396825,-0.054900214,-0.15786971,0.43548614,3
3385477510,3385476517,396825,-0.059231535,-0.15417333,0.46072382,3
3386053227,3385998853,396825,-0.056190163,-0.15521914,0.45777982,3
3386522534,3386521572,396825,-0.065526515,-0.1611888,0.4586162,3
3386970127,3386969164,396825,-0.058268264,-0.15121903,0.42629611,3
3387567762,3387566763,396825,-0.057441697,-0.15138468,0.43197167,3
3388015661,3388014684,396825,-0.05194205,-0.15335542,0.47707975,3
3388463639,3388462674,396825,-0.05895348,-0.15819943,0.432701,3
3389061089,3389060119,396825,-0.06053175,-0.16109867,0.44022107,3
3389509187,3389508065,396825,-0.06333017,-0.15020354,0.46829933,3
3389956800,3389955833,396825,-0.079268515,-0.15778027,0.42500263,3
3390554299,3390553187,396825,-0.057462096,-0.15319608,0.42259842,3
3391001940,3391000973,396825,-0.085938424,-0.1497906,0.40677488,3
3391450226,3391449222,396825,-0.061039343,-0.14082019,0.43741643,3
3392047798,3392046642,396825,-0.07312162,-0.14745972,0.41620502,3
3392495583,3392494616,396825,-0.082815036,-0.1435926,0.3876142,3
3393071823,3393017315,396825,-0.06565824,-0.14349174,0.41472125,3
3393541122,3393540158,396825,-0.08528958,-0.1402675,0.38944352,3
3393988843,3393987880,396825,-0.06504974,-0.14520946,0.43137708,3
3394565303,3394510779,396825,-0.067350894,-0.1438341,0.41606042,3
3395034622,3395033660,396825,-0.0700008,-0.14393634,0.4343299,3
3395482086,3395481119,396825,-0.066655084,-0.14825727,0.43104196,3
3396058582,3396004089,396825,-0.0662478,-0.14693028,0.42416418,3
3396527782,3396526823,396825,-0.061608434,-0.14381386,0.411563,3
3396975735,3396974544,396825,-0.0666713,-0.13841952,0.41073874,3
3397572997,3397572036,396825,-0.085906416,-0.14399232,0.38471413,3
3398020776,3398019805,396825,-0.08002657,-0.14884722,0.38977852,3
3398468705,3398467743,396825,-0.084098816,-0.15119216,0.3945154,3
3399066331,3399065342,396825,-0.058451563,-0.13723457,0.413518,3
3399514255,3399513242,396825,-0.06237927,-0.13900515,0.4104696,3
3399962783,3399961256,396825,-0.075987145,-0.14254674,0.38249475,3
3400559596,3400558635,396825,-0.060061246,-0.13936289,0.4273926,3
3401007573,3401006611,396825,-0.048612982,-0.13838218,0.41183397,3
3401455405,3401454445,396825,-0.07121323,-0.14050534,0.39541477,3
3402052172,3402051211,396825,-0.05676891,-0.1358843,0.43196255,3
3402500353,3402499120,396825,-0.06085138,-0.13603461,0.40929386,3
3402948041,3402947079,396825,-0.07199444,-0.14301309,0.38594458,3
3403545439,3403544409,396825,-0.059229016,-0.13899156,0.42385918,3
3403993546,3403992505,396825,-0.06068249,-0.13872226,0.39832634,3
3404569284,3404515081,396825,-0.08278139,-0.13458727,0.4038826,3
3405038479,3405037514,396825,-0.022855058,-0.091298215,0.44217175,3
3405486440,3405485450,396825,0.044218093,-0.18448545,0.41352555,3
3406062086,3406007937,396825,0.1512695,-0.01633226,0.42228913,3
3406531430,3406530468,396825,0.042350903,0.14211185,0.45272827,3
3406979416,3406978452,396825,0.027395375,0.17823464,0.40737426,3
3407555247,3407501078,396825,0.011368505,0.19173324,0.41548872,3
3408024925,3408023960,396825,-0.061640874,0.15561962,0.42874414,3
3408472823,3408471830,396825,-0.06627989,0.13794078,0.467048,3
3409070329,3409069367,396825,0.07016648,0.20312732,0.41495377,3
3409518382,3409517418,396825,0.16083635,0.26025817,0.3956275,3
3409966266,3409965118,396825,0.10567276,0.25973257,0.3943059,3
3410563596,3410562613,396825,0.12909669,0.2913089,0.39170766,3
3411011768,3411010757,396825,0.15616044,0.2297307,0.39996698,3
3411459549,3411458585,396825,0.096802816,0.1640504,0.41465837,3
3412056885,3412055923,396825,0.15146863,0.14376833,0.43063128,3
3412504884,3412503922,396825,0.1461441,0.13204002,0.43852845,3
3412952790,3412951754,396825,0.15424806,0.13549216,0.44790563,3
3413550513,3413549479,396825,0.13979767,0.13363582,0.42154568,3
3413998930,3413997419,396825,0.16060708,0.14157897,0.45478952,3
3414446085,3414445118,396825,0.15828286,0.14122385,0.4378075,3
3415043456,3415042493,396825,0.18344611,0.14195287,0.4588432,3
3415491212,3415490248,396825,0.16742702,0.1509346,0.38542232,3
3416067135,3416012969,396825,0.16558743,0.15032475,0.41432366,3
3416536718,3416535756,396825,0.16068563,0.1492109,0.39920914,3
3416984530,3416983481,396825,0.16101828,0.13881582,0.42684844,3
3417559966,3417505618,396825,0.16694717,0.14885312,0.41575783,3
3418029495,3418028346,396825,0.17511675,0.1515697,0.43730658,3
3418477172,3418476210,396825,0.17357011,0.151887,0.40688336,3
3419053847,3418999015,396825,0.16952744,0.14101899,0.42818153,3
3419522810,3419521848,396825,0.15742758,0.14342065,0.40174326,3
3419971106,3419970141,396825,0.18078215,0.14922291,0.43138787,3
3420567654,3420566692,396825,0.17995344,0.14884943,0.43700817,3
3421015944,3421014981,396825,0.17837285,0.15593693,0.4108508,3
3421463748,3421462783,396825,0.16150753,0.14431515,0.41379413,3
3422060917,3422059688,396825,0.1607648,0.14225215,0.4093956,3
3422508702,3422507739,396825,0.18563928,0.15641949,0.4320081,3
3422956560,3422955598,396825,0.16975828,0.1443649,0.39879864,3
3423553986,3423552861,396825,0.17228572,0.14758967,0.4038598,3
3424002126,3424001158,396825,0.17450269,0.14082015,0.43486726,3
3424450017,3424449054,396825,0.17430604,0.14403105,0.4198277,3
3425046579,3425045592,396825,0.16767436,0.15677579,0.40556237,3
3425494617,3425493656,396825,0.16807187,0.13804321,0.4232021,3
3426070383,3426016023,396825,0.17517976,0.14741232,0.41737372,3
3426539862,3426538880,396825,0.18250704,0.1509306,0.42600864,3
3426988186,3426987225,396825,0.15937173,0.13710153,0.40054834,3
3427563828,3427509481,396825,0.17191404,0.14575857,0.41761202,3
3428032771,3428031800,396825,0.1954231,0.15345712,0.43118784,3
3428481011,3428480050,396825,0.16493122,0.1414195,0.39959377,3
3429057013,3429002701,396825,0.17030439,0.14490491,0.41808933,3
3429526257,3429525288,396825,0.17934409,0.14477713,0.43883604,3
3429974475,3429973511,396825,0.16486146,0.14474851,0.39496663,3
3430571784,3430570821,396825,0.16261762,0.1449161,0.38291132,3
3431019723,3431018761,396825,0.17774701,0.14688699,0.4376248,3
3431468112,3431467146,396825,0.16908576,0.14572252,0.4043578,3
3432064959,3432063995,396825,0.16905725,0.14980212,0.39913672,3
3432512852,3432511888,396825,0.17789294,0.14394286,0.44381243,3
3432960902,3432959738,396825,0.16663562,0.15027444,0.38997304,3
3433557778,3433556654,396825,0.15928665,0.15256943,0.39306453,3
3434005581,3434004618,396825,0.1721308,0.14970195,0.43673533,3
3434453861,3434452899,396825,0.16434295,0.14638561,0.3987856,3
3435051104,3435050134,396825,0.16490254,0.14756863,0.40810937,3
3435499119,3435498118,396825,0.17377391,0.14563012,0.4411794,3
3435947367,3435946370,396825,0.161909,0.14242736,0.39702153,3
3436544585,3436543624,396825,0.15270093,0.14465725,0.396993,3
3436992173,3436991129,396825,0.18448032,0.15288952,0.42154872,3
3437568533,3437514149,396825,0.17259018,0.14508395,0.41496214,3
3438037539,3438036577,396825,0.1635139,0.14096045,0.4069645,3
3438485528,3438484566,396825,0.18113673,0.1499769,0.42270702,3
3439061771,3439007398,396825,0.17337781,0.14552337,0.41245484,3
3439531125,3439530124,396825,0.15475231,0.1364926,0.41525215,3
3439979162,3439978200,396825,0.17867541,0.15277436,0.40764737,3
3440555564,3440501067,396825,0.17058635,0.14350194,0.419887,3
3441024780,3441023809,396825,0.17726439,0.14379787,0.42858696,3
3441472711,3441471649,396825,0.16530928,0.1424722,0.40084928,3
