timestamp,data_type
1701886800.0192578,Visual
1701886800.0525787,Visual
1701886800.0859,Visual
1701886800.1525414,Visual
1701886800.185861,Visual
1701886800.219182,Visual
1701886800.2525015,Visual
1701886800.2858217,Visual
1701886800.319141,Visual
1701886800.3524606,Visual
1701886800.485736,Visual
1701886800.5190537,Visual
1701886800.552372,Visual
1701886800.5856972,Visual
1701886800.619023,Visual
1701886800.6523485,Visual
1701886800.6856742,Visual
1701886800.7523236,Visual
1701886800.785648,Visual
1701886800.8522966,Visual
1701886800.885621,Visual
1701886800.9189446,Visual
1701886800.9522688,Visual
1701886800.985592,Visual
1701886801.052238,Visual
1701886801.0855615,Visual
1701886801.1188838,Visual
1701886801.152207,Visual
1701886801.1855285,Visual
1701886801.218851,Visual
1701886801.252173,Visual
1701886801.285495,Visual
1701886801.3188162,Visual
1701886801.352138,Visual
1701886801.3854587,Visual
1701886801.4187803,Visual
1701886801.4521005,Visual
1701886801.4854217,Visual
1701886801.5187416,Visual
1701886801.5520625,Visual
1701886801.585389,Visual
1701886801.6187158,Visual
1701886801.6520417,Visual
1701886801.7186942,Visual
1701886801.7520206,Visual
1701886801.7853458,Visual
1701886801.8186717,Visual
1701886801.8519964,Visual
1701886801.885322,Visual
1701886801.9186468,Visual
1701886801.951972,Visual
1701886801.9852962,Visual
1701886802.0186212,Visual
1701886802.0519447,Visual
1701886802.0852697,Visual
1701886802.1185927,Visual
1701886802.5184662,Visual
1701886802.5851138,Visual
1701886802.6184404,Visual
1701886802.6517656,Visual
1701886802.6850915,Visual
1701886802.7184167,Visual
1701886802.7517426,Visual
1701886802.785067,Visual
1701886802.8517168,Visual
1701886802.8850417,Visual
1701886802.9183657,Visual
1701886802.9516904,Visual
1701886802.985014,Visual
1701886803.0183382,Visual
1701886803.0516615,Visual
1701886803.0849853,Visual
1701886803.118308,Visual
1701886803.1516316,Visual
1701886803.1849542,Visual
1701886803.2182777,Visual
1701886803.284922,Visual
1701886803.318244,Visual
1701886803.3515663,Visual
1701886803.3848877,Visual
1701886803.41821,Visual
1701886803.4515307,Visual
1701886803.4848526,Visual
1701886803.5181737,Visual
1701886803.5514946,Visual
1701886803.5848951,Visual
1701886803.6183398,Visual
1701886803.6517844,Visual
1701886803.685231,Visual
1701886803.7521255,Visual
1701886803.8190231,Visual
1701886803.8524728,Visual
1701886803.919376,Visual
1701886803.9528294,Visual
1701886804.0197372,Visual
1701886804.0531924,Visual
1701886804.086649,Visual
1701886804.153564,Visual
1701886804.1870222,Visual
1701886804.220482,Visual
1701886804.2539425,Visual
1701886804.287404,Visual
1701886804.3208656,Visual
1701886804.354329,Visual
1701886804.3877926,Visual
1701886804.4212575,Visual
1701886804.4547226,Visual
1701886804.4881897,Visual
1701886804.5216565,Visual
1701886804.555125,Visual
1701886804.5885348,Visual
1701886804.6553376,Visual
1701886804.68874,Visual
1701886804.7221413,Visual
1701886804.7555444,Visual
1701886804.7889466,Visual
1701886804.8223498,Visual
1701886804.8557527,Visual
1701886804.92256,Visual
1701886804.9559646,Visual
1701886804.989369,Visual
1701886805.022774,Visual
1701886805.0561783,Visual
1701886805.089584,Visual
1701886805.1229892,Visual
1701886805.1898012,Visual
1701886805.223208,Visual
1701886805.2566142,Visual
1701886805.290022,Visual
1701886805.3234286,Visual
1701886805.3568366,Visual
1701886805.3902442,Visual
1701886805.423653,Visual
1701886805.4570608,Visual
1701886805.49047,Visual
1701886806.058012,Visual
1701886806.291713,Visual
1701886806.3584883,Visual
1701886806.3918762,Visual
1701886806.4252653,Visual
1701886806.4586542,Visual
1701886806.4920442,Visual
1701886806.5254338,Visual
1701886806.592215,Visual
1701886806.6255577,Visual
1701886806.6588778,Visual
1701886806.692199,Visual
1701886806.7255187,Visual
1701886806.7588394,Visual
1701886806.7921588,Visual
1701886806.8587978,Visual
1701886806.8921175,Visual
1701886806.925436,Visual
1701886806.9587553,Visual
1701886806.9920735,Visual
1701886807.025392,Visual
1701886807.092028,Visual
1701886807.1253452,Visual
1701886807.158663,Visual
1701886807.1919796,Visual
1701886807.2252972,Visual
1701886807.258613,Visual
1701886807.325246,Visual
1701886807.3585625,Visual
1701886807.4251938,Visual
1701886807.4918242,Visual
1701886807.5584538,Visual
1701886807.5917678,Visual
1701886807.6251297,Visual
1701886807.658528,Visual
1701886807.691928,Visual
1701886807.7253275,Visual
1701886807.7587285,Visual
1701886807.792128,Visual
1701886807.825529,Visual
1701886807.85893,Visual
1701886807.8923316,Visual
1701886807.9257326,Visual
1701886807.959135,Visual
1701886808.0259392,Visual
1701886808.0593412,Visual
1701886808.0927448,Visual
1701886808.1595514,Visual
1701886808.1929543,Visual
1701886808.2597628,Visual
1701886808.326572,Visual
1701886808.4267886,Visual
1701886809.3267207,Visual
1701886809.4599502,Visual
1701886809.4932573,Visual
1701886809.5598695,Visual
1701886809.6264858,Visual
1701886809.6597989,Visual
1701886809.9262977,Visual
1701886809.959609,Visual
1701886811.125449,Visual
1701886811.1587589,Visual
1701886811.1920674,Visual
1701886811.2253764,Visual
1701886811.2586844,Visual
1701886811.2919931,Visual
1701886811.3253002,Visual
1701886811.3586085,Visual
1701886811.391915,Visual
1701886811.4252226,Visual
1701886811.4585288,Visual
1701886811.4918356,Visual
1701886811.525141,Visual
1701886811.5584476,Visual
1701886811.5917523,Visual
1701886811.6250622,Visual
1701886811.6583776,Visual
1701886811.7250085,Visual
1701886811.758324,Visual
1701886811.7916384,Visual
1701886811.8249536,Visual
1701886811.8582673,Visual
1701886811.924895,Visual
1701886811.958209,Visual
1701886811.9915216,Visual
1701886812.0248349,Visual
1701886812.058147,Visual
1701886812.0914598,Visual
1701886812.1247714,Visual
1701886812.1580834,Visual
1701886812.1913946,Visual
1701886812.2247064,Visual
1701886812.2580166,Visual
1701886812.291328,Visual
1701886812.3246377,Visual
1701886812.3579483,Visual
1701886812.3912575,Visual
1701886812.4245677,Visual
1701886812.4578764,Visual
1701886812.491186,Visual
1701886812.5244942,Visual
1701886812.5578032,Visual
1701886812.591111,Visual
1701886812.624422,Visual
1701886812.657735,Visual
1701886812.691049,Visual
1701886812.7243617,Visual
1701886812.7576747,Visual
1701886812.7909863,Visual
1701886812.824299,Visual
1701886812.8576107,Visual
1701886812.8909223,Visual
1701886812.9242334,Visual
1701886812.9575448,Visual
1701886812.990855,Visual
1701886813.024166,Visual
1701886813.057475,Visual
1701886813.0907855,Visual
1701886813.1240947,Visual
1701886813.1574042,Visual
1701886813.190713,Visual
1701886813.224022,Visual
1701886813.25733,Visual
1701886813.2906382,Visual
1701886813.3239455,Visual
1701886813.3572533,Visual
1701886813.3905602,Visual
1701886813.4238677,Visual
1701886813.457173,Visual
1701886813.4904802,Visual
1701886813.5237856,Visual
1701886813.5570917,Visual
1701886813.5903966,Visual
1701886813.6237051,Visual
1701886813.6570184,Visual
1701886813.690332,Visual
1701886813.7236445,Visual
1701886813.7569578,Visual
1701886813.79027,Visual
1701886813.8235824,Visual
1701886813.8568938,Visual
1701886813.890206,Visual
1701886813.9235165,Visual
1701886813.956828,Visual
1701886813.9901383,Visual
1701886814.0567589,Visual
1701886814.1233785,Visual
1701886814.156688,Visual
1701886814.1899962,Visual
1701886814.2233057,Visual
1701886814.2566133,Visual
1701886814.2899218,Visual
1701886814.3232293,Visual
1701886814.356537,Visual
1701886814.3898437,Visual
1701886814.423151,Visual
1701886814.4564574,Visual
1701886814.4897642,Visual
1701886814.5230696,Visual
1701886814.5563755,Visual
1701886814.589681,Visual
1701886814.6230028,Visual
1701886814.6563642,Visual
1701886814.689727,Visual
1701886814.7230892,Visual
1701886814.7564526,Visual
1701886814.7898157,Visual
1701886814.8231795,Visual
1701886814.8565433,Visual
1701886814.8899083,Visual
1701886814.9232724,Visual
1701886814.956638,Visual
1701886814.9900029,Visual
1701886815.023369,Visual
1701886815.0567348,Visual
1701886815.0901017,Visual
1701886815.123468,Visual
1701886815.1568358,Visual
1701886815.1902027,Visual
1701886815.223571,Visual
1701886815.2569387,Visual
1701886815.2903075,Visual
1701886815.323676,Visual
1701886815.3570457,Visual
1701886815.3904147,Visual
1701886815.4237852,Visual
1701886815.4571548,Visual
1701886815.490526,Visual
1701886815.5238962,Visual
1701886815.557268,Visual
1701886815.590639,Visual
1701886815.6239974,Visual
1701886815.657319,Visual
1701886815.6906416,Visual
1701886815.7239623,Visual
1701886815.7572846,Visual
1701886815.7906055,Visual
1701886815.823927,Visual
1701886815.8572474,Visual
1701886815.8905685,Visual
1701886815.9238882,Visual
1701886815.9572086,Visual
1701886815.9905283,Visual
1701886816.0238483,Visual
1701886816.0571675,Visual
1701886816.0904872,Visual
1701886816.123806,Visual
1701886816.1571252,Visual
1701886816.1904433,Visual
1701886816.2237625,Visual
1701886816.2570798,Visual
1701886816.2903984,Visual
1701886816.3237157,Visual
1701886816.3570335,Visual
1701886816.3903506,Visual
1701886816.423668,Visual
1701886816.4569843,Visual
1701886816.4903018,Visual
1701886816.5236175,Visual
1701886816.5569344,Visual
1701886816.5902498,Visual
1701886816.6235683,Visual
1701886816.65689,Visual
1701886816.6902122,Visual
1701886816.7235332,Visual
1701886816.756855,Visual
1701886816.7901757,Visual
1701886816.823497,Visual
1701886816.8568175,Visual
1701886816.8901384,Visual
1701886816.923458,Visual
1701886816.9567783,Visual
1701886816.990098,Visual
1701886817.023418,Visual
1701886817.0567367,Visual
1701886817.090057,Visual
1701886817.123375,Visual
1701886817.1566944,Visual
1701886817.1900122,Visual
1701886817.223331,Visual
1701886817.589817,Visual
1701886817.689938,Visual
1701886817.7233365,Visual
1701886817.756736,Visual
1701886817.7901351,Visual
1701886817.8235354,Visual
1701886817.856935,Visual
1701886817.8903358,Visual
1701886817.923736,Visual
1701886817.957137,Visual
1701886817.990538,Visual
1701886818.0239396,Visual
1701886818.0573409,Visual
1701886818.090743,Visual
1701886818.124145,Visual
1701886818.1909502,Visual
1701886818.2243536,Visual
1701886818.2577562,Visual
1701886818.2911603,Visual
1701886818.3579683,Visual
1701886818.391372,Visual
1701886818.4247773,Visual
1701886818.4581816,Visual
1701886818.4915872,Visual
1701886818.5249922,Visual
1701886818.5583985,Visual
1701886818.591804,Visual
1701886818.625208,Visual
1701886818.6585226,Visual
1701886818.691838,Visual
1701886818.7251525,Visual
1701886818.758467,Visual
1701886818.7917807,Visual
1701886818.825095,Visual
1701886818.858408,Visual
1701886818.8917215,Visual
1701886818.9250343,Visual
1701886818.958347,Visual
1701886818.9916592,Visual
1701886819.0249715,Visual
1701886819.058283,Visual
1701886819.0915952,Visual
1701886819.1582172,Visual
1701886819.1915276,Visual
1701886819.2248385,Visual
1701886819.2581482,Visual
1701886819.2914586,Visual
1701886819.3247676,Visual
1701886819.3580773,Visual
1701886819.3913858,Visual
1701886819.424695,Visual
1701886819.458003,Visual
1701886819.4913118,Visual
1701886819.524619,Visual
1701886819.5579271,Visual
1701886819.5912342,Visual
1701886819.6245415,Visual
1701886819.6579397,Visual
1701886819.691375,Visual
1701886819.72481,Visual
1701886819.758247,Visual
1701886819.7916837,Visual
1701886819.825122,Visual
1701886819.85856,Visual
1701886819.9254396,Visual
1701886819.9588811,Visual
1701886819.9923224,Visual
1701886820.0257657,Visual
1701886820.0592082,Visual
1701886820.0926528,Visual
1701886820.1260972,Visual
1701886820.192989,Visual
1701886820.4271362,Visual
1701886820.4940422,Visual
1701886820.527496,Visual
1701886820.5609517,Visual
1701886820.5944066,Visual
1701886820.6278634,Visual
1701886820.6612768,Visual
1701886820.6947126,Visual
1701886820.7281485,Visual
1701886820.761586,Visual
1701886823.6304102,Visual
1701886823.6637394,Visual
1701886823.6971,Visual
1701886823.7304597,Visual
1701886823.7638206,Visual
1701886823.797181,Visual
1701886823.8305426,Visual
1701886823.8639035,Visual
1701886823.897266,Visual
1701886823.930627,Visual
1701886823.9639902,Visual
1701886823.9973524,Visual
1701886824.0307157,Visual
1701886824.0640783,Visual
1701886824.0974426,Visual
1701886824.130806,Visual
1701886824.1641707,Visual
1701886824.1975343,Visual
1701886824.2308996,Visual
1701886824.2642643,Visual
1701886824.29763,Visual
1701886824.330995,Visual
1701886824.3643618,Visual
1701886824.3977275,Visual
1701886824.4310946,Visual
1701886824.4644608,Visual
1701886824.4978287,Visual
1701886824.5311956,Visual
1701886824.564564,Visual
1701886824.5979316,Visual
1701886824.6313002,Visual
1701886824.6646483,Visual
1701886824.6979735,Visual
1701886824.731297,Visual
1701886824.7646215,Visual
1701886824.797945,Visual
1701886824.8312693,Visual
1701886824.864592,Visual
1701886824.897916,Visual
1701886824.9312384,Visual
1701886824.964562,Visual
1701886824.997884,Visual
1701886825.031207,Visual
1701886825.0645287,Visual
1701886825.0978515,Visual
1701886825.1644952,Visual
1701886825.197816,Visual
1701886825.231138,Visual
1701886825.2644584,Visual
1701886825.29778,Visual
1701886825.3311,Visual
1701886825.3644211,Visual
1701886825.397741,Visual
1701886825.4310615,Visual
1701886825.4643812,Visual
1701886825.4977012,Visual
1701886825.5310202,Visual
1701886825.56434,Visual
1701886825.5976586,Visual
1701886825.6309783,Visual
1701886825.6643014,Visual
1701886825.697626,Visual
1701886825.73095,Visual
1701886825.7642744,Visual
1701886825.7975976,Visual
1701886825.830922,Visual
1701886825.8642447,Visual
1701886825.8975685,Visual
1701886825.9308908,Visual
1701886825.964214,Visual
1701886825.9975362,Visual
1701886826.0308592,Visual
1701886826.0641806,Visual
1701886826.0975032,Visual
1701886826.1308246,Visual
1701886826.1641464,Visual
1701886826.1974676,Visual
1701886826.230789,Visual
1701886826.2641096,Visual
1701886826.297431,Visual
1701886826.330751,Visual
1701886826.3640718,Visual
1701886826.3973916,Visual
1701886826.430712,Visual
1701886826.4640312,Visual
1701886826.4973514,Visual
1701886826.5306704,Visual
1701886826.56399,Visual
1701886826.5973086,Visual
1701886826.630628,Visual
1701886826.663949,Visual
1701886826.6972735,Visual
1701886826.7305975,Visual
1701886826.763922,Visual
1701886826.830569,Visual
1701886826.8638918,Visual
1701886826.8972156,Visual
1701886826.9305382,Visual
1701886826.9638612,Visual
1701886826.997183,Visual
1701886827.030506,Visual
1701886827.063828,Visual
1701886827.0971503,Visual
1701886827.1304717,Visual
1701886827.1637938,Visual
1701886827.1971145,Visual
1701886827.230436,Visual
1701886827.2637565,Visual
1701886827.297078,Visual
1701886827.3303978,Visual
1701886827.3637187,Visual
1701886827.3970385,Visual
1701886827.430359,Visual
1701886827.463678,Visual
1701886827.4969983,Visual
1701886827.530317,Visual
1701886827.563637,Visual
1701886827.5969553,Visual
1701886827.6302748,Visual
1701886827.6636088,Visual
1701886827.6970117,Visual
1701886827.7304137,Visual
1701886827.7638166,Visual
1701886827.7972193,Visual
1701886827.8306231,Visual
1701886827.8640263,Visual
1701886827.897431,Visual
1701886827.9308343,Visual
1701886827.9642396,Visual
1701886827.997644,Visual
1701886828.0310495,Visual
1701886828.0644546,Visual
1701886828.0978608,Visual
1701886828.1312666,Visual
1701886828.164673,Visual
1701886828.1980796,Visual
1701886828.231487,Visual
1701886828.264894,Visual
1701886828.3317096,Visual
1701886828.3651185,Visual
1701886828.3985264,Visual
1701886828.4319358,Visual
1701886828.4653444,Visual
1701886828.4987545,Visual
1701886828.532164,Visual
1701886828.5655742,Visual
1701886828.5989842,Visual
1701886828.6323955,Visual
1701886828.665795,Visual
1701886828.6991131,Visual
1701886828.7324295,Visual
1701886828.7657466,Visual
1701886828.7990625,Visual
1701886828.832379,Visual
1701886828.8656943,Visual
1701886828.8990104,Visual
1701886828.9323254,Visual
1701886828.9656408,Visual
1701886828.9989552,Visual
1701886829.0322702,Visual
1701886829.065584,Visual
1701886829.0988984,Visual
1701886829.1322117,Visual
1701886829.1988385,Visual
1701886829.2321515,Visual
1701886829.265464,Visual
1701886829.298777,Visual
1701886829.3320887,Visual
1701886829.365401,Visual
1701886829.4320242,Visual
1701886829.465335,Visual
1701886829.4986465,Visual
1701886829.5319562,Visual
1701886829.565267,Visual
1701886829.5985763,Visual
1701886829.631887,Visual
1701886829.665203,Visual
1701886829.69852,Visual
1701886829.7318356,Visual
1701886829.7651522,Visual
1701886829.7984674,Visual
1701886829.8317833,Visual
1701886829.865098,Visual
1701886829.8984132,Visual
1701886829.9317274,Visual
1701886829.965042,Visual
1701886829.9983554,Visual
1701886830.03167,Visual
1701886830.064983,Visual
1701886830.0982966,Visual
1701886830.1316092,Visual
1701886830.1649222,Visual
1701886830.198234,Visual
1701886830.2315469,Visual
1701886830.2648582,Visual
1701886830.2981703,Visual
1701886830.3314812,Visual
1701886830.3647928,Visual
1701886830.398103,Visual
1701886830.4314144,Visual
1701886830.4647238,Visual
1701886830.4980345,Visual
1701886830.5313437,Visual
1701886830.5979624,Visual
1701886830.6312726,Visual
1701886830.6645894,Visual
1701886830.697907,Visual
1701886830.731223,Visual
1701886830.7645404,Visual
1701886830.7978563,Visual
1701886830.8311732,Visual
1701886830.8644886,Visual
1701886830.8978045,Visual
1701886830.9311194,Visual
1701886830.9644349,Visual
1701886830.997749,Visual
1701886831.0310645,Visual
1701886831.064378,Visual
1701886831.0976925,Visual
1701886831.1310058,Visual
1701886831.1643198,Visual
1701886831.1976326,Visual
1701886831.230946,Visual
1701886831.264258,Visual
1701886831.297571,Visual
1701886831.3308828,Visual
1701886831.364195,Visual
1701886831.3975062,Visual
1701886831.464129,Visual
1701886831.49744,Visual
1701886831.5307505,Visual
1701886831.5640612,Visual
1701886831.5973709,Visual
1701886831.6306818,Visual
1701886831.6639984,Visual
1701886831.697316,Visual
1701886831.730632,Visual
1701886831.763949,Visual
1701886831.7972646,Visual
1701886831.830581,Visual
1701886831.863896,Visual
1701886838.0376885,Visual
1701886838.071093,Visual
1701886838.104499,Visual
1701886838.1379046,Visual
1701886838.1713111,Visual
1701886838.2047172,Visual
1701886838.2381244,Visual
1701886838.2715309,Visual
1701886838.3049386,Visual
1701886838.3383458,Visual
1701886838.3717542,Visual
1701886838.405162,Visual
1701886838.4385707,Visual
1701886838.4719791,Visual
1701886838.505389,Visual
1701886838.538798,Visual
1701886838.6056175,Visual
1701886838.6390283,Visual
1701886838.6724384,Visual
1701886838.7058463,Visual
1701886838.7392333,Visual
1701886838.7726295,Visual
1701886838.8060255,Visual
1701886838.8394225,Visual
1701886838.8728185,Visual
1701886838.906216,Visual
1701886838.9396126,Visual
1701886838.9730103,Visual
1701886839.0064075,Visual
1701886839.039806,Visual
1701886839.0732036,Visual
1701886839.1066024,Visual
1701886839.1400006,Visual
1701886839.1734,Visual
1701886839.2067983,Visual
1701886839.240198,Visual
1701886839.2735977,Visual
1701886839.3069975,Visual
1701886839.3403971,Visual
1701886839.373798,Visual
1701886839.407198,Visual
1701886839.4405994,Visual
1701886839.4739995,Visual
1701886839.5074017,Visual
1701886839.5408025,Visual
1701886839.574205,Visual
1701886839.6076062,Visual
1701886839.641009,Visual
1701886839.6744108,Visual
1701886839.7078142,Visual
1701886839.7744548,Visual
1701886839.8410711,Visual
1701886839.8743784,Visual
1701886839.9409926,Visual
1701886840.0076058,Visual
1701886840.0409124,Visual
1701886840.0742176,Visual
1701886840.1075234,Visual
1701886840.140828,Visual
1701886840.174133,Visual
1701886840.2074368,Visual
1701886840.2407415,Visual
1701886840.2740448,Visual
1701886840.3073485,Visual
1701886840.3406508,Visual
1701886840.373954,Visual
1701886840.407256,Visual
1701886840.440559,Visual
1701886840.4738595,Visual
1701886840.5071616,Visual
1701886840.5404625,Visual
1701886840.5737631,Visual
1701886840.607063,Visual
1701886840.6403637,Visual
1701886840.673663,Visual
1701886840.7069626,Visual
1701886840.7403188,Visual
1701886840.7737048,Visual
1701886840.8070896,Visual
1701886840.8404758,Visual
1701886840.873861,Visual
1701886840.9072475,Visual
1701886840.940633,Visual
1701886840.9740198,Visual
1701886841.0074058,Visual
1701886841.0407927,Visual
1701886841.074179,Visual
1701886841.107566,Visual
1701886841.1409528,Visual
1701886841.1743402,Visual
1701886841.2077272,Visual
1701886841.241115,Visual
1701886841.2745025,Visual
1701886841.307891,Visual
1701886841.341278,Visual
1701886841.3746667,Visual
1701886841.4080544,Visual
1701886841.4414434,Visual
1701886841.474831,Visual
1701886841.5082204,Visual
1701886841.5416088,Visual
1701886841.5749986,Visual
1701886841.6083872,Visual
1701886841.6417768,Visual
1701886841.675166,Visual
1701886841.7085562,Visual
1701886841.7419353,Visual
1701886841.7753148,Visual
1701886841.8086934,Visual
1701886841.842073,Visual
1701886841.8754518,Visual
1701886841.9088318,Visual
1701886841.942211,Visual
1701886841.9755907,Visual
1701886842.00897,Visual
1701886842.0423503,Visual
1701886842.0757298,Visual
1701886842.10911,Visual
1701886842.1424897,Visual
1701886842.1758704,Visual
1701886842.2092502,Visual
1701886842.2426312,Visual
1701886842.276011,Visual
1701886842.309392,Visual
1701886842.3427722,Visual
1701886842.3761537,Visual
1701886842.409534,Visual
1701886842.4429152,Visual
1701886842.476296,Visual
1701886842.5096774,Visual
1701886842.5430584,Visual
1701886842.57644,Visual
1701886842.609821,Visual
1701886842.643203,Visual
1701886842.6765842,Visual
1701886842.709967,Visual
1701886842.7433298,Visual
1701886842.8099172,Visual
1701886842.8432107,Visual
1701886842.8765028,Visual
1701886842.9097953,Visual
1701886842.943086,Visual
1701886842.976378,Visual
1701886843.009668,Visual
1701886843.0429587,Visual
1701886843.076248,Visual
1701886843.1095378,Visual
1701886843.142826,Visual
1701886843.176115,Visual
1701886843.2094023,Visual
1701886843.24269,Visual
1701886843.275977,Visual
1701886843.3092637,Visual
1701886843.342549,Visual
1701886843.3758352,Visual
1701886843.4091196,Visual
1701886843.4424047,Visual
1701886843.4756885,Visual
1701886843.5089726,Visual
1701886843.5422554,Visual
1701886843.5755386,Visual
1701886843.6088204,Visual
1701886843.6421027,Visual
1701886843.6753836,Visual
1701886843.7086651,Visual
1701886843.741975,Visual
1701886843.7753112,Visual
1701886843.8086464,Visual
1701886843.8419828,Visual
1701886843.875318,Visual
1701886843.9086547,Visual
1701886843.94199,Visual
1701886843.975327,Visual
1701886844.0086627,Visual
1701886844.0419996,Visual
1701886844.0753355,Visual
1701886844.1086724,Visual
1701886844.1420083,Visual
1701886844.1753457,Visual
1701886844.2086818,Visual
1701886844.2420192,Visual
1701886844.2753558,Visual
1701886844.3086932,Visual
1701886844.3420298,Visual
1701886844.3753674,Visual
1701886844.408704,Visual
1701886844.442042,Visual
1701886844.475379,Visual
1701886844.508717,Visual
1701886844.5420542,Visual
1701886844.5753922,Visual
1701886844.6087298,Visual
1701886844.642068,Visual
1701886844.6754055,Visual
1701886844.7420838,Visual
1701886844.775386,Visual
1701886844.8086867,Visual
1701886844.841988,Visual
1701886844.875288,Visual
1701886844.9085886,Visual
1701886844.9418876,Visual
1701886844.9751875,Visual
1701886845.0084858,Visual
1701886845.041785,Visual
1701886845.0750823,Visual
1701886845.1083806,Visual
1701886845.174975,Visual
1701886845.208271,Visual
1701886845.2415674,Visual
1701886845.2748628,Visual
1701886845.3081584,Visual
1701886845.3414528,Visual
1701886845.4080417,Visual
1701886845.4413357,Visual
1701886845.4746284,Visual
1701886845.507922,Visual
1701886845.5412138,Visual
1701886845.5745063,Visual
1701886845.607798,Visual
1701886845.6410897,Visual
1701886845.67438,Visual
1701886845.7076712,Visual
1701886845.774274,Visual
1701886845.8075757,Visual
1701886845.8741784,Visual
1701886845.9074798,Visual
1701886845.9407797,Visual
1701886845.9740803,Visual
1701886846.0073795,Visual
1701886846.0406797,Visual
1701886846.0739777,Visual
1701886846.107277,Visual
1701886846.1405745,Visual
1701886846.1738727,Visual
1701886846.2071698,Visual
1701886846.240467,Visual
1701886846.2737632,Visual
1701886846.3070598,Visual
1701886846.340355,Visual
1701886846.3736508,Visual
1701886846.4069452,Visual
1701886846.4402404,Visual
1701886846.473534,Visual
1701886846.5068283,Visual
1701886846.5401216,Visual
1701886846.573415,Visual
1701886846.606707,Visual
1701886846.64,Visual
1701886846.6732912,Visual
1701886846.7065833,Visual
1701886846.7398765,Visual
1701886846.7731788,Visual
1701886846.80648,Visual
1701886846.839782,Visual
1701886846.8730822,Visual
1701886846.9063833,Visual
1701886846.9396832,Visual
1701886847.0062823,Visual
1701886847.0395815,Visual
1701886847.0728796,Visual
1701886847.1061783,Visual
1701886847.1394756,Visual
1701886847.1727734,Visual
1701886847.2060702,Visual
1701886847.2393672,Visual
1701886847.2726629,Visual
1701886847.305959,Visual
1701886847.339254,Visual
1701886847.3725495,Visual
1701886847.4391384,Visual
1701886847.4724317,Visual
1701886847.5057256,Visual
1701886847.5390182,Visual
1701886847.5723112,Visual
1701886847.605603,Visual
1701886847.6388953,Visual
1701886847.6721864,Visual
1701886847.7054777,Visual
1701886847.7387683,Visual
1701886847.7720714,Visual
1701886847.8053725,Visual
1701886847.8386743,Visual
1701886847.8719754,Visual
1701886847.9052763,Visual
1701886847.9718766,Visual
1701886848.0051758,Visual
1701886848.0384753,Visual
1701886848.0717738,Visual
1701886848.1050725,Visual
1701886848.13837,Visual
1701886848.171668,Visual
1701886848.238262,Visual
1701886848.2715578,Visual
1701886848.3048544,Visual
1701886848.3381493,Visual
1701886848.3714452,Visual
1701886848.4047396,Visual
1701886848.4713278,Visual
1701886848.504622,Visual
1701886848.5379148,Visual
1701886848.571208,Visual
1701886848.6045,Visual
1701886848.6377926,Visual
1701886848.6710837,Visual
1701886848.7043755,Visual
1701886848.737667,Visual
1701886848.8042705,Visual
1701886848.837572,Visual
1701886848.8708718,Visual
1701886848.904173,Visual
1701886848.970772,Visual
1701886849.0040703,Visual
1701886849.1039655,Visual
1701886849.1372623,Visual
1701886849.17056,Visual
1701886849.2038562,Visual
1701886849.8032389,Visual
1701886849.836584,Visual
1701886849.8699276,Visual
1701886849.903273,Visual
1701886849.9366176,Visual
1701886849.9699633,Visual
1701886850.003308,Visual
1701886850.0699992,Visual
1701886850.1033454,Visual
1701886850.1366909,Visual
1701886850.1700375,Visual
1701886850.2033832,Visual
1701886850.2367303,Visual
1701886850.2700765,Visual
1701886850.33677,Visual
1701886850.4034643,Visual
1701886850.4368122,Visual
1701886850.5035076,Visual
1701886850.5368547,Visual
1701886850.5702033,Visual
1701886850.603551,Visual
1701886850.670248,Visual
1701886850.736945,Visual
1701886850.7702544,Visual
1701886850.8035626,Visual
1701886850.836872,Visual
1701886850.8701797,Visual
1701886850.936795,Visual
1701886851.003409,Visual
1701886851.036716,Visual
1701886851.0700216,Visual
1701886851.1033282,Visual
1701886851.169939,Visual
1701886851.2032433,Visual
1701886851.2365484,Visual
1701886851.2698522,Visual
1701886851.303156,Visual
1701886851.3364592,Visual
1701886851.369763,Visual
1701886851.4030654,Visual
1701886851.4363685,Visual
1701886851.46967,Visual
1701886851.5362737,Visual
1701886851.5695753,Visual
1701886851.6028757,Visual
1701886851.6361766,Visual
1701886851.6694765,Visual
1701886851.702777,Visual
1701886851.736076,Visual
1701886851.7693868,Visual
1701886851.802696,Visual
1701886851.836006,Visual
1701886851.8693144,Visual
1701886851.902624,Visual
1701886851.935932,Visual
1701886851.9692404,Visual
1701886852.0358558,Visual
1701886852.0691624,Visual
1701886852.1024697,Visual
1701886852.202388,Visual
1701886852.2356942,Visual
1701886852.2689989,Visual
1701886852.3356082,Visual
1701886852.3689132,Visual
1701886852.4022164,Visual
1701886852.4355204,Visual
1701886852.4688234,Visual
1701886852.5354292,Visual
1701886852.568732,Visual
1701886852.6020334,Visual
1701886852.6353357,Visual
1701886852.6686366,Visual
1701886852.701938,Visual
1701886852.7352388,Visual
1701886852.768593,Visual
1701886852.8019464,Visual
1701886852.8686545,Visual
1701886852.9020095,Visual
1701886852.9353638,Visual
1701886852.9687192,Visual
1701886853.002074,Visual
1701886853.03543,Visual
1701886853.0687852,Visual
1701886853.135497,Visual
1701886853.1688542,Visual
1701886853.2022104,Visual
1701886853.2355678,Visual
1701886853.2689242,Visual
1701886853.3022823,Visual
1701886853.3356397,Visual
1701886853.3689978,Visual
1701886853.4023554,Visual
1701886853.4690723,Visual
1701886853.5024316,Visual
1701886853.53579,Visual
1701886853.56915,Visual
1701886853.602509,Visual
1701886853.635869,Visual
1701886853.6692288,Visual
1701886853.7025893,Visual
1701886853.7359488,Visual
1701886853.769353,Visual
1701886853.8027902,Visual
1701886853.8362296,Visual
1701886853.9031096,Visual
1701886853.9365504,Visual
1701886853.9699926,Visual
1701886854.0034351,Visual
1701886854.036879,Visual
1701886854.1037688,Visual
1701886854.1706617,Visual
1701886854.2041087,Visual
1701886854.271006,Visual
1701886854.3044567,Visual
1701886854.337907,Visual
1701886854.371359,Visual
1701886854.4048111,Visual
1701886854.4382646,Visual
1701886854.471718,Visual
1701886854.5051734,Visual
1701886854.5386283,Visual
1701886854.5720851,Visual
1701886854.605542,Visual
1701886854.6390004,Visual
1701886854.6724586,Visual
1701886854.7059188,Visual
1701886854.7393787,Visual
1701886854.7727954,Visual
1701886854.806233,Visual
1701886854.839672,Visual
1701886854.8731112,Visual
1701886854.9065523,Visual
1701886854.939993,Visual
1701886854.9734356,Visual
1701886855.0068777,Visual
1701886855.0403218,Visual
1701886855.0737658,Visual
1701886855.1072116,Visual
1701886855.140657,Visual
1701886855.1741045,Visual
1701886855.2075517,Visual
1701886855.2410004,Visual
1701886855.274449,Visual
1701886855.3079,Visual
1701886855.34135,Visual
1701886855.3748026,Visual
1701886855.441708,Visual
1701886855.4751616,Visual
1701886855.5086172,Visual
1701886855.5420723,Visual
1701886855.575529,Visual
1701886855.608986,Visual
1701886855.6424446,Visual
1701886855.675903,Visual
1701886855.7428231,Visual
1701886855.7762268,Visual
1701886855.8095558,Visual
1701886855.8428853,Visual
1701886855.8762136,Visual
1701886855.909543,Visual
1701886855.942871,Visual
1701886855.9762,Visual
1701886856.0095277,Visual
1701886856.0428562,Visual
1701886856.0761836,Visual
1701886856.1428387,Visual
1701886856.1761663,Visual
1701886856.2094932,Visual
1701886856.2428205,Visual
1701886856.276147,Visual
1701886856.3094735,Visual
1701886856.3761263,Visual
1701886856.4094515,Visual
1701886856.442778,Visual
1701886856.4761033,Visual
1701886856.5094292,Visual
1701886856.542754,Visual
1701886856.6094038,Visual
1701886856.642729,Visual
1701886856.676053,Visual
1701886856.709378,Visual
1701886856.7427015,Visual
1701886856.809396,Visual
1701886856.8427544,Visual
1701886856.8761115,Visual
1701886856.9094708,Visual
1701886856.9761882,Visual
1701886857.0095468,Visual
1701886857.0429068,Visual
1701886857.0762658,Visual
1701886857.1096263,Visual
1701886857.142986,Visual
1701886857.2097075,Visual
1701886857.2430692,Visual
1701886857.27643,Visual
1701886857.309792,Visual
1701886857.3431537,Visual
1701886857.376516,Visual
1701886857.4098785,Visual
1701886857.4432411,Visual
1701886857.4766035,Visual
1701886857.6767876,Visual
1701886857.710153,Visual
1701886858.110554,Visual
1701886858.1439226,Visual
1701886858.1772926,Visual
1701886858.2106616,Visual
1701886858.244032,Visual
1701886858.2774022,Visual
1701886858.3107734,Visual
1701886858.3775158,Visual
1701886858.4108872,Visual
1701886858.44426,Visual
1701886858.4776318,Visual
1701886858.5110054,Visual
1701886858.544378,Visual
1701886858.577752,Visual
1701886858.6111257,Visual
1701886858.6445005,Visual
1701886858.6778743,Visual
1701886858.7112498,Visual
1701886858.7446246,Visual
1701886858.7779837,Visual
1701886858.8113134,Visual
1701886858.844644,Visual
1701886858.8779733,Visual
1701886858.9446328,Visual
1701886858.977963,Visual
1701886859.0446212,Visual
1701886859.1112792,Visual
1701886859.1779366,Visual
1701886859.2112644,Visual
1701886859.2445931,Visual
1701886859.277921,Visual
1701886859.3112495,Visual
1701886859.3445768,Visual
1701886859.3779051,Visual
1701886859.4112322,Visual
1701886859.477887,Visual
1701886859.5112145,Visual
1701886859.5445411,Visual
1701886859.5778682,Visual
1701886859.6111944,Visual
1701886859.6445217,Visual
1701886859.6778474,Visual
1701886859.711174,Visual
1701886859.7444997,Visual
1701886859.777828,Visual
1701886859.8111577,Visual
1701886859.844488,Visual
1701886859.8778174,Visual
1701886859.9444768,Visual
1701886859.9778066,Visual
1701886860.011135,Visual
1701886860.0444648,Visual
1701886860.0777934,Visual
1701886860.1111228,Visual
1701886860.144451,Visual
1701886860.2111075,Visual
1701886860.2444365,Visual
1701886860.277764,Visual
1701886860.3110926,Visual
1701886860.3777478,Visual
1701886860.4110749,Visual
1701886860.444403,Visual
1701886860.4777296,Visual
1701886860.511057,Visual
1701886860.5443833,Visual
1701886860.5777106,Visual
1701886860.6110363,Visual
1701886860.6443636,Visual
1701886860.6776896,Visual
1701886860.7110162,Visual
1701886860.7443416,Visual
1701886860.7776828,Visual
1701886860.811091,Visual
1701886860.8445003,Visual
1701886860.8779092,Visual
1701886860.9113195,Visual
1701886860.944729,Visual
1701886861.0115502,Visual
1701886861.044962,Visual
1701886861.0783727,Visual
1701886861.1117852,Visual
1701886861.145197,Visual
1701886861.1786098,Visual
1701886861.2120223,Visual
1701886861.2788491,Visual
1701886861.3122635,Visual
1701886861.3456771,Visual
1701886861.3790925,Visual
1701886861.412507,Visual
1701886861.4459229,Visual
1701886861.4793382,Visual
1701886861.512755,Visual
1701886861.5461707,Visual
1701886861.5795882,Visual
1701886864.3479617,Visual
1701886864.3812754,Visual
1701886864.414588,Visual
1701886864.481213,Visual
1701886864.514526,Visual
1701886864.5478373,Visual
1701886864.581149,Visual
1701886864.6144602,Visual
1701886864.6477718,Visual
1701886864.6810822,Visual
1701886864.7143934,Visual
1701886864.747703,Visual
1701886864.814323,Visual
1701886864.8809524,Visual
1701886864.914268,Visual
1701886864.9475822,Visual
1701886864.9808972,Visual
1701886865.014211,Visual
1701886865.0475254,Visual
1701886865.080839,Visual
1701886865.1141524,Visual
1701886865.147465,Visual
1701886865.1807785,Visual
1701886865.2140903,Visual
1701886865.2474031,Visual
1701886865.2807145,Visual
1701886865.3140268,Visual
1701886865.347338,Visual
1701886865.380649,Visual
1701886865.41396,Visual
1701886865.447271,Visual
1701886865.4805808,Visual
1701886865.5138917,Visual
1701886865.547201,Visual
1701886865.5805109,Visual
1701886865.6138194,Visual
1701886865.680437,Visual
1701886865.7137458,Visual
1701886865.7470534,Visual
1701886865.813669,Visual
1701886865.846983,Visual
1701886865.880298,Visual
1701886865.913613,Visual
1701886865.9469278,Visual
1701886865.980243,Visual
1701886866.0135567,Visual
1701886866.0468714,Visual
1701886866.0801845,Visual
1701886866.1134984,Visual
1701886866.1468112,Visual
1701886866.1801248,Visual
1701886866.213437,Visual
1701886866.2800615,Visual
1701886866.3133738,Visual
1701886866.346685,Visual
1701886866.3799963,Visual
1701886866.4133072,Visual
1701886866.4466183,Visual
1701886866.5132391,Visual
1701886866.5465486,Visual
1701886866.5798583,Visual
1701886866.6131675,Visual
1701886866.6464772,Visual
1701886866.6797855,Visual
1701886866.7130945,Visual
1701886866.7464025,Visual
1701886866.779711,Visual
1701886866.813018,Visual
1701886866.8463316,Visual
1701886866.8796463,Visual
1701886866.9129624,Visual
1701886866.946277,Visual
1701886866.979592,Visual
1701886867.012906,Visual
1701886867.0462203,Visual
1701886867.079534,Visual
1701886867.1128478,Visual
1701886867.1461608,Visual
1701886867.1794744,Visual
1701886867.212787,Visual
1701886867.2460997,Visual
1701886867.2794113,Visual
1701886867.312724,Visual
1701886867.346035,Visual
1701886867.3793468,Visual
1701886867.4126575,Visual
1701886867.445969,Visual
1701886867.479279,Visual
1701886867.51259,Visual
1701886867.5458994,Visual
1701886867.6125183,Visual
1701886867.645828,Visual
1701886867.6791368,Visual
1701886867.7124455,Visual
1701886867.7457538,Visual
1701886867.7790625,Visual
1701886867.8123696,Visual
1701886867.845683,Visual
1701886867.8789985,Visual
1701886867.9123144,Visual
1701886867.9456291,Visual
1701886867.9789443,Visual
1701886868.0122583,Visual
1701886868.0455732,Visual
1701886868.078887,Visual
1701886868.1122012,Visual
1701886868.1455142,Visual
1701886868.1788278,Visual
1701886868.2121403,Visual
1701886868.2787654,Visual
1701886868.3120782,Visual
1701886868.3453894,Visual
1701886868.3787014,Visual
1701886868.412012,Visual
1701886868.4453237,Visual
1701886868.478634,Visual
1701886868.511945,Visual
1701886868.545255,Visual
1701886868.5785651,Visual
1701886868.6118743,Visual
1701886868.6451845,Visual
1701886868.678493,Visual
1701886868.7118022,Visual
1701886868.7451105,Visual
1701886868.7784193,Visual
1701886868.8117266,Visual
1701886868.8450415,Visual
1701886868.878358,Visual
1701886868.9116747,Visual
1701886868.9449906,Visual
1701886869.011623,Visual
1701886869.0449388,Visual
1701886869.0782535,Visual
1701886869.1115692,Visual
1701886869.1448834,Visual
1701886869.1781983,Visual
1701886869.211512,Visual
1701886869.2448266,Visual
1701886869.2781398,Visual
1701886869.3114538,Visual
1701886869.3447666,Visual
1701886869.37808,Visual
1701886869.411392,Visual
1701886869.444705,Visual
1701886869.4780169,Visual
1701886869.5113294,Visual
1701886869.5446403,Visual
1701886869.5779524,Visual
1701886869.611263,Visual
1701886869.6445744,Visual
1701886869.6778846,Visual
1701886869.7111952,Visual
1701886869.744505,Visual
1701886869.777815,Visual
1701886869.8111246,Visual
1701886869.877826,Visual
1701886869.9111855,Visual
1701886870.645164,Visual
1701886870.6785295,Visual
1701886870.7118962,Visual
1701886870.7452624,Visual
1701886870.7786298,Visual
1701886870.8119967,Visual
1701886870.845363,Visual
1701886870.878729,Visual
1701886870.9120965,Visual
1701886870.9454637,Visual
1701886870.978832,Visual
1701886871.0121996,Visual
1701886871.0455687,Visual
1701886871.0789373,Visual
1701886871.1123068,Visual
1701886871.145676,Visual
1701886871.1790466,Visual
1701886871.2124164,Visual
1701886871.2457876,Visual
1701886871.279158,Visual
1701886871.3125305,Visual
1701886871.3459015,Visual
1701886871.379274,Visual
1701886871.4126463,Visual
1701886871.4460196,Visual
1701886871.4793923,Visual
1701886871.5127664,Visual
1701886871.54614,Visual
1701886871.5795147,Visual
1701886871.6128888,Visual
1701886871.6462643,Visual
1701886871.679639,Visual
1701886871.7130156,Visual
1701886871.746391,Visual
1701886871.779768,Visual
1701886871.8131442,Visual
1701886871.8464966,Visual
1701886871.879834,Visual
1701886871.9131727,Visual
1701886871.94651,Visual
1701886871.9798484,Visual
1701886872.0131855,Visual
1701886872.0465238,Visual
1701886872.0798612,Visual
1701886872.1465364,Visual
1701886872.1798742,Visual
1701886872.2465494,Visual
1701886872.313224,Visual
1701886872.3465607,Visual
1701886872.3798988,Visual
1701886872.4132354,Visual
1701886872.446573,Visual
1701886872.4799097,Visual
1701886872.5132473,Visual
1701886872.5465837,Visual
1701886872.5799215,Visual
1701886872.613258,Visual
1701886872.6465952,Visual
1701886872.6799314,Visual
1701886872.7132688,Visual
1701886872.746605,Visual
1701886872.779942,Visual
1701886872.8132784,Visual
1701886872.8466153,Visual
1701886872.8799503,Visual
1701886872.913287,Visual
1701886872.946622,Visual
1701886872.979958,Visual
1701886873.046629,Visual
1701886873.0799637,Visual
1701886873.1132994,Visual
1701886873.146634,Visual
1701886873.1799695,Visual
1701886873.2133038,Visual
1701886873.246639,Visual
1701886873.279973,Visual
1701886873.313308,Visual
1701886873.346642,Visual
1701886873.3799767,Visual
1701886873.4133103,Visual
1701886873.4466453,Visual
1701886873.4799788,Visual
1701886873.513313,Visual
1701886873.5466464,Visual
1701886873.5799804,Visual
1701886873.6133137,Visual
1701886873.6466477,Visual
1701886873.7133143,Visual
1701886873.7466466,Visual
1701886873.7799804,Visual
1701886873.8133128,Visual
1701886873.846646,Visual
1701886873.8799777,Visual
1701886873.91331,Visual
1701886873.9466414,Visual
1701886873.9799733,Visual
1701886874.0133045,Visual
1701886874.0466366,Visual
1701886874.0799673,Visual
1701886874.146629,Visual
1701886874.1799607,Visual
1701886874.213291,Visual
1701886874.246622,Visual
1701886874.279952,Visual
1701886874.313283,Visual
1701886874.3466127,Visual
1701886874.3799434,Visual
1701886874.4132729,Visual
1701886874.4466033,Visual
1701886874.4799323,Visual
1701886874.5132625,Visual
1701886874.5465915,Visual
1701886874.5799215,Visual
1701886874.61325,Visual
1701886874.6465795,Visual
1701886874.679908,Visual
1701886874.7132373,Visual
1701886874.746565,Visual
1701886874.7798946,Visual
1701886874.8132224,Visual
1701886874.8465538,Visual
1701886874.8798852,Visual
1701886874.9132178,Visual
1701886874.979881,Visual
1701886875.013212,Visual
1701886875.0465438,Visual
1701886875.0798745,Visual
1701886875.1132064,Visual
1701886875.179868,Visual
1701886875.2131982,Visual
1701886875.246529,Visual
1701886875.279859,Visual
1701886875.31319,Visual
1701886875.3465197,Visual
1701886875.4131796,Visual
1701886875.4465098,Visual
1701886875.4798388,Visual
1701886875.513169,Visual
1701886877.2168672,Visual
1701886877.2503226,Visual
1701886877.2837777,Visual
1701886877.3172348,Visual
1701886877.3506916,Visual
1701886877.3841507,Visual
1701886877.4176092,Visual
1701886877.4510696,Visual
1701886877.48453,Visual
1701886877.5179925,Visual
1701886877.5514543,Visual
1701886877.5849185,Visual
1701886877.6183822,Visual
1701886877.6518478,Visual
1701886877.6853137,Visual
1701886877.718781,Visual
1701886877.7522483,Visual
1701886877.7857175,Visual
1701886877.8191867,Visual
1701886877.8526444,Visual
1701886877.886045,Visual
1701886877.9194627,Visual
1701886877.95288,Visual
1701886877.986299,Visual
1701886878.0197177,Visual
1701886878.0531375,Visual
1701886878.086557,Visual
1701886878.1199777,Visual
1701886878.1533985,Visual
1701886878.18682,Visual
1701886878.2202418,Visual
1701886878.2536645,Visual
1701886878.2870872,Visual
1701886878.320511,Visual
1701886878.3539343,Visual
1701886878.3873594,Visual
1701886878.45421,Visual
1701886878.4876356,Visual
1701886878.5210626,Visual
1701886878.554489,Visual
1701886878.587917,Visual
1701886878.6213446,Visual
1701886878.6547737,Visual
1701886878.688202,Visual
1701886878.7216318,Visual
1701886879.7244463,Visual
1701886879.7578812,Visual
1701886879.791317,Visual
1701886879.8247523,Visual
1701886879.8581896,Visual
1701886879.8915837,Visual
1701886879.924979,Visual
1701886880.1921468,Visual
1701886880.2255433,Visual
1701886880.258941,Visual
1701886880.292338,Visual
1701886880.3257363,Visual
1701886880.3591335,Visual
1701886880.3925326,Visual
1701886880.4259305,Visual
1701886880.4593296,Visual
1701886880.4927282,Visual
1701886880.5261278,Visual
1701886880.559527,Visual
1701886880.592927,Visual
1701886880.6263263,Visual
1701886880.659727,Visual
1701886880.6931272,Visual
1701886880.7265284,Visual
1701886880.7599287,Visual
1701886880.7933304,Visual
1701886880.8267312,Visual
1701886880.8601327,Visual
1701886880.8934412,Visual
1701886880.92675,Visual
1701886880.9600575,Visual
1701886880.9933658,Visual
1701886881.0266726,Visual
1701886881.05998,Visual
1701886881.093286,Visual
1701886881.1598988,Visual
1701886881.1932049,Visual
1701886881.2265096,Visual
1701886881.2598152,Visual
1701886881.2931192,Visual
1701886881.326424,Visual
1701886881.3597276,Visual
1701886881.4263344,Visual
1701886881.459638,Visual
1701886881.49294,Visual
1701886881.526243,Visual
1701886881.559544,Visual
1701886881.5928464,Visual
1701886881.6261473,Visual
1701886881.6594486,Visual
1701886881.7260497,Visual
1701886881.7593489,Visual
1701886881.792649,Visual
1701886881.8259478,Visual
1701886881.8592484,Visual
1701886881.892613,Visual
1701886881.926001,Visual
1701886881.9593885,Visual
1701886881.9927764,Visual
1701886882.0261638,Visual
1701886882.0595524,Visual
1701886882.09294,Visual
1701886882.159717,Visual
1701886882.193107,Visual
1701886882.226495,Visual
1701886882.2598848,Visual
1701886882.2932734,Visual
1701886882.3266635,Visual
1701886882.3600526,Visual
1701886882.3934429,Visual
1701886882.460223,Visual
1701886882.4936128,Visual
1701886882.5270038,Visual
1701886882.5603938,Visual
1701886882.593785,Visual
1701886882.6271756,Visual
1701886882.6605673,Visual
1701886882.693958,Visual
1701886882.72735,Visual
1701886882.7607412,Visual
1701886882.7941337,Visual
1701886882.8609178,Visual
1701886883.3282444,Visual
1701886883.361624,Visual
1701886883.6954317,Visual
1701886883.7288132,Visual
1701886883.7621942,Visual
1701886883.795576,Visual
1701886883.828957,Visual
1701886883.8623393,Visual
1701886883.8957205,Visual
1701886883.9290984,Visual
1701886883.9624562,Visual
1701886884.0291517,Visual
1701886884.0624995,Visual
1701886884.0958464,Visual
1701886884.1291945,Visual
1701886884.1958883,Visual
1701886884.262582,Visual
1701886884.2959282,Visual
1701886884.3292751,Visual
1701886884.362621,Visual
1701886884.3959675,Visual
1701886884.4293134,Visual
1701886884.4626598,Visual
1701886884.4960053,Visual
1701886884.5293517,Visual
1701886884.5626967,Visual
1701886884.5960429,Visual
1701886884.629388,Visual
1701886884.6627336,Visual
1701886884.6960783,Visual
1701886884.7294238,Visual
1701886884.7627685,Visual
1701886884.7961135,Visual
1701886884.8294578,Visual
1701886884.862803,Visual
1701886884.896147,Visual
1701886884.9294918,Visual
1701886884.9628038,Visual
1701886884.996092,Visual
1701886885.0293784,Visual
1701886885.0626657,Visual
1701886885.0959508,Visual
1701886885.1292372,Visual
1701886885.1625216,Visual
1701886885.1958065,Visual
1701886885.2290895,Visual
1701886885.2623737,Visual
1701886885.2956562,Visual
1701886885.328939,Visual
1701886885.395502,Visual
1701886885.4287827,Visual
1701886885.4620636,Visual
1701886885.4953427,Visual
1701886885.5286226,Visual
1701886885.5619009,Visual
1701886885.5951796,Visual
1701886885.6284568,Visual
1701886887.9603903,Visual
1701886888.0602326,Visual
1701886890.2929077,Visual
1701886890.3262582,Visual
1701886890.3596082,Visual
1701886890.3929586,Visual
1701886890.4263082,Visual
1701886890.4930077,Visual
1701886890.5263577,Visual
1701886890.5597064,Visual
1701886890.5930564,Visual
1701886890.626405,Visual
1701886890.6597545,Visual
1701886890.6931028,Visual
1701886890.726452,Visual
1701886890.7598,Visual
1701886890.793149,Visual
1701886890.8264966,Visual
1701886890.8598452,Visual
1701886890.8931923,Visual
1701886890.926541,Visual
1701886890.9598882,Visual
1701886890.9932334,Visual
1701886891.026576,Visual
1701886891.0599194,Visual
1701886891.1266046,Visual
1701886891.1599462,Visual
1701886891.1932888,Visual
1701886891.2266302,Visual
1701886891.259972,Visual
1701886891.2933133,Visual
1701886891.326655,Visual
1701886891.3599954,Visual
1701886891.3933368,Visual
1701886891.4266765,Visual
1701886891.4933572,Visual
1701886891.5266974,Visual
1701886891.560037,Visual
1701886891.5933766,Visual
1701886891.6267154,Visual
1701886891.660055,Visual
1701886891.693393,Visual
1701886891.7267325,Visual
1701886891.76007,Visual
1701886891.7934089,Visual
1701886891.8267462,Visual
1701886891.8600843,Visual
1701886891.8934216,Visual
1701886891.960096,Visual
1701886891.9934192,Visual
1701886892.026721,Visual
1701886892.093325,Visual
1701886892.1599278,Visual
1701886892.22653,Visual
1701886892.2598312,Visual
1701886892.2931314,Visual
1701886892.3264325,Visual
1701886892.359732,Visual
1701886892.3930326,Visual
1701886892.4263318,Visual
1701886892.459632,Visual
1701886892.492931,Visual
1701886892.5262306,Visual
1701886892.5595288,Visual
1701886892.592828,Visual
1701886892.6261263,Visual
1701886892.659425,Visual
1701886892.6927226,Visual
1701886892.726021,Visual
1701886892.7593184,Visual
1701886892.7926164,Visual
1701886892.8259132,Visual
1701886892.859211,Visual
1701886892.8925073,Visual
1701886892.9258044,Visual
1701886892.9591002,Visual
1701886892.9924078,Visual
1701886893.0257163,Visual
1701886893.0590265,Visual
1701886893.092335,Visual
1701886893.1256444,Visual
1701886893.158953,Visual
1701886893.1922622,Visual
1701886893.2255702,Visual
1701886893.2588792,Visual
1701886893.292187,Visual
1701886893.3254955,Visual
1701886893.3588033,Visual
1701886893.3921115,Visual
1701886893.4254189,Visual
1701886893.4587271,Visual
1701886893.5253415,Visual
1701886893.5586483,Visual
1701886893.591956,Visual
1701886893.6252625,Visual
1701886893.6585696,Visual
1701886893.6918757,Visual
1701886893.7251823,Visual
1701886895.2270696,Visual
1701886895.260417,Visual
1701886895.2937634,Visual
1701886895.3271108,Visual
1701886895.3938053,Visual
1701886895.427152,Visual
1701886895.4604998,Visual
1701886895.527195,Visual
1701886895.5605423,Visual
1701886895.593891,Visual
1701886895.627238,Visual
1701886895.6605866,Visual
1701886895.6939344,Visual
1701886895.727283,Visual
1701886895.7606308,Visual
1701886895.7939796,Visual
1701886895.827328,Visual
1701886895.894025,Visual
1701886895.9273748,Visual
1701886895.9607234,Visual
1701886895.994073,Visual
1701886896.0274217,Visual
1701886896.0607524,Visual
1701886896.0940728,Visual
1701886896.1607144,Visual
1701886896.1940353,Visual
1701886896.2273557,Visual
1701886896.2606769,Visual
1701886896.2939968,Visual
1701886896.327318,Visual
1701886896.3606377,Visual
1701886896.3939588,Visual
1701886896.4272785,Visual
1701886896.4605994,Visual
1701886896.4939191,Visual
1701886896.52724,Visual
1701886896.5938804,Visual
1701886896.6272,Visual
1701886896.6605206,Visual
1701886896.6938398,Visual
1701886896.7271605,Visual
1701886896.7604797,Visual
1701886896.7938004,Visual
1701886896.8271196,Visual
1701886896.8604398,Visual
1701886896.893759,Visual
1701886896.9270794,Visual
1701886896.9603984,Visual
1701886896.9937186,Visual
1701886897.0270376,Visual
1701886897.060336,Visual
1701886897.093621,Visual
1701886897.1269069,Visual
1701886897.1601908,Visual
1701886897.2267587,Visual
1701886897.2600422,Visual
1701886897.2933242,Visual
1701886897.3266068,Visual
1701886897.3598876,Visual
1701886897.3931692,Visual
1701886897.426449,Visual
1701886897.4597292,Visual
1701886897.493008,Visual
1701886897.5262873,Visual
1701886897.559565,Visual
1701886897.5928433,Visual
1701886897.62612,Visual
1701886897.6593971,Visual
1701886897.692673,Visual
1701886897.725949,Visual
1701886897.7592237,Visual
1701886897.7924984,Visual
1701886897.825772,Visual
1701886897.859046,Visual
1701886897.892318,Visual
1701886897.925591,Visual
1701886897.9588623,Visual
1701886897.9921343,Visual
1701886898.0254045,Visual
1701886898.0587184,Visual
1701886898.0920477,Visual
1701886898.1587062,Visual
1701886898.2253652,Visual
1701886898.2586954,Visual
1701886898.2920244,Visual
1701886898.3253546,Visual
1701886898.3586836,Visual
1701886898.392014,Visual
1701886898.425343,Visual
1701886898.4586732,Visual
1701886898.4920027,Visual
1701886898.525333,Visual
1701886898.5919926,Visual
1701886898.625322,Visual
1701886898.6586523,Visual
1701886898.6919825,Visual
1701886898.7253125,Visual
1701886898.7586422,Visual
1701886898.7919726,Visual
1701886898.858633,Visual
1701886898.8919623,Visual
1701886898.9252934,Visual
1701886898.958623,Visual
1701886898.9919538,Visual
1701886899.0252836,Visual
1701886899.0586195,Visual
1701886899.0919557,Visual
1701886899.125293,Visual
1701886899.1586294,Visual
1701886899.1919668,Visual
1701886899.2253034,Visual
1701886899.258641,Visual
1701886899.291978,Visual
1701886899.325316,Visual
1701886899.358653,Visual
1701886899.391991,Visual
1701886899.4253285,Visual
1701886899.4586666,Visual
1701886899.492004,Visual
1701886899.5253425,Visual
1701886899.55868,Visual
1701886899.5920188,Visual
1701886899.6253564,Visual
1701886899.6586952,Visual
1701886899.6920335,Visual
1701886899.7253726,Visual
1701886899.8253882,Visual
1701886899.8587277,Visual
1701886900.0920885,Visual
1701886900.158751,Visual
1701886900.192083,Visual
1701886900.2254136,Visual
1701886900.2587454,Visual
1701886900.292076,Visual
1701886900.358739,Visual
1701886900.4254014,Visual
1701886900.458733,Visual
1701886900.4920638,Visual
1701886900.5253954,Visual
1701886900.5587263,Visual
1701886900.5920582,Visual
1701886900.6253886,Visual
1701886900.6587205,Visual
1701886900.6920512,Visual
1701886900.7253828,Visual
1701886900.7587135,Visual
1701886900.792045,Visual
1701886900.825376,Visual
1701886900.8587074,Visual
1701886900.92537,Visual
1701886900.958701,Visual
1701886900.9920323,Visual
1701886901.0253627,Visual
1701886901.05871,Visual
1701886901.0920925,Visual
1701886901.125476,Visual
1701886901.1588583,Visual
1701886901.1922424,Visual
1701886901.2256253,Visual
1701886901.2590094,Visual
1701886901.2923925,Visual
1701886901.3257766,Visual
1701886901.3591602,Visual
1701886901.3925447,Visual
1701886901.425928,Visual
1701886901.459313,Visual
1701886901.492697,Visual
1701886901.526082,Visual
1701886901.5594664,Visual
1701886901.5928516,Visual
1701886901.6262362,Visual
1701886901.6596217,Visual
1701886901.6930065,Visual
1701886901.726392,Visual
1701886901.759777,Visual
1701886902.0268655,Visual
1701886902.1270745,Visual
1701886902.1604943,Visual
1701886902.193916,Visual
1701886902.2273371,Visual
1701886902.2607598,Visual
1701886902.2941823,Visual
1701886902.3276064,Visual
1701886902.36103,Visual
1701886902.3944554,Visual
1701886902.4278803,Visual
1701886902.4613068,Visual
1701886902.494733,Visual
1701886902.5281608,Visual
1701886902.5615883,Visual
1701886902.5950177,Visual
1701886902.6284463,Visual
1701886902.661877,Visual
1701886902.6953063,Visual
1701886902.7287383,Visual
1701886902.7621696,Visual
1701886902.7956026,Visual
1701886902.829035,Visual
1701886902.8624694,Visual
1701886902.895903,Visual
1701886902.9293387,Visual
1701886902.9627738,Visual
1701886902.9962103,Visual
1701886903.063085,Visual
1701886903.0964527,Visual
1701886903.163205,Visual
1701886903.2299566,Visual
1701886903.296709,Visual
1701886903.330086,Visual
1701886903.363462,Visual
1701886903.396839,Visual
1701886903.430215,Visual
1701886903.463592,Visual
1701886903.496968,Visual
1701886903.5303454,Visual
1701886903.5637217,Visual
1701886903.597099,Visual
1701886903.6304755,Visual
1701886903.663853,Visual
1701886903.6972294,Visual
1701886903.7306073,Visual
1701886903.763984,Visual
1701886903.797362,Visual
1701886903.8307388,Visual
1701886903.864117,Visual
1701886903.8974936,Visual
1701886903.9308715,Visual
1701886903.964249,Visual
1701886903.997627,Visual
1701886904.0310044,Visual
1701886904.0977032,Visual
1701886904.1309953,Visual
1701886904.164286,Visual
1701886904.230867,Visual
1701886904.297446,Visual
1701886904.3307357,Visual
1701886904.3640234,Visual
1701886904.3973117,Visual
1701886904.4305987,Visual
1701886904.463886,Visual
1701886904.497172,Visual
1701886904.5304582,Visual
1701886904.563743,Visual
1701886904.5970287,Visual
1701886904.6303127,Visual
1701886904.663597,Visual
1701886904.7301638,Visual
1701886904.763446,Visual
1701886904.7967286,Visual
1701886904.8300097,Visual
1701886904.863291,Visual
1701886904.8965714,Visual
1701886904.9298518,Visual
1701886904.9631312,Visual
1701886904.9964106,Visual
1701886905.029689,Visual
1701886905.0629675,Visual
1701886905.0962856,Visual
1701886905.1629548,Visual
1701886905.2296245,Visual
1701886905.26296,Visual
1701886905.2962945,Visual
1701886905.32963,Visual
1701886905.3629649,Visual
1701886905.3963006,Visual
1701886905.4296353,Visual
1701886905.4629712,Visual
1701886905.4963062,Visual
1701886905.5296423,Visual
1701886905.5629773,Visual
1701886905.5963137,Visual
1701886905.629649,Visual
1701886905.662985,Visual
1701886905.6963208,Visual
1701886905.7296572,Visual
1701886905.7629926,Visual
1701886905.7963293,Visual
1701886905.8296652,Visual
1701886905.863002,Visual
1701886905.896338,Visual
1701886905.9296749,Visual
1701886905.963011,Visual
1701886905.996348,Visual
1701886906.0296843,Visual
1701886906.0630214,Visual
1701886906.0963616,Visual
1701886906.129704,Visual
1701886906.163046,Visual
1701886906.1963887,Visual
1701886906.2297306,Visual
1701886906.263074,Visual
1701886906.3297596,Visual
1701886906.363102,Visual
1701886906.3964458,Visual
1701886906.4297886,Visual
1701886906.4631326,Visual
1701886906.496476,Visual
1701886906.52982,Visual
1701886906.5631635,Visual
1701886906.596508,Visual
1701886906.6298518,Visual
1701886906.6631966,Visual
1701886906.7965755,Visual
1701886906.8299198,Visual
1701886906.8632655,Visual
1701886906.8966105,Visual
1701886906.9299564,Visual
1701886906.9633014,Visual
1701886906.9966478,Visual
1701886907.029993,Visual
1701886907.06334,Visual
1701886907.0966957,Visual
1701886907.1300566,Visual
1701886907.1967788,Visual
1701886907.2301395,Visual
1701886907.263502,Visual
1701886907.2968636,Visual
1701886907.3302264,Visual
1701886907.3635883,Visual
1701886907.4303143,Visual
1701886907.463678,Visual
1701886907.4970417,Visual
1701886907.5304058,Visual
1701886907.5637696,Visual
1701886907.5971346,Visual
1701886907.630499,Visual
1701886907.6638646,Visual
1701886907.6972291,Visual
1701886907.730595,Visual
1701886907.7639606,Visual
1701886907.7973273,Visual
1701886907.8306932,Visual
1701886907.8640606,Visual
1701886907.897427,Visual
1701886907.9307947,Visual
1701886907.9641616,Visual
1701886907.99753,Visual
1701886908.0308974,Visual
1701886908.0642664,Visual
1701886908.0976334,Visual
1701886908.1310236,Visual
1701886908.1644132,Visual
1701886908.197804,Visual
1701886908.2311938,Visual
1701886908.264585,Visual
1701886908.2979753,Visual
1701886908.331367,Visual
1701886908.3647575,Visual
1701886908.3981495,Visual
1701886908.4315407,Visual
1701886908.464933,Visual
1701886908.4983244,Visual
1701886908.531717,Visual
1701886908.565109,Visual
1701886908.5985022,Visual
1701886908.6318944,Visual
1701886908.6652875,Visual
1701886908.6986804,Visual
1701886908.7320745,Visual
1701886908.7654672,Visual
1701886908.7988615,Visual
1701886908.8656497,Visual
1701886908.8990436,Visual
1701886908.9324384,Visual
1701886908.9658325,Visual
1701886908.999228,Visual
1701886909.0326226,Visual
1701886909.0660183,Visual
1701886909.099378,Visual
1701886910.365201,Visual
1701886910.398552,Visual
1701886910.4319022,Visual
1701886910.4652536,Visual
1701886910.4986043,Visual
1701886910.531956,Visual
1701886910.5653071,Visual
1701886910.5986595,Visual
1701886910.632011,Visual
1701886910.6987154,Visual
1701886910.7320683,Visual
1701886910.765421,Visual
1701886910.7987745,Visual
1701886910.8321269,Visual
1701886910.865481,Visual
1701886910.898834,Visual
1701886910.9321885,Visual
1701886910.9655418,Visual
1701886910.9988966,Visual
1701886911.0322504,Visual
1701886911.0656056,Visual
1701886911.09895,Visual
1701886911.1322803,Visual
1701886911.1656094,Visual
1701886911.1989396,Visual
1701886911.2322683,Visual
1701886911.265598,Visual
1701886911.298927,Visual
1701886911.3322566,Visual
1701886911.365585,Visual
1701886911.3989146,Visual
1701886911.432243,Visual
1701886911.4655724,Visual
1701886911.5322297,Visual
1701886911.565558,Visual
1701886911.598887,Visual
1701886911.6655438,Visual
1701886911.6988714,Visual
1701886911.7322,Visual
1701886911.7655275,Visual
1701886911.8321836,Visual
1701886911.865512,Visual
1701886911.8988397,Visual
1701886911.9321675,Visual
1701886911.9654946,Visual
1701886911.9988227,Visual
1701886912.0321496,Visual
1701886912.0988011,Visual
1701886912.1654327,Visual
1701886912.1987486,Visual
1701886912.2320633,Visual
1701886912.2653787,Visual
1701886912.2986927,Visual
1701886912.3320076,Visual
1701886912.3653212,Visual
1701886912.3986354,Visual
1701886912.4319484,Visual
1701886912.4652622,Visual
1701886912.4985747,Visual
1701886912.531888,Visual
1701886912.5985124,Visual
1701886912.6318238,Visual
1701886912.665136,Visual
1701886912.6984468,Visual
1701886912.7317584,Visual
1701886912.7650683,Visual
1701886912.7983797,Visual
1701886912.8316894,Visual
1701886912.865,Visual
1701886912.898309,Visual
1701886912.9316192,Visual
1701886912.9649277,Visual
1701886912.9982371,Visual
1701886913.0315452,Visual
1701886913.064854,Visual
1701886913.0981648,Visual
1701886913.1314812,Visual
1701886913.1981122,Visual
1701886913.2314267,Visual
1701886913.264742,Visual
1701886913.298056,Visual
1701886913.331371,Visual
1701886913.3646846,Visual
1701886913.3979988,Visual
1701886913.4313118,Visual
1701886913.4646254,Visual
1701886913.4979377,Visual
1701886913.5312507,Visual
1701886913.5645628,Visual
1701886913.5978754,Visual
1701886913.6311865,Visual
1701886913.6644986,Visual
1701886913.6978092,Visual
1701886913.7311208,Visual
1701886913.7644312,Visual
1701886913.797742,Visual
1701886913.8310518,Visual
1701886913.864362,Visual
1701886913.8976712,Visual
1701886913.930981,Visual
1701886913.9642897,Visual
1701886913.997599,Visual
1701886914.030907,Visual
1701886914.0642157,Visual
1701886914.0975268,Visual
1701886914.130843,Visual
1701886914.164158,Visual
1701886914.1974738,Visual
1701886914.2307882,Visual
1701886914.2641037,Visual
1701886914.2974176,Visual
1701886914.330732,Visual
1701886914.3640456,Visual
1701886914.3973598,Visual
1701886914.4306726,Visual
1701886914.4639864,Visual
1701886914.4972985,Visual
1701886914.5306115,Visual
1701886914.5639234,Visual
1701886914.597236,Visual
1701886914.630547,Visual
1701886914.6638591,Visual
1701886914.6971698,Visual
1701886914.7304811,Visual
1701886914.763791,Visual
1701886914.797102,Visual
1701886914.8304117,Visual
1701886914.8637218,Visual
1701886914.897031,Visual
1701886914.9303403,Visual
1701886914.9636493,Visual
1701886914.9969585,Visual
1701886915.0302663,Visual
1701886915.063575,Visual
1701886915.0968857,Visual
1701886915.1635172,Visual
1701886915.1968331,Visual
1701886915.2301476,Visual
1701886915.263463,Visual
1701886915.296777,Visual
1701886915.3634052,Visual
1701886915.3967197,Visual
1701886915.4300325,Visual
1701886915.463346,Visual
1701886915.4966586,Visual
1701886915.5299714,Visual
1701886915.5632832,Visual
1701886915.596596,Visual
1701886915.6299071,Visual
1701886915.6632192,Visual
1701886915.69653,Visual
1701886915.7298412,Visual
1701886915.7631516,Visual
1701886915.7964623,Visual
1701886915.829772,Visual
1701886915.8630822,Visual
1701886915.8963916,Visual
1701886915.929701,Visual
1701886915.9630098,Visual
1701886915.996319,Visual
1701886916.0629358,Visual
1701886916.0962465,Visual
1701886916.129563,Visual
1701886916.162878,Visual
1701886916.1961937,Visual
1701886916.2295084,Visual
1701886916.2628236,Visual
1701886916.296137,Visual
1701886916.3294518,Visual
1701886916.3627653,Visual
1701886916.3960795,Visual
1701886916.4293923,Visual
1701886916.462706,Visual
1701886916.4960182,Visual
1701886916.529331,Visual
1701886916.5626428,Visual
1701886916.5959554,Visual
1701886916.6292665,Visual
1701886916.6625783,Visual
1701886916.6958892,Visual
1701886916.7292004,Visual
1701886916.7625103,Visual
1701886916.7958212,Visual
1701886916.829131,Visual
1701886916.862441,Visual
1701886916.89575,Visual
1701886916.9290595,Visual
1701886916.9623682,Visual
1701886916.9956777,Visual
1701886917.062294,Visual
1701886917.0956194,Visual
1701886917.128978,Visual
1701886917.195695,Visual
1701886917.2290533,Visual
1701886917.2624128,Visual
1701886917.2957718,Visual
1701886917.3291318,Visual
1701886917.3624911,Visual
1701886917.395852,Visual
1701886917.429212,Visual
1701886917.4625735,Visual
1701886917.529296,Visual
1701886917.5626569,Visual
1701886917.5960195,Visual
1701886917.6293814,Visual
1701886917.662744,Visual
1701886917.6961064,Visual
1701886917.72947,Visual
1701886917.762833,Visual
1701886917.796197,Visual
1701886917.8295605,Visual
1701886917.862925,Visual
1701886917.896289,Visual
1701886917.9296544,Visual
1701886917.963019,Visual
1701886917.9963849,Visual
1701886918.02975,Visual
1701886918.0631163,Visual
1701886918.0964818,Visual
1701886918.1298487,Visual
1701886918.163215,Visual
1701886918.1965826,Visual
1701886919.6650298,Visual
1701886919.6984096,Visual
1701886919.7317908,Visual
1701886919.7651715,Visual
1701886919.7985537,Visual
1701886919.8319352,Visual
1701886919.865318,Visual
1701886919.8987005,Visual
1701886919.9320843,Visual
1701886919.9654672,Visual
1701886919.998852,Visual
1701886920.0656214,Visual
1701886920.0989828,Visual
1701886920.1323218,Visual
1701886920.1656594,Visual
1701886920.198998,Visual
1701886920.2323358,Visual
1701886920.265674,Visual
1701886920.2990117,Visual
1701886920.3323498,Visual
1701886920.3656874,Visual
1701886920.3990254,Visual
1701886920.4323623,Visual
1701886920.4990373,Visual
1701886920.532375,Visual
1701886920.5657122,Visual
1701886920.5990498,Visual
1701886920.665724,Visual
1701886920.6990604,Visual
1701886920.732398,Visual
1701886920.7657344,Visual
1701886920.7990716,Visual
1701886920.8657448,Visual
1701886920.8990808,Visual
1701886920.932418,Visual
1701886920.9657538,Visual
1701886920.999091,Visual
1701886921.0324264,Visual
1701886921.065763,Visual
1701886921.132439,Visual
1701886921.165777,Visual
1701886921.1991158,Visual
1701886921.2324536,Visual
1701886921.265792,Visual
1701886921.2991302,Visual
1701886921.3324685,Visual
1701886921.365806,Visual
1701886921.3991446,Visual
1701886921.432482,Visual
1701886921.4658203,Visual
1701886921.4991574,Visual
1701886921.5324955,Visual
1701886921.5658329,Visual
1701886921.599171,Visual
1701886921.6325078,Visual
1701886921.6658456,Visual
1701886921.7325203,Visual
1701886921.765857,Visual
1701886921.7991943,Visual
1701886921.832531,Visual
1701886921.8658683,Visual
1701886921.8992045,Visual
1701886921.932542,Visual
1701886921.9658782,Visual
1701886921.9992154,Visual
1701886922.0325513,Visual
1701886922.0658884,Visual
1701886922.0992332,Visual
1701886922.1326504,Visual
1701886922.166067,Visual
1701886922.199485,Visual
1701886922.2663212,Visual
1701886922.3331594,Visual
1701886922.3665786,Visual
1701886922.3999994,Visual
1701886922.4668407,Visual
1701886922.5002618,Visual
1701886922.533684,Visual
1701886922.567106,Visual
1701886922.6339517,Visual
1701886922.6673758,Visual
1701886922.700799,Visual
1701886922.734224,Visual
1701886922.7676485,Visual
1701886922.8010745,Visual
1701886922.8344994,Visual
1701886922.867926,Visual
1701886922.9013522,Visual
1701886922.9347794,Visual
1701886922.9682064,Visual
1701886923.0016346,Visual
1701886923.0350623,Visual
1701886923.0684917,Visual
1701886923.10191,Visual
1701886923.1352477,Visual
1701886923.1685843,Visual
1701886923.2019217,Visual
1701886923.235258,Visual
1701886923.2685957,Visual
1701886923.3019316,Visual
1701886923.3352687,Visual
1701886923.368605,Visual
1701886923.4019425,Visual
1701886923.4352782,Visual
1701886923.468615,Visual
1701886923.501951,Visual
1701886923.535288,Visual
1701886923.5686235,Visual
1701886923.635296,Visual
1701886923.6686325,Visual
1701886923.7019682,Visual
1701886923.7353046,Visual
1701886923.76864,Visual
1701886923.801977,Visual
1701886923.8353117,Visual
1701886923.868648,Visual
1701886923.9019833,Visual
1701886923.9353194,Visual
1701886924.0686617,Visual
1701886924.1019993,Visual
1701886924.135374,Visual
1701886924.202124,Visual
1701886924.235499,Visual
1701886924.7028008,Visual
1701886924.7361834,Visual
1701886924.769565,Visual
1701886924.8029485,Visual
1701886924.8363311,Visual
1701886924.8697152,Visual
1701886924.9030988,Visual
1701886924.936484,Visual
1701886924.9698682,Visual
1701886925.0032542,Visual
1701886925.0366397,Visual
1701886925.070026,Visual
1701886925.1034093,Visual
1701886925.1367488,Visual
1701886925.1700876,Visual
1701886925.2034273,Visual
1701886925.2367656,Visual
1701886925.2701051,Visual
1701886925.3034437,Visual
1701886925.3367827,Visual
1701886925.370121,Visual
1701886925.4034605,Visual
1701886925.4367983,Visual
1701886925.4701374,Visual
1701886925.5034754,Visual
1701886925.5368142,Visual
1701886925.570152,Visual
1701886925.603491,Visual
1701886925.636829,Visual
1701886925.6701672,Visual
1701886925.7035048,Visual
1701886925.736843,Visual
1701886925.7701807,Visual
1701886925.803519,Visual
1701886925.8368564,Visual
1701886925.870195,Visual
1701886925.9035318,Visual
1701886925.93687,Visual
1701886925.970207,Visual
1701886926.0035448,Visual
1701886926.036882,Visual
1701886926.0702198,Visual
1701886926.1368964,Visual
1701886926.1702354,Visual
1701886926.2035751,Visual
1701886926.236914,Visual
1701886926.2702534,Visual
1701886926.3035915,Visual
1701886926.3369317,Visual
1701886926.3702698,Visual
1701886926.403609,Visual
1701886926.436947,Visual
1701886926.4702866,Visual
1701886926.503625,Visual
1701886926.5369637,Visual
1701886926.5703018,Visual
1701886926.6036406,Visual
1701886926.6369786,Visual
1701886926.6703174,Visual
1701886926.703655,Visual
1701886926.7369936,Visual
1701886926.7703314,Visual
1701886926.8036697,Visual
1701886926.8370073,Visual
1701886926.8703456,Visual
1701886926.903683,Visual
1701886926.9370213,Visual
1701886926.9703584,Visual
1701886927.0036964,Visual
1701886927.0370338,Visual
1701886927.103711,Visual
1701886927.1370509,Visual
1701886927.17039,Visual
1701886927.2037296,Visual
1701886928.5374217,Visual
1701886928.5707698,Visual
1701886928.6041193,Visual
1701886928.637468,Visual
1701886928.7041662,Visual
1701886928.737516,Visual
1701886928.7708642,Visual
1701886928.8042138,Visual
1701886928.8375626,Visual
1701886928.870912,Visual
1701886928.9042604,Visual
1701886928.93761,Visual
1701886928.9709587,Visual
1701886929.0043085,Visual
1701886929.0376568,Visual
1701886929.0710063,Visual
1701886929.1043546,Visual
1701886929.1377044,Visual
1701886929.171042,Visual
1701886929.2043805,Visual
1701886929.237718,Visual
1701886929.2710564,Visual
1701886929.3043938,Visual
1701886929.3377318,Visual
1701886929.3710692,Visual
1701886929.4044073,Visual
1701886929.4377444,Visual
1701886929.4710822,Visual
1701886930.471197,Visual
1701886930.5045338,Visual
1701886930.5712085,Visual
1701886930.604546,Visual
1701886930.6378827,Visual
1701886930.6712203,Visual
1701886930.704557,Visual
1701886930.7378943,Visual
1701886930.7712307,Visual
1701886930.804568,Visual
1701886930.8379042,Visual
1701886930.8712416,Visual
1701886930.9379146,Visual
1701886930.9712503,Visual
1701886931.0045872,Visual
1701886931.0379229,Visual
1701886931.0712595,Visual
1701886931.1045952,Visual
1701886931.1379318,Visual
1701886931.1712694,Visual
1701886931.2379456,Visual
1701886931.271284,Visual
1701886931.3046212,Visual
1701886931.3379598,Visual
1701886931.371297,Visual
1701886931.404635,Visual
1701886931.437972,Visual
1701886931.47131,Visual
1701886931.504647,Visual
1701886931.5379848,Visual
1701886931.5713215,Visual
1701886931.604659,Visual
1701886931.6713336,Visual
1701886931.70467,Visual
1701886931.7380073,Visual
1701886931.7713437,Visual
1701886931.8046806,Visual
1701886931.8380167,Visual
1701886931.871354,Visual
1701886931.938027,Visual
1701886931.9713628,Visual
1701886932.0046997,Visual
1701886932.0380352,Visual
1701886932.0713718,Visual
1701886932.1047072,Visual
1701886932.1713817,Visual
1701886932.238058,Visual
1701886932.2713962,Visual
1701886932.304734,Visual
1701886932.338072,Visual
1701886932.3714094,Visual
1701886932.4047475,Visual
1701886932.4380846,Visual
1701886932.471423,Visual
1701886932.5047598,Visual
1701886932.5380976,Visual
1701886932.5714345,Visual
1701886932.6047723,Visual
1701886932.638109,Visual
1701886932.8381305,Visual
1701886932.8714676,Visual
1701886932.9048035,Visual
1701886933.2048345,Visual
1701886933.238172,Visual
1701886933.2715106,Visual
1701886933.3048482,Visual
1701886933.3381865,Visual
1701886933.3715236,Visual
1701886933.4048622,Visual
1701886933.4381993,Visual
1701886933.471537,Visual
1701886933.5048742,Visual
1701886933.538212,Visual
1701886933.5715492,Visual
1701886933.6048868,Visual
1701886933.6382234,Visual
1701886933.671561,Visual
1701886933.7048976,Visual
1701886933.738235,Visual
1701886933.7715716,Visual
1701886933.804909,Visual
1701886933.8382452,Visual
1701886933.8715825,Visual
1701886933.9049184,Visual
1701886933.9382553,Visual
1701886933.9715912,Visual
1701886934.0382638,Visual
1701886934.071601,Visual
1701886934.1049364,Visual
1701886934.138273,Visual
1701886934.1716113,Visual
1701886934.2049503,Visual
1701886934.2382886,Visual
1701886934.2716274,Visual
1701886934.3049655,Visual
1701886934.3383043,Visual
1701886934.3716424,Visual
1701886934.404981,Visual
1701886934.4383185,Visual
1701886934.4716573,Visual
1701886934.5049949,Visual
1701886934.5383332,Visual
1701886934.5716708,Visual
1701886934.605009,Visual
1701886934.6383462,Visual
1701886934.6716845,Visual
1701886934.7050214,Visual
1701886934.7383597,Visual
1701886934.7716963,Visual
1701886934.8050342,Visual
1701886934.838371,Visual
1701886934.8717086,Visual
1701886934.9050455,Visual
1701886934.9717195,Visual
1701886935.0050569,Visual
1701886935.0717306,Visual
1701886935.1050668,Visual
1701886935.138404,Visual
1701886935.1717837,Visual
1701886935.2052114,Visual
1701886935.2386386,Visual
1701886935.2720673,Visual
1701886935.3054955,Visual
1701886935.3389254,Visual
1701886935.3723545,Visual
1701886935.405785,Visual
1701886935.4392157,Visual
1701886935.4726472,Visual
1701886935.5060785,Visual
1701886935.539511,Visual
1701886935.5729432,Visual
1701886935.6063766,Visual
1701886935.63981,Visual
1701886935.6732447,Visual
1701886935.7066786,Visual
1701886935.7401142,Visual
1701886935.7735493,Visual
1701886935.806986,Visual
1701886935.8404222,Visual
1701886935.8738596,Visual
1701886935.907297,Visual
1701886935.940735,Visual
1701886935.9741733,Visual
1701886936.007613,Visual
1701886936.041052,Visual
1701886936.1079326,Visual
1701886936.141374,Visual
1701886936.1747644,Visual
1701886936.2080956,Visual
1701886936.2414255,Visual
1701886936.2747564,Visual
1701886936.374746,Visual
1701886936.4414055,Visual
1701886936.4747353,Visual
1701886936.5080645,Visual
1701886936.541394,Visual
1701886936.5747228,Visual
1701886936.608052,Visual
1701886936.64138,Visual
1701886936.674709,Visual
1701886936.7080374,Visual
1701886936.741366,Visual
1701886936.774694,Visual
1701886936.8080225,Visual
1701886936.8413496,Visual
1701886936.874678,Visual
1701886936.908005,Visual
1701886936.941333,Visual
1701886937.0079873,Visual
1701886937.041314,Visual
1701886937.0746417,Visual
1701886937.1079676,Visual
1701886937.1412945,Visual
1701886937.1746335,Visual
1701886937.2080414,Visual
1701886937.2414486,Visual
1701886937.2748575,Visual
1701886937.3082652,Visual
1701886937.3416746,Visual
1701886937.375083,Visual
1701886937.4084933,Visual
1701886937.4419024,Visual
1701886939.244911,Visual
1701886939.27832,Visual
1701886939.3117287,Visual
